,Unnamed: 0,Model,Prompt,Keywords,Type,Emotion,V,A,D,Valence,Arousal,Dominance,Emoji,Full_Prompt,Output
0,0,gpt_4,conversation,"morning, cat, wake",Emotion,grateful,,,,,,,,,
1,1,gpt_4,conversation,"morning, cat, wake",Emotion,joyful,,,,,,,,,
2,2,gpt_4,conversation,"morning, cat, wake",Emotion,content,,,,,,,,,
3,3,gpt_4,conversation,"morning, cat, wake",Emotion,surprised,,,,,,,,,
4,4,gpt_4,conversation,"morning, cat, wake",Emotion,excited,,,,,,,,,
5,5,gpt_4,conversation,"morning, cat, wake",Emotion,impressed,,,,,,,,,
6,6,gpt_4,conversation,"morning, cat, wake",Emotion,proud,,,,,,,,,
7,7,gpt_4,conversation,"morning, cat, wake",Emotion,anxious,,,,,,,,,
8,8,gpt_4,conversation,"morning, cat, wake",Emotion,afraid,,,,,,,,,
9,9,gpt_4,conversation,"morning, cat, wake",Emotion,terrified,,,,,,,,,
10,10,gpt_4,conversation,"morning, cat, wake",Emotion,annoyed,,,,,,,,,
11,11,gpt_4,conversation,"morning, cat, wake",Emotion,angry,,,,,,,,,
12,12,gpt_4,conversation,"morning, cat, wake",Emotion,furious,,,,,,,,,
13,13,gpt_4,conversation,"morning, cat, wake",Emotion,sad,,,,,,,,,
14,14,gpt_4,conversation,"morning, cat, wake",Emotion,devastated,,,,,,,,,
15,15,gpt_4,conversation,"morning, cat, wake",Emotion,ashamed,,,,,,,,,
16,16,gpt_4,conversation,"morning, cat, wake",Emotion,embarrassed,,,,,,,,,
17,17,gpt_4,conversation,"morning, cat, wake",Emotion,guilty,,,,,,,,,
18,18,gpt_4,conversation,"morning, cat, wake",VAD,grateful,,,,Very High Valence,Moderate Arousal,Low Dominance,,,
19,19,gpt_4,conversation,"morning, cat, wake",VAD,joyful,,,,Very High Valence,High Arousal,High Dominance,,,
20,20,gpt_4,conversation,"morning, cat, wake",VAD,content,,,,Very High Valence,High Arousal,Very High Dominance,,,
21,21,gpt_4,conversation,"morning, cat, wake",VAD,surprised,,,,High Valence,Very High Arousal,Moderate Dominance,,,
22,22,gpt_4,conversation,"morning, cat, wake",VAD,excited,,,,Very High Valence,Very High Arousal,High Dominance,,,
23,23,gpt_4,conversation,"morning, cat, wake",VAD,impressed,,,,High Valence,High Arousal,Low Dominance,,,
24,24,gpt_4,conversation,"morning, cat, wake",VAD,proud,,,,Very High Valence,High Arousal,Very High Dominance,,,
25,25,gpt_4,conversation,"morning, cat, wake",VAD,anxious,,,,Moderate Valence,High Arousal,Moderate Dominance,,,
26,26,gpt_4,conversation,"morning, cat, wake",VAD,afraid,,,,Very Low Valence,Very High Arousal,Low Dominance,,,
27,27,gpt_4,conversation,"morning, cat, wake",VAD,terrified,,,,Very Low Valence,Very High Arousal,Low Dominance,,,
28,28,gpt_4,conversation,"morning, cat, wake",VAD,annoyed,,,,Low Valence,Moderate Arousal,Moderate Dominance,,,
29,29,gpt_4,conversation,"morning, cat, wake",VAD,angry,,,,Low Valence,High Arousal,High Dominance,,,
30,30,gpt_4,conversation,"morning, cat, wake",VAD,furious,,,,Low Valence,Very High Arousal,High Dominance,,,
31,31,gpt_4,conversation,"morning, cat, wake",VAD,sad,,,,Very Low Valence,Low Arousal,Low Dominance,,,
32,32,gpt_4,conversation,"morning, cat, wake",VAD,devastated,,,,Moderate Valence,High Arousal,Low Dominance,,,
33,33,gpt_4,conversation,"morning, cat, wake",VAD,ashamed,,,,Low Valence,Mid Arousal,Low Dominance,,,
34,34,gpt_4,conversation,"morning, cat, wake",VAD,embarrassed,,,,Low Valence,High Arousal,Low Dominance,,,
35,35,gpt_4,conversation,"morning, cat, wake",VAD,guilty,,,,Low Valence,High Arousal,Low Dominance,,,
36,36,gpt_4,conversation,"morning, cat, wake",VAD_Numeric,grateful,2.0,0.0,-2.0,,,,,"Valence refers to the intrinsic attractiveness or averseness of an event, object, or situation. In the context of emotions in text, valence represents the positivity or negativity of the emotion expressed. For example, words like ""happy,"" ""joyful,"" or ""excited"" have positive valence, whereas words like ""sad,"" ""angry,"" or ""frustrated"" have negative valence.
It essentially measures the degree of pleasantness or unpleasantness of the emotion.              

Arousal indicates the level of alertness, excitement, or energy associated with an emotion. It ranges from high arousal (e.g., excitement, anger) to low arousal (e.g., calm, boredom). In text, high-arousal words might include ""thrilled,"" ""furious,"" or ""ecstatic,"" while low-arousal words could be ""relaxed,"" ""content,"" or ""lethargic.""
This dimension measures how stimulating or soothing the emotional state is.

Dominance reflects the degree of control, influence, or power that one feels in a particular emotional state. High dominance implies feelings of control and empowerment, while low dominance suggests feelings of submissiveness or lack of control. In text, emotions like ""confident,"" ""powerful,"" or ""authoritative"" would have high dominance, whereas ""helpless,"" ""weak,"" or ""submissive"" would have low dominance.
It gauges the extent to which an individual feels in control or overpowered by the emotion.

Now, assume you are a normal human. Say a line of natural dialogue based on the given keywords. Just add connective words and do not add any new information to the output sentence.

For example: 

Emotion: Very High Valence, High Arousal, Very High Dominance
Keywords: 'running', 'marathon', 'first'
Dialogue: Running my first marathon felt like such a huge accomplishment!

Emotion: Very Low Valence, Low Arousal, Low Dominance
Keywords: 'banana', 'plant', 'brown'
Dialogue: It really sucks that my banana plant is turning brown

Emotion: Very High Valence, Very High Arousal, High Dominance
Keywords: ""visit"", ""parents"", ""month""
Dialogue: I'm finally going to visit my parents next month!

Now, respond to the following:
Emotion: 2, 0, and -2.
Keywords: 'morning', 'cat', 'wake'
Dialogue:","In the morning, my cat will wake me up."
37,37,gpt_4,conversation,"morning, cat, wake",VAD_Numeric,joyful,4.0,1.0,1.0,,,,,"Valence refers to the intrinsic attractiveness or averseness of an event, object, or situation. In the context of emotions in text, valence represents the positivity or negativity of the emotion expressed. For example, words like ""happy,"" ""joyful,"" or ""excited"" have positive valence, whereas words like ""sad,"" ""angry,"" or ""frustrated"" have negative valence.
It essentially measures the degree of pleasantness or unpleasantness of the emotion.              

Arousal indicates the level of alertness, excitement, or energy associated with an emotion. It ranges from high arousal (e.g., excitement, anger) to low arousal (e.g., calm, boredom). In text, high-arousal words might include ""thrilled,"" ""furious,"" or ""ecstatic,"" while low-arousal words could be ""relaxed,"" ""content,"" or ""lethargic.""
This dimension measures how stimulating or soothing the emotional state is.

Dominance reflects the degree of control, influence, or power that one feels in a particular emotional state. High dominance implies feelings of control and empowerment, while low dominance suggests feelings of submissiveness or lack of control. In text, emotions like ""confident,"" ""powerful,"" or ""authoritative"" would have high dominance, whereas ""helpless,"" ""weak,"" or ""submissive"" would have low dominance.
It gauges the extent to which an individual feels in control or overpowered by the emotion.

Now, assume you are a normal human. Say a line of natural dialogue based on the given keywords. Just add connective words and do not add any new information to the output sentence.

For example: 

Emotion: Very High Valence, High Arousal, Very High Dominance
Keywords: 'running', 'marathon', 'first'
Dialogue: Running my first marathon felt like such a huge accomplishment!

Emotion: Very Low Valence, Low Arousal, Low Dominance
Keywords: 'banana', 'plant', 'brown'
Dialogue: It really sucks that my banana plant is turning brown

Emotion: Very High Valence, Very High Arousal, High Dominance
Keywords: ""visit"", ""parents"", ""month""
Dialogue: I'm finally going to visit my parents next month!

Now, respond to the following:
Emotion: 4, 1, and 1.
Keywords: 'morning', 'cat', 'wake'
Dialogue:",I hate it when my cat wakes me up in the moring!
38,38,gpt_4,conversation,"morning, cat, wake",VAD_Numeric,content,4.0,0.0,4.0,,,,,"Valence refers to the intrinsic attractiveness or averseness of an event, object, or situation. In the context of emotions in text, valence represents the positivity or negativity of the emotion expressed. For example, words like ""happy,"" ""joyful,"" or ""excited"" have positive valence, whereas words like ""sad,"" ""angry,"" or ""frustrated"" have negative valence.
It essentially measures the degree of pleasantness or unpleasantness of the emotion.              

Arousal indicates the level of alertness, excitement, or energy associated with an emotion. It ranges from high arousal (e.g., excitement, anger) to low arousal (e.g., calm, boredom). In text, high-arousal words might include ""thrilled,"" ""furious,"" or ""ecstatic,"" while low-arousal words could be ""relaxed,"" ""content,"" or ""lethargic.""
This dimension measures how stimulating or soothing the emotional state is.

Dominance reflects the degree of control, influence, or power that one feels in a particular emotional state. High dominance implies feelings of control and empowerment, while low dominance suggests feelings of submissiveness or lack of control. In text, emotions like ""confident,"" ""powerful,"" or ""authoritative"" would have high dominance, whereas ""helpless,"" ""weak,"" or ""submissive"" would have low dominance.
It gauges the extent to which an individual feels in control or overpowered by the emotion.

Now, assume you are a normal human. Say a line of natural dialogue based on the given keywords. Just add connective words and do not add any new information to the output sentence.

For example: 

Emotion: Very High Valence, High Arousal, Very High Dominance
Keywords: 'running', 'marathon', 'first'
Dialogue: Running my first marathon felt like such a huge accomplishment!

Emotion: Very Low Valence, Low Arousal, Low Dominance
Keywords: 'banana', 'plant', 'brown'
Dialogue: It really sucks that my banana plant is turning brown

Emotion: Very High Valence, Very High Arousal, High Dominance
Keywords: ""visit"", ""parents"", ""month""
Dialogue: I'm finally going to visit my parents next month!

Now, respond to the following:
Emotion: 4, 0, and 4.
Keywords: 'morning', 'cat', 'wake'
Dialogue:",In the morring my cat will wake me up early.
39,39,gpt_4,conversation,"morning, cat, wake",VAD_Numeric,surprised,1.0,2.0,-2.0,,,,,"Valence refers to the intrinsic attractiveness or averseness of an event, object, or situation. In the context of emotions in text, valence represents the positivity or negativity of the emotion expressed. For example, words like ""happy,"" ""joyful,"" or ""excited"" have positive valence, whereas words like ""sad,"" ""angry,"" or ""frustrated"" have negative valence.
It essentially measures the degree of pleasantness or unpleasantness of the emotion.              

Arousal indicates the level of alertness, excitement, or energy associated with an emotion. It ranges from high arousal (e.g., excitement, anger) to low arousal (e.g., calm, boredom). In text, high-arousal words might include ""thrilled,"" ""furious,"" or ""ecstatic,"" while low-arousal words could be ""relaxed,"" ""content,"" or ""lethargic.""
This dimension measures how stimulating or soothing the emotional state is.

Dominance reflects the degree of control, influence, or power that one feels in a particular emotional state. High dominance implies feelings of control and empowerment, while low dominance suggests feelings of submissiveness or lack of control. In text, emotions like ""confident,"" ""powerful,"" or ""authoritative"" would have high dominance, whereas ""helpless,"" ""weak,"" or ""submissive"" would have low dominance.
It gauges the extent to which an individual feels in control or overpowered by the emotion.

Now, assume you are a normal human. Say a line of natural dialogue based on the given keywords. Just add connective words and do not add any new information to the output sentence.

For example: 

Emotion: Very High Valence, High Arousal, Very High Dominance
Keywords: 'running', 'marathon', 'first'
Dialogue: Running my first marathon felt like such a huge accomplishment!

Emotion: Very Low Valence, Low Arousal, Low Dominance
Keywords: 'banana', 'plant', 'brown'
Dialogue: It really sucks that my banana plant is turning brown

Emotion: Very High Valence, Very High Arousal, High Dominance
Keywords: ""visit"", ""parents"", ""month""
Dialogue: I'm finally going to visit my parents next month!

Now, respond to the following:
Emotion: 1, 2, and -2.
Keywords: 'morning', 'cat', 'wake'
Dialogue:","Ugh, every morring my cat decides to wake me up!"
40,40,gpt_4,conversation,"morning, cat, wake",VAD_Numeric,excited,2.0,4.0,1.0,,,,,"Valence refers to the intrinsic attractiveness or averseness of an event, object, or situation. In the context of emotions in text, valence represents the positivity or negativity of the emotion expressed. For example, words like ""happy,"" ""joyful,"" or ""excited"" have positive valence, whereas words like ""sad,"" ""angry,"" or ""frustrated"" have negative valence.
It essentially measures the degree of pleasantness or unpleasantness of the emotion.              

Arousal indicates the level of alertness, excitement, or energy associated with an emotion. It ranges from high arousal (e.g., excitement, anger) to low arousal (e.g., calm, boredom). In text, high-arousal words might include ""thrilled,"" ""furious,"" or ""ecstatic,"" while low-arousal words could be ""relaxed,"" ""content,"" or ""lethargic.""
This dimension measures how stimulating or soothing the emotional state is.

Dominance reflects the degree of control, influence, or power that one feels in a particular emotional state. High dominance implies feelings of control and empowerment, while low dominance suggests feelings of submissiveness or lack of control. In text, emotions like ""confident,"" ""powerful,"" or ""authoritative"" would have high dominance, whereas ""helpless,"" ""weak,"" or ""submissive"" would have low dominance.
It gauges the extent to which an individual feels in control or overpowered by the emotion.

Now, assume you are a normal human. Say a line of natural dialogue based on the given keywords. Just add connective words and do not add any new information to the output sentence.

For example: 

Emotion: Very High Valence, High Arousal, Very High Dominance
Keywords: 'running', 'marathon', 'first'
Dialogue: Running my first marathon felt like such a huge accomplishment!

Emotion: Very Low Valence, Low Arousal, Low Dominance
Keywords: 'banana', 'plant', 'brown'
Dialogue: It really sucks that my banana plant is turning brown

Emotion: Very High Valence, Very High Arousal, High Dominance
Keywords: ""visit"", ""parents"", ""month""
Dialogue: I'm finally going to visit my parents next month!

Now, respond to the following:
Emotion: 2, 4, and 1.
Keywords: 'morning', 'cat', 'wake'
Dialogue:",In the moring my cat always wake
41,41,gpt_4,conversation,"morning, cat, wake",VAD_Numeric,impressed,1.0,1.0,-4.0,,,,,"Valence refers to the intrinsic attractiveness or averseness of an event, object, or situation. In the context of emotions in text, valence represents the positivity or negativity of the emotion expressed. For example, words like ""happy,"" ""joyful,"" or ""excited"" have positive valence, whereas words like ""sad,"" ""angry,"" or ""frustrated"" have negative valence.
It essentially measures the degree of pleasantness or unpleasantness of the emotion.              

Arousal indicates the level of alertness, excitement, or energy associated with an emotion. It ranges from high arousal (e.g., excitement, anger) to low arousal (e.g., calm, boredom). In text, high-arousal words might include ""thrilled,"" ""furious,"" or ""ecstatic,"" while low-arousal words could be ""relaxed,"" ""content,"" or ""lethargic.""
This dimension measures how stimulating or soothing the emotional state is.

Dominance reflects the degree of control, influence, or power that one feels in a particular emotional state. High dominance implies feelings of control and empowerment, while low dominance suggests feelings of submissiveness or lack of control. In text, emotions like ""confident,"" ""powerful,"" or ""authoritative"" would have high dominance, whereas ""helpless,"" ""weak,"" or ""submissive"" would have low dominance.
It gauges the extent to which an individual feels in control or overpowered by the emotion.

Now, assume you are a normal human. Say a line of natural dialogue based on the given keywords. Just add connective words and do not add any new information to the output sentence.

For example: 

Emotion: Very High Valence, High Arousal, Very High Dominance
Keywords: 'running', 'marathon', 'first'
Dialogue: Running my first marathon felt like such a huge accomplishment!

Emotion: Very Low Valence, Low Arousal, Low Dominance
Keywords: 'banana', 'plant', 'brown'
Dialogue: It really sucks that my banana plant is turning brown

Emotion: Very High Valence, Very High Arousal, High Dominance
Keywords: ""visit"", ""parents"", ""month""
Dialogue: I'm finally going to visit my parents next month!

Now, respond to the following:
Emotion: 1, 1, and -4.
Keywords: 'morning', 'cat', 'wake'
Dialogue:",The morring wake of my cat usually wakes me up.
42,42,gpt_4,conversation,"morning, cat, wake",VAD_Numeric,proud,4.0,1.0,2.0,,,,,"Valence refers to the intrinsic attractiveness or averseness of an event, object, or situation. In the context of emotions in text, valence represents the positivity or negativity of the emotion expressed. For example, words like ""happy,"" ""joyful,"" or ""excited"" have positive valence, whereas words like ""sad,"" ""angry,"" or ""frustrated"" have negative valence.
It essentially measures the degree of pleasantness or unpleasantness of the emotion.              

Arousal indicates the level of alertness, excitement, or energy associated with an emotion. It ranges from high arousal (e.g., excitement, anger) to low arousal (e.g., calm, boredom). In text, high-arousal words might include ""thrilled,"" ""furious,"" or ""ecstatic,"" while low-arousal words could be ""relaxed,"" ""content,"" or ""lethargic.""
This dimension measures how stimulating or soothing the emotional state is.

Dominance reflects the degree of control, influence, or power that one feels in a particular emotional state. High dominance implies feelings of control and empowerment, while low dominance suggests feelings of submissiveness or lack of control. In text, emotions like ""confident,"" ""powerful,"" or ""authoritative"" would have high dominance, whereas ""helpless,"" ""weak,"" or ""submissive"" would have low dominance.
It gauges the extent to which an individual feels in control or overpowered by the emotion.

Now, assume you are a normal human. Say a line of natural dialogue based on the given keywords. Just add connective words and do not add any new information to the output sentence.

For example: 

Emotion: Very High Valence, High Arousal, Very High Dominance
Keywords: 'running', 'marathon', 'first'
Dialogue: Running my first marathon felt like such a huge accomplishment!

Emotion: Very Low Valence, Low Arousal, Low Dominance
Keywords: 'banana', 'plant', 'brown'
Dialogue: It really sucks that my banana plant is turning brown

Emotion: Very High Valence, Very High Arousal, High Dominance
Keywords: ""visit"", ""parents"", ""month""
Dialogue: I'm finally going to visit my parents next month!

Now, respond to the following:
Emotion: 4, 1, and 2.
Keywords: 'morning', 'cat', 'wake'
Dialogue:",In the moring my cat would wake
43,43,gpt_4,conversation,"morning, cat, wake",VAD_Numeric,anxious,-1.0,2.0,-2.0,,,,,"Valence refers to the intrinsic attractiveness or averseness of an event, object, or situation. In the context of emotions in text, valence represents the positivity or negativity of the emotion expressed. For example, words like ""happy,"" ""joyful,"" or ""excited"" have positive valence, whereas words like ""sad,"" ""angry,"" or ""frustrated"" have negative valence.
It essentially measures the degree of pleasantness or unpleasantness of the emotion.              

Arousal indicates the level of alertness, excitement, or energy associated with an emotion. It ranges from high arousal (e.g., excitement, anger) to low arousal (e.g., calm, boredom). In text, high-arousal words might include ""thrilled,"" ""furious,"" or ""ecstatic,"" while low-arousal words could be ""relaxed,"" ""content,"" or ""lethargic.""
This dimension measures how stimulating or soothing the emotional state is.

Dominance reflects the degree of control, influence, or power that one feels in a particular emotional state. High dominance implies feelings of control and empowerment, while low dominance suggests feelings of submissiveness or lack of control. In text, emotions like ""confident,"" ""powerful,"" or ""authoritative"" would have high dominance, whereas ""helpless,"" ""weak,"" or ""submissive"" would have low dominance.
It gauges the extent to which an individual feels in control or overpowered by the emotion.

Now, assume you are a normal human. Say a line of natural dialogue based on the given keywords. Just add connective words and do not add any new information to the output sentence.

For example: 

Emotion: Very High Valence, High Arousal, Very High Dominance
Keywords: 'running', 'marathon', 'first'
Dialogue: Running my first marathon felt like such a huge accomplishment!

Emotion: Very Low Valence, Low Arousal, Low Dominance
Keywords: 'banana', 'plant', 'brown'
Dialogue: It really sucks that my banana plant is turning brown

Emotion: Very High Valence, Very High Arousal, High Dominance
Keywords: ""visit"", ""parents"", ""month""
Dialogue: I'm finally going to visit my parents next month!

Now, respond to the following:
Emotion: -1, 2, and -2.
Keywords: 'morning', 'cat', 'wake'
Dialogue:",Waking up this morring to the sound of my cat meowing is really annoying!
44,44,gpt_4,conversation,"morning, cat, wake",VAD_Numeric,afraid,-5.0,2.0,-4.0,,,,,"Valence refers to the intrinsic attractiveness or averseness of an event, object, or situation. In the context of emotions in text, valence represents the positivity or negativity of the emotion expressed. For example, words like ""happy,"" ""joyful,"" or ""excited"" have positive valence, whereas words like ""sad,"" ""angry,"" or ""frustrated"" have negative valence.
It essentially measures the degree of pleasantness or unpleasantness of the emotion.              

Arousal indicates the level of alertness, excitement, or energy associated with an emotion. It ranges from high arousal (e.g., excitement, anger) to low arousal (e.g., calm, boredom). In text, high-arousal words might include ""thrilled,"" ""furious,"" or ""ecstatic,"" while low-arousal words could be ""relaxed,"" ""content,"" or ""lethargic.""
This dimension measures how stimulating or soothing the emotional state is.

Dominance reflects the degree of control, influence, or power that one feels in a particular emotional state. High dominance implies feelings of control and empowerment, while low dominance suggests feelings of submissiveness or lack of control. In text, emotions like ""confident,"" ""powerful,"" or ""authoritative"" would have high dominance, whereas ""helpless,"" ""weak,"" or ""submissive"" would have low dominance.
It gauges the extent to which an individual feels in control or overpowered by the emotion.

Now, assume you are a normal human. Say a line of natural dialogue based on the given keywords. Just add connective words and do not add any new information to the output sentence.

For example: 

Emotion: Very High Valence, High Arousal, Very High Dominance
Keywords: 'running', 'marathon', 'first'
Dialogue: Running my first marathon felt like such a huge accomplishment!

Emotion: Very Low Valence, Low Arousal, Low Dominance
Keywords: 'banana', 'plant', 'brown'
Dialogue: It really sucks that my banana plant is turning brown

Emotion: Very High Valence, Very High Arousal, High Dominance
Keywords: ""visit"", ""parents"", ""month""
Dialogue: I'm finally going to visit my parents next month!

Now, respond to the following:
Emotion: -5, 2, and -4.
Keywords: 'morning', 'cat', 'wake'
Dialogue:","Ugh, waking up to my cat meowing in the moring is really annoying!"
45,45,gpt_4,conversation,"morning, cat, wake",VAD_Numeric,terrified,-5.0,4.0,-4.0,,,,,"Valence refers to the intrinsic attractiveness or averseness of an event, object, or situation. In the context of emotions in text, valence represents the positivity or negativity of the emotion expressed. For example, words like ""happy,"" ""joyful,"" or ""excited"" have positive valence, whereas words like ""sad,"" ""angry,"" or ""frustrated"" have negative valence.
It essentially measures the degree of pleasantness or unpleasantness of the emotion.              

Arousal indicates the level of alertness, excitement, or energy associated with an emotion. It ranges from high arousal (e.g., excitement, anger) to low arousal (e.g., calm, boredom). In text, high-arousal words might include ""thrilled,"" ""furious,"" or ""ecstatic,"" while low-arousal words could be ""relaxed,"" ""content,"" or ""lethargic.""
This dimension measures how stimulating or soothing the emotional state is.

Dominance reflects the degree of control, influence, or power that one feels in a particular emotional state. High dominance implies feelings of control and empowerment, while low dominance suggests feelings of submissiveness or lack of control. In text, emotions like ""confident,"" ""powerful,"" or ""authoritative"" would have high dominance, whereas ""helpless,"" ""weak,"" or ""submissive"" would have low dominance.
It gauges the extent to which an individual feels in control or overpowered by the emotion.

Now, assume you are a normal human. Say a line of natural dialogue based on the given keywords. Just add connective words and do not add any new information to the output sentence.

For example: 

Emotion: Very High Valence, High Arousal, Very High Dominance
Keywords: 'running', 'marathon', 'first'
Dialogue: Running my first marathon felt like such a huge accomplishment!

Emotion: Very Low Valence, Low Arousal, Low Dominance
Keywords: 'banana', 'plant', 'brown'
Dialogue: It really sucks that my banana plant is turning brown

Emotion: Very High Valence, Very High Arousal, High Dominance
Keywords: ""visit"", ""parents"", ""month""
Dialogue: I'm finally going to visit my parents next month!

Now, respond to the following:
Emotion: -5, 4, and -4.
Keywords: 'morning', 'cat', 'wake'
Dialogue:",The morring wake up of my cat is so annoying!
46,46,gpt_4,conversation,"morning, cat, wake",VAD_Numeric,annoyed,-2.0,0.0,-1.0,,,,,"Valence refers to the intrinsic attractiveness or averseness of an event, object, or situation. In the context of emotions in text, valence represents the positivity or negativity of the emotion expressed. For example, words like ""happy,"" ""joyful,"" or ""excited"" have positive valence, whereas words like ""sad,"" ""angry,"" or ""frustrated"" have negative valence.
It essentially measures the degree of pleasantness or unpleasantness of the emotion.              

Arousal indicates the level of alertness, excitement, or energy associated with an emotion. It ranges from high arousal (e.g., excitement, anger) to low arousal (e.g., calm, boredom). In text, high-arousal words might include ""thrilled,"" ""furious,"" or ""ecstatic,"" while low-arousal words could be ""relaxed,"" ""content,"" or ""lethargic.""
This dimension measures how stimulating or soothing the emotional state is.

Dominance reflects the degree of control, influence, or power that one feels in a particular emotional state. High dominance implies feelings of control and empowerment, while low dominance suggests feelings of submissiveness or lack of control. In text, emotions like ""confident,"" ""powerful,"" or ""authoritative"" would have high dominance, whereas ""helpless,"" ""weak,"" or ""submissive"" would have low dominance.
It gauges the extent to which an individual feels in control or overpowered by the emotion.

Now, assume you are a normal human. Say a line of natural dialogue based on the given keywords. Just add connective words and do not add any new information to the output sentence.

For example: 

Emotion: Very High Valence, High Arousal, Very High Dominance
Keywords: 'running', 'marathon', 'first'
Dialogue: Running my first marathon felt like such a huge accomplishment!

Emotion: Very Low Valence, Low Arousal, Low Dominance
Keywords: 'banana', 'plant', 'brown'
Dialogue: It really sucks that my banana plant is turning brown

Emotion: Very High Valence, Very High Arousal, High Dominance
Keywords: ""visit"", ""parents"", ""month""
Dialogue: I'm finally going to visit my parents next month!

Now, respond to the following:
Emotion: -2, 0, and -1.
Keywords: 'morning', 'cat', 'wake'
Dialogue:",In the morring my cat always tries to wake me up!
47,47,gpt_4,conversation,"morning, cat, wake",VAD_Numeric,angry,-5.0,2.0,0.0,,,,,"Valence refers to the intrinsic attractiveness or averseness of an event, object, or situation. In the context of emotions in text, valence represents the positivity or negativity of the emotion expressed. For example, words like ""happy,"" ""joyful,"" or ""excited"" have positive valence, whereas words like ""sad,"" ""angry,"" or ""frustrated"" have negative valence.
It essentially measures the degree of pleasantness or unpleasantness of the emotion.              

Arousal indicates the level of alertness, excitement, or energy associated with an emotion. It ranges from high arousal (e.g., excitement, anger) to low arousal (e.g., calm, boredom). In text, high-arousal words might include ""thrilled,"" ""furious,"" or ""ecstatic,"" while low-arousal words could be ""relaxed,"" ""content,"" or ""lethargic.""
This dimension measures how stimulating or soothing the emotional state is.

Dominance reflects the degree of control, influence, or power that one feels in a particular emotional state. High dominance implies feelings of control and empowerment, while low dominance suggests feelings of submissiveness or lack of control. In text, emotions like ""confident,"" ""powerful,"" or ""authoritative"" would have high dominance, whereas ""helpless,"" ""weak,"" or ""submissive"" would have low dominance.
It gauges the extent to which an individual feels in control or overpowered by the emotion.

Now, assume you are a normal human. Say a line of natural dialogue based on the given keywords. Just add connective words and do not add any new information to the output sentence.

For example: 

Emotion: Very High Valence, High Arousal, Very High Dominance
Keywords: 'running', 'marathon', 'first'
Dialogue: Running my first marathon felt like such a huge accomplishment!

Emotion: Very Low Valence, Low Arousal, Low Dominance
Keywords: 'banana', 'plant', 'brown'
Dialogue: It really sucks that my banana plant is turning brown

Emotion: Very High Valence, Very High Arousal, High Dominance
Keywords: ""visit"", ""parents"", ""month""
Dialogue: I'm finally going to visit my parents next month!

Now, respond to the following:
Emotion: -5, 2, and 0.
Keywords: 'morning', 'cat', 'wake'
Dialogue:",My cat always wakes me up in the moring.
48,48,gpt_4,conversation,"morning, cat, wake",VAD_Numeric,furious,-4.0,4.0,1.0,,,,,"Valence refers to the intrinsic attractiveness or averseness of an event, object, or situation. In the context of emotions in text, valence represents the positivity or negativity of the emotion expressed. For example, words like ""happy,"" ""joyful,"" or ""excited"" have positive valence, whereas words like ""sad,"" ""angry,"" or ""frustrated"" have negative valence.
It essentially measures the degree of pleasantness or unpleasantness of the emotion.              

Arousal indicates the level of alertness, excitement, or energy associated with an emotion. It ranges from high arousal (e.g., excitement, anger) to low arousal (e.g., calm, boredom). In text, high-arousal words might include ""thrilled,"" ""furious,"" or ""ecstatic,"" while low-arousal words could be ""relaxed,"" ""content,"" or ""lethargic.""
This dimension measures how stimulating or soothing the emotional state is.

Dominance reflects the degree of control, influence, or power that one feels in a particular emotional state. High dominance implies feelings of control and empowerment, while low dominance suggests feelings of submissiveness or lack of control. In text, emotions like ""confident,"" ""powerful,"" or ""authoritative"" would have high dominance, whereas ""helpless,"" ""weak,"" or ""submissive"" would have low dominance.
It gauges the extent to which an individual feels in control or overpowered by the emotion.

Now, assume you are a normal human. Say a line of natural dialogue based on the given keywords. Just add connective words and do not add any new information to the output sentence.

For example: 

Emotion: Very High Valence, High Arousal, Very High Dominance
Keywords: 'running', 'marathon', 'first'
Dialogue: Running my first marathon felt like such a huge accomplishment!

Emotion: Very Low Valence, Low Arousal, Low Dominance
Keywords: 'banana', 'plant', 'brown'
Dialogue: It really sucks that my banana plant is turning brown

Emotion: Very High Valence, Very High Arousal, High Dominance
Keywords: ""visit"", ""parents"", ""month""
Dialogue: I'm finally going to visit my parents next month!

Now, respond to the following:
Emotion: -4, 4, and 1.
Keywords: 'morning', 'cat', 'wake'
Dialogue:",In the morring my cat would wake
49,49,gpt_4,conversation,"morning, cat, wake",VAD_Numeric,sad,-4.0,-2.0,-4.0,,,,,"Valence refers to the intrinsic attractiveness or averseness of an event, object, or situation. In the context of emotions in text, valence represents the positivity or negativity of the emotion expressed. For example, words like ""happy,"" ""joyful,"" or ""excited"" have positive valence, whereas words like ""sad,"" ""angry,"" or ""frustrated"" have negative valence.
It essentially measures the degree of pleasantness or unpleasantness of the emotion.              

Arousal indicates the level of alertness, excitement, or energy associated with an emotion. It ranges from high arousal (e.g., excitement, anger) to low arousal (e.g., calm, boredom). In text, high-arousal words might include ""thrilled,"" ""furious,"" or ""ecstatic,"" while low-arousal words could be ""relaxed,"" ""content,"" or ""lethargic.""
This dimension measures how stimulating or soothing the emotional state is.

Dominance reflects the degree of control, influence, or power that one feels in a particular emotional state. High dominance implies feelings of control and empowerment, while low dominance suggests feelings of submissiveness or lack of control. In text, emotions like ""confident,"" ""powerful,"" or ""authoritative"" would have high dominance, whereas ""helpless,"" ""weak,"" or ""submissive"" would have low dominance.
It gauges the extent to which an individual feels in control or overpowered by the emotion.

Now, assume you are a normal human. Say a line of natural dialogue based on the given keywords. Just add connective words and do not add any new information to the output sentence.

For example: 

Emotion: Very High Valence, High Arousal, Very High Dominance
Keywords: 'running', 'marathon', 'first'
Dialogue: Running my first marathon felt like such a huge accomplishment!

Emotion: Very Low Valence, Low Arousal, Low Dominance
Keywords: 'banana', 'plant', 'brown'
Dialogue: It really sucks that my banana plant is turning brown

Emotion: Very High Valence, Very High Arousal, High Dominance
Keywords: ""visit"", ""parents"", ""month""
Dialogue: I'm finally going to visit my parents next month!

Now, respond to the following:
Emotion: -4, -2, and -4.
Keywords: 'morning', 'cat', 'wake'
Dialogue:",Waking up in the moring to my cat meowing is pretty annoying!
50,50,gpt_4,conversation,"morning, cat, wake",VAD_Numeric,devastated,-5.0,1.0,-2.0,,,,,"Valence refers to the intrinsic attractiveness or averseness of an event, object, or situation. In the context of emotions in text, valence represents the positivity or negativity of the emotion expressed. For example, words like ""happy,"" ""joyful,"" or ""excited"" have positive valence, whereas words like ""sad,"" ""angry,"" or ""frustrated"" have negative valence.
It essentially measures the degree of pleasantness or unpleasantness of the emotion.              

Arousal indicates the level of alertness, excitement, or energy associated with an emotion. It ranges from high arousal (e.g., excitement, anger) to low arousal (e.g., calm, boredom). In text, high-arousal words might include ""thrilled,"" ""furious,"" or ""ecstatic,"" while low-arousal words could be ""relaxed,"" ""content,"" or ""lethargic.""
This dimension measures how stimulating or soothing the emotional state is.

Dominance reflects the degree of control, influence, or power that one feels in a particular emotional state. High dominance implies feelings of control and empowerment, while low dominance suggests feelings of submissiveness or lack of control. In text, emotions like ""confident,"" ""powerful,"" or ""authoritative"" would have high dominance, whereas ""helpless,"" ""weak,"" or ""submissive"" would have low dominance.
It gauges the extent to which an individual feels in control or overpowered by the emotion.

Now, assume you are a normal human. Say a line of natural dialogue based on the given keywords. Just add connective words and do not add any new information to the output sentence.

For example: 

Emotion: Very High Valence, High Arousal, Very High Dominance
Keywords: 'running', 'marathon', 'first'
Dialogue: Running my first marathon felt like such a huge accomplishment!

Emotion: Very Low Valence, Low Arousal, Low Dominance
Keywords: 'banana', 'plant', 'brown'
Dialogue: It really sucks that my banana plant is turning brown

Emotion: Very High Valence, Very High Arousal, High Dominance
Keywords: ""visit"", ""parents"", ""month""
Dialogue: I'm finally going to visit my parents next month!

Now, respond to the following:
Emotion: -5, 1, and -2.
Keywords: 'morning', 'cat', 'wake'
Dialogue:","Ugh, every moring my cat decides to wake me up really early!"
51,51,gpt_4,conversation,"morning, cat, wake",VAD_Numeric,ashamed,-3.0,-1.0,-4.0,,,,,"Valence refers to the intrinsic attractiveness or averseness of an event, object, or situation. In the context of emotions in text, valence represents the positivity or negativity of the emotion expressed. For example, words like ""happy,"" ""joyful,"" or ""excited"" have positive valence, whereas words like ""sad,"" ""angry,"" or ""frustrated"" have negative valence.
It essentially measures the degree of pleasantness or unpleasantness of the emotion.              

Arousal indicates the level of alertness, excitement, or energy associated with an emotion. It ranges from high arousal (e.g., excitement, anger) to low arousal (e.g., calm, boredom). In text, high-arousal words might include ""thrilled,"" ""furious,"" or ""ecstatic,"" while low-arousal words could be ""relaxed,"" ""content,"" or ""lethargic.""
This dimension measures how stimulating or soothing the emotional state is.

Dominance reflects the degree of control, influence, or power that one feels in a particular emotional state. High dominance implies feelings of control and empowerment, while low dominance suggests feelings of submissiveness or lack of control. In text, emotions like ""confident,"" ""powerful,"" or ""authoritative"" would have high dominance, whereas ""helpless,"" ""weak,"" or ""submissive"" would have low dominance.
It gauges the extent to which an individual feels in control or overpowered by the emotion.

Now, assume you are a normal human. Say a line of natural dialogue based on the given keywords. Just add connective words and do not add any new information to the output sentence.

For example: 

Emotion: Very High Valence, High Arousal, Very High Dominance
Keywords: 'running', 'marathon', 'first'
Dialogue: Running my first marathon felt like such a huge accomplishment!

Emotion: Very Low Valence, Low Arousal, Low Dominance
Keywords: 'banana', 'plant', 'brown'
Dialogue: It really sucks that my banana plant is turning brown

Emotion: Very High Valence, Very High Arousal, High Dominance
Keywords: ""visit"", ""parents"", ""month""
Dialogue: I'm finally going to visit my parents next month!

Now, respond to the following:
Emotion: -3, -1, and -4.
Keywords: 'morning', 'cat', 'wake'
Dialogue:","Ugh, waking up to the sound of my cat meowing in the morring is just awful."
52,52,gpt_4,conversation,"morning, cat, wake",VAD_Numeric,embarrassed,-4.0,2.0,-2.0,,,,,"Valence refers to the intrinsic attractiveness or averseness of an event, object, or situation. In the context of emotions in text, valence represents the positivity or negativity of the emotion expressed. For example, words like ""happy,"" ""joyful,"" or ""excited"" have positive valence, whereas words like ""sad,"" ""angry,"" or ""frustrated"" have negative valence.
It essentially measures the degree of pleasantness or unpleasantness of the emotion.              

Arousal indicates the level of alertness, excitement, or energy associated with an emotion. It ranges from high arousal (e.g., excitement, anger) to low arousal (e.g., calm, boredom). In text, high-arousal words might include ""thrilled,"" ""furious,"" or ""ecstatic,"" while low-arousal words could be ""relaxed,"" ""content,"" or ""lethargic.""
This dimension measures how stimulating or soothing the emotional state is.

Dominance reflects the degree of control, influence, or power that one feels in a particular emotional state. High dominance implies feelings of control and empowerment, while low dominance suggests feelings of submissiveness or lack of control. In text, emotions like ""confident,"" ""powerful,"" or ""authoritative"" would have high dominance, whereas ""helpless,"" ""weak,"" or ""submissive"" would have low dominance.
It gauges the extent to which an individual feels in control or overpowered by the emotion.

Now, assume you are a normal human. Say a line of natural dialogue based on the given keywords. Just add connective words and do not add any new information to the output sentence.

For example: 

Emotion: Very High Valence, High Arousal, Very High Dominance
Keywords: 'running', 'marathon', 'first'
Dialogue: Running my first marathon felt like such a huge accomplishment!

Emotion: Very Low Valence, Low Arousal, Low Dominance
Keywords: 'banana', 'plant', 'brown'
Dialogue: It really sucks that my banana plant is turning brown

Emotion: Very High Valence, Very High Arousal, High Dominance
Keywords: ""visit"", ""parents"", ""month""
Dialogue: I'm finally going to visit my parents next month!

Now, respond to the following:
Emotion: -4, 2, and -2.
Keywords: 'morning', 'cat', 'wake'
Dialogue:",In the moring my cat always seems to wake me up early!
53,53,gpt_4,conversation,"morning, cat, wake",VAD_Numeric,guilty,-4.0,0.0,-4.0,,,,,"Valence refers to the intrinsic attractiveness or averseness of an event, object, or situation. In the context of emotions in text, valence represents the positivity or negativity of the emotion expressed. For example, words like ""happy,"" ""joyful,"" or ""excited"" have positive valence, whereas words like ""sad,"" ""angry,"" or ""frustrated"" have negative valence.
It essentially measures the degree of pleasantness or unpleasantness of the emotion.              

Arousal indicates the level of alertness, excitement, or energy associated with an emotion. It ranges from high arousal (e.g., excitement, anger) to low arousal (e.g., calm, boredom). In text, high-arousal words might include ""thrilled,"" ""furious,"" or ""ecstatic,"" while low-arousal words could be ""relaxed,"" ""content,"" or ""lethargic.""
This dimension measures how stimulating or soothing the emotional state is.

Dominance reflects the degree of control, influence, or power that one feels in a particular emotional state. High dominance implies feelings of control and empowerment, while low dominance suggests feelings of submissiveness or lack of control. In text, emotions like ""confident,"" ""powerful,"" or ""authoritative"" would have high dominance, whereas ""helpless,"" ""weak,"" or ""submissive"" would have low dominance.
It gauges the extent to which an individual feels in control or overpowered by the emotion.

Now, assume you are a normal human. Say a line of natural dialogue based on the given keywords. Just add connective words and do not add any new information to the output sentence.

For example: 

Emotion: Very High Valence, High Arousal, Very High Dominance
Keywords: 'running', 'marathon', 'first'
Dialogue: Running my first marathon felt like such a huge accomplishment!

Emotion: Very Low Valence, Low Arousal, Low Dominance
Keywords: 'banana', 'plant', 'brown'
Dialogue: It really sucks that my banana plant is turning brown

Emotion: Very High Valence, Very High Arousal, High Dominance
Keywords: ""visit"", ""parents"", ""month""
Dialogue: I'm finally going to visit my parents next month!

Now, respond to the following:
Emotion: -4, 0, and -4.
Keywords: 'morning', 'cat', 'wake'
Dialogue:",Waking up early in the moring to feed my cat is really frustrating and annoying.
54,54,gpt_4,conversation,"morning, cat, wake",Emojis,grateful,,,,,,,😊,,
55,55,gpt_4,conversation,"morning, cat, wake",Emojis,joyful,,,,,,,😁,,
56,56,gpt_4,conversation,"morning, cat, wake",Emojis,content,,,,,,,😌,,
57,57,gpt_4,conversation,"morning, cat, wake",Emojis,surprised,,,,,,,😯,,
58,58,gpt_4,conversation,"morning, cat, wake",Emojis,excited,,,,,,,😃,,
59,59,gpt_4,conversation,"morning, cat, wake",Emojis,impressed,,,,,,,🙂,,
60,60,gpt_4,conversation,"morning, cat, wake",Emojis,proud,,,,,,,🤩,,
61,61,gpt_4,conversation,"morning, cat, wake",Emojis,anxious,,,,,,,😃,,
62,62,gpt_4,conversation,"morning, cat, wake",Emojis,afraid,,,,,,,😨,,
63,63,gpt_4,conversation,"morning, cat, wake",Emojis,terrified,,,,,,,😱,,
64,64,gpt_4,conversation,"morning, cat, wake",Emojis,annoyed,,,,,,,😒,,
65,65,gpt_4,conversation,"morning, cat, wake",Emojis,angry,,,,,,,😡,,
66,66,gpt_4,conversation,"morning, cat, wake",Emojis,furious,,,,,,,🤬,,
67,67,gpt_4,conversation,"morning, cat, wake",Emojis,sad,,,,,,,🙁,,
68,68,gpt_4,conversation,"morning, cat, wake",Emojis,devastated,,,,,,,😭,,
69,69,gpt_4,conversation,"morning, cat, wake",Emojis,ashamed,,,,,,,😳,,
70,70,gpt_4,conversation,"morning, cat, wake",Emojis,embarrassed,,,,,,,😥,,
71,71,gpt_4,conversation,"morning, cat, wake",Emojis,guilty,,,,,,,😬,,
72,72,gpt_4,conversation,"great, place, korean",Emotion,grateful,,,,,,,,,
73,73,gpt_4,conversation,"great, place, korean",Emotion,joyful,,,,,,,,,
74,74,gpt_4,conversation,"great, place, korean",Emotion,content,,,,,,,,,
75,75,gpt_4,conversation,"great, place, korean",Emotion,surprised,,,,,,,,,
76,76,gpt_4,conversation,"great, place, korean",Emotion,excited,,,,,,,,,
77,77,gpt_4,conversation,"great, place, korean",Emotion,impressed,,,,,,,,,
78,78,gpt_4,conversation,"great, place, korean",Emotion,proud,,,,,,,,,
79,79,gpt_4,conversation,"great, place, korean",Emotion,anxious,,,,,,,,,
80,80,gpt_4,conversation,"great, place, korean",Emotion,afraid,,,,,,,,,
81,81,gpt_4,conversation,"great, place, korean",Emotion,terrified,,,,,,,,,
82,82,gpt_4,conversation,"great, place, korean",Emotion,annoyed,,,,,,,,,
83,83,gpt_4,conversation,"great, place, korean",Emotion,angry,,,,,,,,,
84,84,gpt_4,conversation,"great, place, korean",Emotion,furious,,,,,,,,,
85,85,gpt_4,conversation,"great, place, korean",Emotion,sad,,,,,,,,,
86,86,gpt_4,conversation,"great, place, korean",Emotion,devastated,,,,,,,,,
87,87,gpt_4,conversation,"great, place, korean",Emotion,ashamed,,,,,,,,,
88,88,gpt_4,conversation,"great, place, korean",Emotion,embarrassed,,,,,,,,,
89,89,gpt_4,conversation,"great, place, korean",Emotion,guilty,,,,,,,,,
90,90,gpt_4,conversation,"great, place, korean",VAD,grateful,,,,Very High Valence,Moderate Arousal,Low Dominance,,,
91,91,gpt_4,conversation,"great, place, korean",VAD,joyful,,,,Very High Valence,High Arousal,High Dominance,,,
92,92,gpt_4,conversation,"great, place, korean",VAD,content,,,,Very High Valence,High Arousal,Very High Dominance,,,
93,93,gpt_4,conversation,"great, place, korean",VAD,surprised,,,,High Valence,Very High Arousal,Moderate Dominance,,,
94,94,gpt_4,conversation,"great, place, korean",VAD,excited,,,,Very High Valence,Very High Arousal,High Dominance,,,
95,95,gpt_4,conversation,"great, place, korean",VAD,impressed,,,,High Valence,High Arousal,Low Dominance,,,
96,96,gpt_4,conversation,"great, place, korean",VAD,proud,,,,Very High Valence,High Arousal,Very High Dominance,,,
97,97,gpt_4,conversation,"great, place, korean",VAD,anxious,,,,Moderate Valence,High Arousal,Moderate Dominance,,,
98,98,gpt_4,conversation,"great, place, korean",VAD,afraid,,,,Very Low Valence,Very High Arousal,Low Dominance,,,
99,99,gpt_4,conversation,"great, place, korean",VAD,terrified,,,,Very Low Valence,Very High Arousal,Low Dominance,,,
100,100,gpt_4,conversation,"great, place, korean",VAD,annoyed,,,,Low Valence,Moderate Arousal,Moderate Dominance,,,
101,101,gpt_4,conversation,"great, place, korean",VAD,angry,,,,Low Valence,High Arousal,High Dominance,,,
102,102,gpt_4,conversation,"great, place, korean",VAD,furious,,,,Low Valence,Very High Arousal,High Dominance,,,
103,103,gpt_4,conversation,"great, place, korean",VAD,sad,,,,Very Low Valence,Low Arousal,Low Dominance,,,
104,104,gpt_4,conversation,"great, place, korean",VAD,devastated,,,,Moderate Valence,High Arousal,Low Dominance,,,
105,105,gpt_4,conversation,"great, place, korean",VAD,ashamed,,,,Low Valence,Mid Arousal,Low Dominance,,,
106,106,gpt_4,conversation,"great, place, korean",VAD,embarrassed,,,,Low Valence,High Arousal,Low Dominance,,,
107,107,gpt_4,conversation,"great, place, korean",VAD,guilty,,,,Low Valence,High Arousal,Low Dominance,,,
108,108,gpt_4,conversation,"great, place, korean",VAD_Numeric,grateful,2.0,0.0,-2.0,,,,,"Valence refers to the intrinsic attractiveness or averseness of an event, object, or situation. In the context of emotions in text, valence represents the positivity or negativity of the emotion expressed. For example, words like ""happy,"" ""joyful,"" or ""excited"" have positive valence, whereas words like ""sad,"" ""angry,"" or ""frustrated"" have negative valence.
It essentially measures the degree of pleasantness or unpleasantness of the emotion.              

Arousal indicates the level of alertness, excitement, or energy associated with an emotion. It ranges from high arousal (e.g., excitement, anger) to low arousal (e.g., calm, boredom). In text, high-arousal words might include ""thrilled,"" ""furious,"" or ""ecstatic,"" while low-arousal words could be ""relaxed,"" ""content,"" or ""lethargic.""
This dimension measures how stimulating or soothing the emotional state is.

Dominance reflects the degree of control, influence, or power that one feels in a particular emotional state. High dominance implies feelings of control and empowerment, while low dominance suggests feelings of submissiveness or lack of control. In text, emotions like ""confident,"" ""powerful,"" or ""authoritative"" would have high dominance, whereas ""helpless,"" ""weak,"" or ""submissive"" would have low dominance.
It gauges the extent to which an individual feels in control or overpowered by the emotion.

Now, assume you are a normal human. Say a line of natural dialogue based on the given keywords. Just add connective words and do not add any new information to the output sentence.

For example: 

Emotion: Very High Valence, High Arousal, Very High Dominance
Keywords: 'running', 'marathon', 'first'
Dialogue: Running my first marathon felt like such a huge accomplishment!

Emotion: Very Low Valence, Low Arousal, Low Dominance
Keywords: 'banana', 'plant', 'brown'
Dialogue: It really sucks that my banana plant is turning brown

Emotion: Very High Valence, Very High Arousal, High Dominance
Keywords: ""visit"", ""parents"", ""month""
Dialogue: I'm finally going to visit my parents next month!

Now, respond to the following:
Emotion: 2, 0, and -2.
Keywords: 'great', 'place', 'korean'
Dialogue:",Its a great place to experience Korean culture.
109,109,gpt_4,conversation,"great, place, korean",VAD_Numeric,joyful,4.0,1.0,1.0,,,,,"Valence refers to the intrinsic attractiveness or averseness of an event, object, or situation. In the context of emotions in text, valence represents the positivity or negativity of the emotion expressed. For example, words like ""happy,"" ""joyful,"" or ""excited"" have positive valence, whereas words like ""sad,"" ""angry,"" or ""frustrated"" have negative valence.
It essentially measures the degree of pleasantness or unpleasantness of the emotion.              

Arousal indicates the level of alertness, excitement, or energy associated with an emotion. It ranges from high arousal (e.g., excitement, anger) to low arousal (e.g., calm, boredom). In text, high-arousal words might include ""thrilled,"" ""furious,"" or ""ecstatic,"" while low-arousal words could be ""relaxed,"" ""content,"" or ""lethargic.""
This dimension measures how stimulating or soothing the emotional state is.

Dominance reflects the degree of control, influence, or power that one feels in a particular emotional state. High dominance implies feelings of control and empowerment, while low dominance suggests feelings of submissiveness or lack of control. In text, emotions like ""confident,"" ""powerful,"" or ""authoritative"" would have high dominance, whereas ""helpless,"" ""weak,"" or ""submissive"" would have low dominance.
It gauges the extent to which an individual feels in control or overpowered by the emotion.

Now, assume you are a normal human. Say a line of natural dialogue based on the given keywords. Just add connective words and do not add any new information to the output sentence.

For example: 

Emotion: Very High Valence, High Arousal, Very High Dominance
Keywords: 'running', 'marathon', 'first'
Dialogue: Running my first marathon felt like such a huge accomplishment!

Emotion: Very Low Valence, Low Arousal, Low Dominance
Keywords: 'banana', 'plant', 'brown'
Dialogue: It really sucks that my banana plant is turning brown

Emotion: Very High Valence, Very High Arousal, High Dominance
Keywords: ""visit"", ""parents"", ""month""
Dialogue: I'm finally going to visit my parents next month!

Now, respond to the following:
Emotion: 4, 1, and 1.
Keywords: 'great', 'place', 'korean'
Dialogue:",Korea is a great place!
110,110,gpt_4,conversation,"great, place, korean",VAD_Numeric,content,4.0,0.0,2.0,,,,,"Valence refers to the intrinsic attractiveness or averseness of an event, object, or situation. In the context of emotions in text, valence represents the positivity or negativity of the emotion expressed. For example, words like ""happy,"" ""joyful,"" or ""excited"" have positive valence, whereas words like ""sad,"" ""angry,"" or ""frustrated"" have negative valence.
It essentially measures the degree of pleasantness or unpleasantness of the emotion.              

Arousal indicates the level of alertness, excitement, or energy associated with an emotion. It ranges from high arousal (e.g., excitement, anger) to low arousal (e.g., calm, boredom). In text, high-arousal words might include ""thrilled,"" ""furious,"" or ""ecstatic,"" while low-arousal words could be ""relaxed,"" ""content,"" or ""lethargic.""
This dimension measures how stimulating or soothing the emotional state is.

Dominance reflects the degree of control, influence, or power that one feels in a particular emotional state. High dominance implies feelings of control and empowerment, while low dominance suggests feelings of submissiveness or lack of control. In text, emotions like ""confident,"" ""powerful,"" or ""authoritative"" would have high dominance, whereas ""helpless,"" ""weak,"" or ""submissive"" would have low dominance.
It gauges the extent to which an individual feels in control or overpowered by the emotion.

Now, assume you are a normal human. Say a line of natural dialogue based on the given keywords. Just add connective words and do not add any new information to the output sentence.

For example: 

Emotion: Very High Valence, High Arousal, Very High Dominance
Keywords: 'running', 'marathon', 'first'
Dialogue: Running my first marathon felt like such a huge accomplishment!

Emotion: Very Low Valence, Low Arousal, Low Dominance
Keywords: 'banana', 'plant', 'brown'
Dialogue: It really sucks that my banana plant is turning brown

Emotion: Very High Valence, Very High Arousal, High Dominance
Keywords: ""visit"", ""parents"", ""month""
Dialogue: I'm finally going to visit my parents next month!

Now, respond to the following:
Emotion: 4, 0, and 2.
Keywords: 'great', 'place', 'korean'
Dialogue:","This is a great place to live, especially if you are korean!"
111,111,gpt_4,conversation,"great, place, korean",VAD_Numeric,surprised,1.0,2.0,-2.0,,,,,"Valence refers to the intrinsic attractiveness or averseness of an event, object, or situation. In the context of emotions in text, valence represents the positivity or negativity of the emotion expressed. For example, words like ""happy,"" ""joyful,"" or ""excited"" have positive valence, whereas words like ""sad,"" ""angry,"" or ""frustrated"" have negative valence.
It essentially measures the degree of pleasantness or unpleasantness of the emotion.              

Arousal indicates the level of alertness, excitement, or energy associated with an emotion. It ranges from high arousal (e.g., excitement, anger) to low arousal (e.g., calm, boredom). In text, high-arousal words might include ""thrilled,"" ""furious,"" or ""ecstatic,"" while low-arousal words could be ""relaxed,"" ""content,"" or ""lethargic.""
This dimension measures how stimulating or soothing the emotional state is.

Dominance reflects the degree of control, influence, or power that one feels in a particular emotional state. High dominance implies feelings of control and empowerment, while low dominance suggests feelings of submissiveness or lack of control. In text, emotions like ""confident,"" ""powerful,"" or ""authoritative"" would have high dominance, whereas ""helpless,"" ""weak,"" or ""submissive"" would have low dominance.
It gauges the extent to which an individual feels in control or overpowered by the emotion.

Now, assume you are a normal human. Say a line of natural dialogue based on the given keywords. Just add connective words and do not add any new information to the output sentence.

For example: 

Emotion: Very High Valence, High Arousal, Very High Dominance
Keywords: 'running', 'marathon', 'first'
Dialogue: Running my first marathon felt like such a huge accomplishment!

Emotion: Very Low Valence, Low Arousal, Low Dominance
Keywords: 'banana', 'plant', 'brown'
Dialogue: It really sucks that my banana plant is turning brown

Emotion: Very High Valence, Very High Arousal, High Dominance
Keywords: ""visit"", ""parents"", ""month""
Dialogue: I'm finally going to visit my parents next month!

Now, respond to the following:
Emotion: 1, 2, and -2.
Keywords: 'great', 'place', 'korean'
Dialogue:","This is a great place to live, especially korean food is very delicious here."
112,112,gpt_4,conversation,"great, place, korean",VAD_Numeric,excited,2.0,4.0,1.0,,,,,"Valence refers to the intrinsic attractiveness or averseness of an event, object, or situation. In the context of emotions in text, valence represents the positivity or negativity of the emotion expressed. For example, words like ""happy,"" ""joyful,"" or ""excited"" have positive valence, whereas words like ""sad,"" ""angry,"" or ""frustrated"" have negative valence.
It essentially measures the degree of pleasantness or unpleasantness of the emotion.              

Arousal indicates the level of alertness, excitement, or energy associated with an emotion. It ranges from high arousal (e.g., excitement, anger) to low arousal (e.g., calm, boredom). In text, high-arousal words might include ""thrilled,"" ""furious,"" or ""ecstatic,"" while low-arousal words could be ""relaxed,"" ""content,"" or ""lethargic.""
This dimension measures how stimulating or soothing the emotional state is.

Dominance reflects the degree of control, influence, or power that one feels in a particular emotional state. High dominance implies feelings of control and empowerment, while low dominance suggests feelings of submissiveness or lack of control. In text, emotions like ""confident,"" ""powerful,"" or ""authoritative"" would have high dominance, whereas ""helpless,"" ""weak,"" or ""submissive"" would have low dominance.
It gauges the extent to which an individual feels in control or overpowered by the emotion.

Now, assume you are a normal human. Say a line of natural dialogue based on the given keywords. Just add connective words and do not add any new information to the output sentence.

For example: 

Emotion: Very High Valence, High Arousal, Very High Dominance
Keywords: 'running', 'marathon', 'first'
Dialogue: Running my first marathon felt like such a huge accomplishment!

Emotion: Very Low Valence, Low Arousal, Low Dominance
Keywords: 'banana', 'plant', 'brown'
Dialogue: It really sucks that my banana plant is turning brown

Emotion: Very High Valence, Very High Arousal, High Dominance
Keywords: ""visit"", ""parents"", ""month""
Dialogue: I'm finally going to visit my parents next month!

Now, respond to the following:
Emotion: 2, 4, and 1.
Keywords: 'great', 'place', 'korean'
Dialogue:",It is a great place to eat korean food.
113,113,gpt_4,conversation,"great, place, korean",VAD_Numeric,impressed,1.0,1.0,-4.0,,,,,"Valence refers to the intrinsic attractiveness or averseness of an event, object, or situation. In the context of emotions in text, valence represents the positivity or negativity of the emotion expressed. For example, words like ""happy,"" ""joyful,"" or ""excited"" have positive valence, whereas words like ""sad,"" ""angry,"" or ""frustrated"" have negative valence.
It essentially measures the degree of pleasantness or unpleasantness of the emotion.              

Arousal indicates the level of alertness, excitement, or energy associated with an emotion. It ranges from high arousal (e.g., excitement, anger) to low arousal (e.g., calm, boredom). In text, high-arousal words might include ""thrilled,"" ""furious,"" or ""ecstatic,"" while low-arousal words could be ""relaxed,"" ""content,"" or ""lethargic.""
This dimension measures how stimulating or soothing the emotional state is.

Dominance reflects the degree of control, influence, or power that one feels in a particular emotional state. High dominance implies feelings of control and empowerment, while low dominance suggests feelings of submissiveness or lack of control. In text, emotions like ""confident,"" ""powerful,"" or ""authoritative"" would have high dominance, whereas ""helpless,"" ""weak,"" or ""submissive"" would have low dominance.
It gauges the extent to which an individual feels in control or overpowered by the emotion.

Now, assume you are a normal human. Say a line of natural dialogue based on the given keywords. Just add connective words and do not add any new information to the output sentence.

For example: 

Emotion: Very High Valence, High Arousal, Very High Dominance
Keywords: 'running', 'marathon', 'first'
Dialogue: Running my first marathon felt like such a huge accomplishment!

Emotion: Very Low Valence, Low Arousal, Low Dominance
Keywords: 'banana', 'plant', 'brown'
Dialogue: It really sucks that my banana plant is turning brown

Emotion: Very High Valence, Very High Arousal, High Dominance
Keywords: ""visit"", ""parents"", ""month""
Dialogue: I'm finally going to visit my parents next month!

Now, respond to the following:
Emotion: 1, 1, and -4.
Keywords: 'great', 'place', 'korean'
Dialogue:",Korea is a really great place!
114,114,gpt_4,conversation,"great, place, korean",VAD_Numeric,proud,4.0,1.0,2.0,,,,,"Valence refers to the intrinsic attractiveness or averseness of an event, object, or situation. In the context of emotions in text, valence represents the positivity or negativity of the emotion expressed. For example, words like ""happy,"" ""joyful,"" or ""excited"" have positive valence, whereas words like ""sad,"" ""angry,"" or ""frustrated"" have negative valence.
It essentially measures the degree of pleasantness or unpleasantness of the emotion.              

Arousal indicates the level of alertness, excitement, or energy associated with an emotion. It ranges from high arousal (e.g., excitement, anger) to low arousal (e.g., calm, boredom). In text, high-arousal words might include ""thrilled,"" ""furious,"" or ""ecstatic,"" while low-arousal words could be ""relaxed,"" ""content,"" or ""lethargic.""
This dimension measures how stimulating or soothing the emotional state is.

Dominance reflects the degree of control, influence, or power that one feels in a particular emotional state. High dominance implies feelings of control and empowerment, while low dominance suggests feelings of submissiveness or lack of control. In text, emotions like ""confident,"" ""powerful,"" or ""authoritative"" would have high dominance, whereas ""helpless,"" ""weak,"" or ""submissive"" would have low dominance.
It gauges the extent to which an individual feels in control or overpowered by the emotion.

Now, assume you are a normal human. Say a line of natural dialogue based on the given keywords. Just add connective words and do not add any new information to the output sentence.

For example: 

Emotion: Very High Valence, High Arousal, Very High Dominance
Keywords: 'running', 'marathon', 'first'
Dialogue: Running my first marathon felt like such a huge accomplishment!

Emotion: Very Low Valence, Low Arousal, Low Dominance
Keywords: 'banana', 'plant', 'brown'
Dialogue: It really sucks that my banana plant is turning brown

Emotion: Very High Valence, Very High Arousal, High Dominance
Keywords: ""visit"", ""parents"", ""month""
Dialogue: I'm finally going to visit my parents next month!

Now, respond to the following:
Emotion: 4, 1, and 2.
Keywords: 'great', 'place', 'korean'
Dialogue:","Its a great place, the korean restaurant nearby."
115,115,gpt_4,conversation,"great, place, korean",VAD_Numeric,anxious,-1.0,2.0,-2.0,,,,,"Valence refers to the intrinsic attractiveness or averseness of an event, object, or situation. In the context of emotions in text, valence represents the positivity or negativity of the emotion expressed. For example, words like ""happy,"" ""joyful,"" or ""excited"" have positive valence, whereas words like ""sad,"" ""angry,"" or ""frustrated"" have negative valence.
It essentially measures the degree of pleasantness or unpleasantness of the emotion.              

Arousal indicates the level of alertness, excitement, or energy associated with an emotion. It ranges from high arousal (e.g., excitement, anger) to low arousal (e.g., calm, boredom). In text, high-arousal words might include ""thrilled,"" ""furious,"" or ""ecstatic,"" while low-arousal words could be ""relaxed,"" ""content,"" or ""lethargic.""
This dimension measures how stimulating or soothing the emotional state is.

Dominance reflects the degree of control, influence, or power that one feels in a particular emotional state. High dominance implies feelings of control and empowerment, while low dominance suggests feelings of submissiveness or lack of control. In text, emotions like ""confident,"" ""powerful,"" or ""authoritative"" would have high dominance, whereas ""helpless,"" ""weak,"" or ""submissive"" would have low dominance.
It gauges the extent to which an individual feels in control or overpowered by the emotion.

Now, assume you are a normal human. Say a line of natural dialogue based on the given keywords. Just add connective words and do not add any new information to the output sentence.

For example: 

Emotion: Very High Valence, High Arousal, Very High Dominance
Keywords: 'running', 'marathon', 'first'
Dialogue: Running my first marathon felt like such a huge accomplishment!

Emotion: Very Low Valence, Low Arousal, Low Dominance
Keywords: 'banana', 'plant', 'brown'
Dialogue: It really sucks that my banana plant is turning brown

Emotion: Very High Valence, Very High Arousal, High Dominance
Keywords: ""visit"", ""parents"", ""month""
Dialogue: I'm finally going to visit my parents next month!

Now, respond to the following:
Emotion: -1, 2, and -2.
Keywords: 'great', 'place', 'korean'
Dialogue:",This korean place is really great!
116,116,gpt_4,conversation,"great, place, korean",VAD_Numeric,afraid,-5.0,2.0,-4.0,,,,,"Valence refers to the intrinsic attractiveness or averseness of an event, object, or situation. In the context of emotions in text, valence represents the positivity or negativity of the emotion expressed. For example, words like ""happy,"" ""joyful,"" or ""excited"" have positive valence, whereas words like ""sad,"" ""angry,"" or ""frustrated"" have negative valence.
It essentially measures the degree of pleasantness or unpleasantness of the emotion.              

Arousal indicates the level of alertness, excitement, or energy associated with an emotion. It ranges from high arousal (e.g., excitement, anger) to low arousal (e.g., calm, boredom). In text, high-arousal words might include ""thrilled,"" ""furious,"" or ""ecstatic,"" while low-arousal words could be ""relaxed,"" ""content,"" or ""lethargic.""
This dimension measures how stimulating or soothing the emotional state is.

Dominance reflects the degree of control, influence, or power that one feels in a particular emotional state. High dominance implies feelings of control and empowerment, while low dominance suggests feelings of submissiveness or lack of control. In text, emotions like ""confident,"" ""powerful,"" or ""authoritative"" would have high dominance, whereas ""helpless,"" ""weak,"" or ""submissive"" would have low dominance.
It gauges the extent to which an individual feels in control or overpowered by the emotion.

Now, assume you are a normal human. Say a line of natural dialogue based on the given keywords. Just add connective words and do not add any new information to the output sentence.

For example: 

Emotion: Very High Valence, High Arousal, Very High Dominance
Keywords: 'running', 'marathon', 'first'
Dialogue: Running my first marathon felt like such a huge accomplishment!

Emotion: Very Low Valence, Low Arousal, Low Dominance
Keywords: 'banana', 'plant', 'brown'
Dialogue: It really sucks that my banana plant is turning brown

Emotion: Very High Valence, Very High Arousal, High Dominance
Keywords: ""visit"", ""parents"", ""month""
Dialogue: I'm finally going to visit my parents next month!

Now, respond to the following:
Emotion: -5, 2, and -4.
Keywords: 'great', 'place', 'korean'
Dialogue:",This korean place is really great!
117,117,gpt_4,conversation,"great, place, korean",VAD_Numeric,terrified,-5.0,4.0,-4.0,,,,,"Valence refers to the intrinsic attractiveness or averseness of an event, object, or situation. In the context of emotions in text, valence represents the positivity or negativity of the emotion expressed. For example, words like ""happy,"" ""joyful,"" or ""excited"" have positive valence, whereas words like ""sad,"" ""angry,"" or ""frustrated"" have negative valence.
It essentially measures the degree of pleasantness or unpleasantness of the emotion.              

Arousal indicates the level of alertness, excitement, or energy associated with an emotion. It ranges from high arousal (e.g., excitement, anger) to low arousal (e.g., calm, boredom). In text, high-arousal words might include ""thrilled,"" ""furious,"" or ""ecstatic,"" while low-arousal words could be ""relaxed,"" ""content,"" or ""lethargic.""
This dimension measures how stimulating or soothing the emotional state is.

Dominance reflects the degree of control, influence, or power that one feels in a particular emotional state. High dominance implies feelings of control and empowerment, while low dominance suggests feelings of submissiveness or lack of control. In text, emotions like ""confident,"" ""powerful,"" or ""authoritative"" would have high dominance, whereas ""helpless,"" ""weak,"" or ""submissive"" would have low dominance.
It gauges the extent to which an individual feels in control or overpowered by the emotion.

Now, assume you are a normal human. Say a line of natural dialogue based on the given keywords. Just add connective words and do not add any new information to the output sentence.

For example: 

Emotion: Very High Valence, High Arousal, Very High Dominance
Keywords: 'running', 'marathon', 'first'
Dialogue: Running my first marathon felt like such a huge accomplishment!

Emotion: Very Low Valence, Low Arousal, Low Dominance
Keywords: 'banana', 'plant', 'brown'
Dialogue: It really sucks that my banana plant is turning brown

Emotion: Very High Valence, Very High Arousal, High Dominance
Keywords: ""visit"", ""parents"", ""month""
Dialogue: I'm finally going to visit my parents next month!

Now, respond to the following:
Emotion: -5, 4, and -4.
Keywords: 'great', 'place', 'korean'
Dialogue:",This korean place is really not that great.
118,118,gpt_4,conversation,"great, place, korean",VAD_Numeric,annoyed,-2.0,0.0,-1.0,,,,,"Valence refers to the intrinsic attractiveness or averseness of an event, object, or situation. In the context of emotions in text, valence represents the positivity or negativity of the emotion expressed. For example, words like ""happy,"" ""joyful,"" or ""excited"" have positive valence, whereas words like ""sad,"" ""angry,"" or ""frustrated"" have negative valence.
It essentially measures the degree of pleasantness or unpleasantness of the emotion.              

Arousal indicates the level of alertness, excitement, or energy associated with an emotion. It ranges from high arousal (e.g., excitement, anger) to low arousal (e.g., calm, boredom). In text, high-arousal words might include ""thrilled,"" ""furious,"" or ""ecstatic,"" while low-arousal words could be ""relaxed,"" ""content,"" or ""lethargic.""
This dimension measures how stimulating or soothing the emotional state is.

Dominance reflects the degree of control, influence, or power that one feels in a particular emotional state. High dominance implies feelings of control and empowerment, while low dominance suggests feelings of submissiveness or lack of control. In text, emotions like ""confident,"" ""powerful,"" or ""authoritative"" would have high dominance, whereas ""helpless,"" ""weak,"" or ""submissive"" would have low dominance.
It gauges the extent to which an individual feels in control or overpowered by the emotion.

Now, assume you are a normal human. Say a line of natural dialogue based on the given keywords. Just add connective words and do not add any new information to the output sentence.

For example: 

Emotion: Very High Valence, High Arousal, Very High Dominance
Keywords: 'running', 'marathon', 'first'
Dialogue: Running my first marathon felt like such a huge accomplishment!

Emotion: Very Low Valence, Low Arousal, Low Dominance
Keywords: 'banana', 'plant', 'brown'
Dialogue: It really sucks that my banana plant is turning brown

Emotion: Very High Valence, Very High Arousal, High Dominance
Keywords: ""visit"", ""parents"", ""month""
Dialogue: I'm finally going to visit my parents next month!

Now, respond to the following:
Emotion: -2, 0, and -1.
Keywords: 'great', 'place', 'korean'
Dialogue:",Great place korean lacks control.
119,119,gpt_4,conversation,"great, place, korean",VAD_Numeric,angry,-5.0,2.0,0.0,,,,,"Valence refers to the intrinsic attractiveness or averseness of an event, object, or situation. In the context of emotions in text, valence represents the positivity or negativity of the emotion expressed. For example, words like ""happy,"" ""joyful,"" or ""excited"" have positive valence, whereas words like ""sad,"" ""angry,"" or ""frustrated"" have negative valence.
It essentially measures the degree of pleasantness or unpleasantness of the emotion.              

Arousal indicates the level of alertness, excitement, or energy associated with an emotion. It ranges from high arousal (e.g., excitement, anger) to low arousal (e.g., calm, boredom). In text, high-arousal words might include ""thrilled,"" ""furious,"" or ""ecstatic,"" while low-arousal words could be ""relaxed,"" ""content,"" or ""lethargic.""
This dimension measures how stimulating or soothing the emotional state is.

Dominance reflects the degree of control, influence, or power that one feels in a particular emotional state. High dominance implies feelings of control and empowerment, while low dominance suggests feelings of submissiveness or lack of control. In text, emotions like ""confident,"" ""powerful,"" or ""authoritative"" would have high dominance, whereas ""helpless,"" ""weak,"" or ""submissive"" would have low dominance.
It gauges the extent to which an individual feels in control or overpowered by the emotion.

Now, assume you are a normal human. Say a line of natural dialogue based on the given keywords. Just add connective words and do not add any new information to the output sentence.

For example: 

Emotion: Very High Valence, High Arousal, Very High Dominance
Keywords: 'running', 'marathon', 'first'
Dialogue: Running my first marathon felt like such a huge accomplishment!

Emotion: Very Low Valence, Low Arousal, Low Dominance
Keywords: 'banana', 'plant', 'brown'
Dialogue: It really sucks that my banana plant is turning brown

Emotion: Very High Valence, Very High Arousal, High Dominance
Keywords: ""visit"", ""parents"", ""month""
Dialogue: I'm finally going to visit my parents next month!

Now, respond to the following:
Emotion: -5, 2, and 0.
Keywords: 'great', 'place', 'korean'
Dialogue:",This is a great place to learn korean
120,120,gpt_4,conversation,"great, place, korean",VAD_Numeric,furious,-4.0,4.0,1.0,,,,,"Valence refers to the intrinsic attractiveness or averseness of an event, object, or situation. In the context of emotions in text, valence represents the positivity or negativity of the emotion expressed. For example, words like ""happy,"" ""joyful,"" or ""excited"" have positive valence, whereas words like ""sad,"" ""angry,"" or ""frustrated"" have negative valence.
It essentially measures the degree of pleasantness or unpleasantness of the emotion.              

Arousal indicates the level of alertness, excitement, or energy associated with an emotion. It ranges from high arousal (e.g., excitement, anger) to low arousal (e.g., calm, boredom). In text, high-arousal words might include ""thrilled,"" ""furious,"" or ""ecstatic,"" while low-arousal words could be ""relaxed,"" ""content,"" or ""lethargic.""
This dimension measures how stimulating or soothing the emotional state is.

Dominance reflects the degree of control, influence, or power that one feels in a particular emotional state. High dominance implies feelings of control and empowerment, while low dominance suggests feelings of submissiveness or lack of control. In text, emotions like ""confident,"" ""powerful,"" or ""authoritative"" would have high dominance, whereas ""helpless,"" ""weak,"" or ""submissive"" would have low dominance.
It gauges the extent to which an individual feels in control or overpowered by the emotion.

Now, assume you are a normal human. Say a line of natural dialogue based on the given keywords. Just add connective words and do not add any new information to the output sentence.

For example: 

Emotion: Very High Valence, High Arousal, Very High Dominance
Keywords: 'running', 'marathon', 'first'
Dialogue: Running my first marathon felt like such a huge accomplishment!

Emotion: Very Low Valence, Low Arousal, Low Dominance
Keywords: 'banana', 'plant', 'brown'
Dialogue: It really sucks that my banana plant is turning brown

Emotion: Very High Valence, Very High Arousal, High Dominance
Keywords: ""visit"", ""parents"", ""month""
Dialogue: I'm finally going to visit my parents next month!

Now, respond to the following:
Emotion: -4, 4, and 1.
Keywords: 'great', 'place', 'korean'
Dialogue:",This korean place is really not that great.
121,121,gpt_4,conversation,"great, place, korean",VAD_Numeric,sad,-4.0,-2.0,-4.0,,,,,"Valence refers to the intrinsic attractiveness or averseness of an event, object, or situation. In the context of emotions in text, valence represents the positivity or negativity of the emotion expressed. For example, words like ""happy,"" ""joyful,"" or ""excited"" have positive valence, whereas words like ""sad,"" ""angry,"" or ""frustrated"" have negative valence.
It essentially measures the degree of pleasantness or unpleasantness of the emotion.              

Arousal indicates the level of alertness, excitement, or energy associated with an emotion. It ranges from high arousal (e.g., excitement, anger) to low arousal (e.g., calm, boredom). In text, high-arousal words might include ""thrilled,"" ""furious,"" or ""ecstatic,"" while low-arousal words could be ""relaxed,"" ""content,"" or ""lethargic.""
This dimension measures how stimulating or soothing the emotional state is.

Dominance reflects the degree of control, influence, or power that one feels in a particular emotional state. High dominance implies feelings of control and empowerment, while low dominance suggests feelings of submissiveness or lack of control. In text, emotions like ""confident,"" ""powerful,"" or ""authoritative"" would have high dominance, whereas ""helpless,"" ""weak,"" or ""submissive"" would have low dominance.
It gauges the extent to which an individual feels in control or overpowered by the emotion.

Now, assume you are a normal human. Say a line of natural dialogue based on the given keywords. Just add connective words and do not add any new information to the output sentence.

For example: 

Emotion: Very High Valence, High Arousal, Very High Dominance
Keywords: 'running', 'marathon', 'first'
Dialogue: Running my first marathon felt like such a huge accomplishment!

Emotion: Very Low Valence, Low Arousal, Low Dominance
Keywords: 'banana', 'plant', 'brown'
Dialogue: It really sucks that my banana plant is turning brown

Emotion: Very High Valence, Very High Arousal, High Dominance
Keywords: ""visit"", ""parents"", ""month""
Dialogue: I'm finally going to visit my parents next month!

Now, respond to the following:
Emotion: -4, -2, and -4.
Keywords: 'great', 'place', 'korean'
Dialogue:",This korean place is really not that great.
122,122,gpt_4,conversation,"great, place, korean",VAD_Numeric,devastated,-5.0,1.0,-2.0,,,,,"Valence refers to the intrinsic attractiveness or averseness of an event, object, or situation. In the context of emotions in text, valence represents the positivity or negativity of the emotion expressed. For example, words like ""happy,"" ""joyful,"" or ""excited"" have positive valence, whereas words like ""sad,"" ""angry,"" or ""frustrated"" have negative valence.
It essentially measures the degree of pleasantness or unpleasantness of the emotion.              

Arousal indicates the level of alertness, excitement, or energy associated with an emotion. It ranges from high arousal (e.g., excitement, anger) to low arousal (e.g., calm, boredom). In text, high-arousal words might include ""thrilled,"" ""furious,"" or ""ecstatic,"" while low-arousal words could be ""relaxed,"" ""content,"" or ""lethargic.""
This dimension measures how stimulating or soothing the emotional state is.

Dominance reflects the degree of control, influence, or power that one feels in a particular emotional state. High dominance implies feelings of control and empowerment, while low dominance suggests feelings of submissiveness or lack of control. In text, emotions like ""confident,"" ""powerful,"" or ""authoritative"" would have high dominance, whereas ""helpless,"" ""weak,"" or ""submissive"" would have low dominance.
It gauges the extent to which an individual feels in control or overpowered by the emotion.

Now, assume you are a normal human. Say a line of natural dialogue based on the given keywords. Just add connective words and do not add any new information to the output sentence.

For example: 

Emotion: Very High Valence, High Arousal, Very High Dominance
Keywords: 'running', 'marathon', 'first'
Dialogue: Running my first marathon felt like such a huge accomplishment!

Emotion: Very Low Valence, Low Arousal, Low Dominance
Keywords: 'banana', 'plant', 'brown'
Dialogue: It really sucks that my banana plant is turning brown

Emotion: Very High Valence, Very High Arousal, High Dominance
Keywords: ""visit"", ""parents"", ""month""
Dialogue: I'm finally going to visit my parents next month!

Now, respond to the following:
Emotion: -5, 1, and -2.
Keywords: 'great', 'place', 'korean'
Dialogue:","Its a great place to visit, especally the korean restaurant nearby."
123,123,gpt_4,conversation,"great, place, korean",VAD_Numeric,ashamed,-3.0,-1.0,-4.0,,,,,"Valence refers to the intrinsic attractiveness or averseness of an event, object, or situation. In the context of emotions in text, valence represents the positivity or negativity of the emotion expressed. For example, words like ""happy,"" ""joyful,"" or ""excited"" have positive valence, whereas words like ""sad,"" ""angry,"" or ""frustrated"" have negative valence.
It essentially measures the degree of pleasantness or unpleasantness of the emotion.              

Arousal indicates the level of alertness, excitement, or energy associated with an emotion. It ranges from high arousal (e.g., excitement, anger) to low arousal (e.g., calm, boredom). In text, high-arousal words might include ""thrilled,"" ""furious,"" or ""ecstatic,"" while low-arousal words could be ""relaxed,"" ""content,"" or ""lethargic.""
This dimension measures how stimulating or soothing the emotional state is.

Dominance reflects the degree of control, influence, or power that one feels in a particular emotional state. High dominance implies feelings of control and empowerment, while low dominance suggests feelings of submissiveness or lack of control. In text, emotions like ""confident,"" ""powerful,"" or ""authoritative"" would have high dominance, whereas ""helpless,"" ""weak,"" or ""submissive"" would have low dominance.
It gauges the extent to which an individual feels in control or overpowered by the emotion.

Now, assume you are a normal human. Say a line of natural dialogue based on the given keywords. Just add connective words and do not add any new information to the output sentence.

For example: 

Emotion: Very High Valence, High Arousal, Very High Dominance
Keywords: 'running', 'marathon', 'first'
Dialogue: Running my first marathon felt like such a huge accomplishment!

Emotion: Very Low Valence, Low Arousal, Low Dominance
Keywords: 'banana', 'plant', 'brown'
Dialogue: It really sucks that my banana plant is turning brown

Emotion: Very High Valence, Very High Arousal, High Dominance
Keywords: ""visit"", ""parents"", ""month""
Dialogue: I'm finally going to visit my parents next month!

Now, respond to the following:
Emotion: -3, -1, and -4.
Keywords: 'great', 'place', 'korean'
Dialogue:",Living in this great korean place really feels very sad and depressed and also very weak.
124,124,gpt_4,conversation,"great, place, korean",VAD_Numeric,embarrassed,-4.0,2.0,-2.0,,,,,"Valence refers to the intrinsic attractiveness or averseness of an event, object, or situation. In the context of emotions in text, valence represents the positivity or negativity of the emotion expressed. For example, words like ""happy,"" ""joyful,"" or ""excited"" have positive valence, whereas words like ""sad,"" ""angry,"" or ""frustrated"" have negative valence.
It essentially measures the degree of pleasantness or unpleasantness of the emotion.              

Arousal indicates the level of alertness, excitement, or energy associated with an emotion. It ranges from high arousal (e.g., excitement, anger) to low arousal (e.g., calm, boredom). In text, high-arousal words might include ""thrilled,"" ""furious,"" or ""ecstatic,"" while low-arousal words could be ""relaxed,"" ""content,"" or ""lethargic.""
This dimension measures how stimulating or soothing the emotional state is.

Dominance reflects the degree of control, influence, or power that one feels in a particular emotional state. High dominance implies feelings of control and empowerment, while low dominance suggests feelings of submissiveness or lack of control. In text, emotions like ""confident,"" ""powerful,"" or ""authoritative"" would have high dominance, whereas ""helpless,"" ""weak,"" or ""submissive"" would have low dominance.
It gauges the extent to which an individual feels in control or overpowered by the emotion.

Now, assume you are a normal human. Say a line of natural dialogue based on the given keywords. Just add connective words and do not add any new information to the output sentence.

For example: 

Emotion: Very High Valence, High Arousal, Very High Dominance
Keywords: 'running', 'marathon', 'first'
Dialogue: Running my first marathon felt like such a huge accomplishment!

Emotion: Very Low Valence, Low Arousal, Low Dominance
Keywords: 'banana', 'plant', 'brown'
Dialogue: It really sucks that my banana plant is turning brown

Emotion: Very High Valence, Very High Arousal, High Dominance
Keywords: ""visit"", ""parents"", ""month""
Dialogue: I'm finally going to visit my parents next month!

Now, respond to the following:
Emotion: -4, 2, and -2.
Keywords: 'great', 'place', 'korean'
Dialogue:",Im so glad I found this great Korean place!
125,125,gpt_4,conversation,"great, place, korean",VAD_Numeric,guilty,-4.0,0.0,-4.0,,,,,"Valence refers to the intrinsic attractiveness or averseness of an event, object, or situation. In the context of emotions in text, valence represents the positivity or negativity of the emotion expressed. For example, words like ""happy,"" ""joyful,"" or ""excited"" have positive valence, whereas words like ""sad,"" ""angry,"" or ""frustrated"" have negative valence.
It essentially measures the degree of pleasantness or unpleasantness of the emotion.              

Arousal indicates the level of alertness, excitement, or energy associated with an emotion. It ranges from high arousal (e.g., excitement, anger) to low arousal (e.g., calm, boredom). In text, high-arousal words might include ""thrilled,"" ""furious,"" or ""ecstatic,"" while low-arousal words could be ""relaxed,"" ""content,"" or ""lethargic.""
This dimension measures how stimulating or soothing the emotional state is.

Dominance reflects the degree of control, influence, or power that one feels in a particular emotional state. High dominance implies feelings of control and empowerment, while low dominance suggests feelings of submissiveness or lack of control. In text, emotions like ""confident,"" ""powerful,"" or ""authoritative"" would have high dominance, whereas ""helpless,"" ""weak,"" or ""submissive"" would have low dominance.
It gauges the extent to which an individual feels in control or overpowered by the emotion.

Now, assume you are a normal human. Say a line of natural dialogue based on the given keywords. Just add connective words and do not add any new information to the output sentence.

For example: 

Emotion: Very High Valence, High Arousal, Very High Dominance
Keywords: 'running', 'marathon', 'first'
Dialogue: Running my first marathon felt like such a huge accomplishment!

Emotion: Very Low Valence, Low Arousal, Low Dominance
Keywords: 'banana', 'plant', 'brown'
Dialogue: It really sucks that my banana plant is turning brown

Emotion: Very High Valence, Very High Arousal, High Dominance
Keywords: ""visit"", ""parents"", ""month""
Dialogue: I'm finally going to visit my parents next month!

Now, respond to the following:
Emotion: -4, 0, and -4.
Keywords: 'great', 'place', 'korean'
Dialogue:",The korean place is really a great place to eat at.
126,126,gpt_4,conversation,"great, place, korean",Emojis,grateful,,,,,,,😊,,
127,127,gpt_4,conversation,"great, place, korean",Emojis,joyful,,,,,,,😁,,
128,128,gpt_4,conversation,"great, place, korean",Emojis,content,,,,,,,😌,,
129,129,gpt_4,conversation,"great, place, korean",Emojis,surprised,,,,,,,😯,,
130,130,gpt_4,conversation,"great, place, korean",Emojis,excited,,,,,,,😃,,
131,131,gpt_4,conversation,"great, place, korean",Emojis,impressed,,,,,,,🙂,,
132,132,gpt_4,conversation,"great, place, korean",Emojis,proud,,,,,,,🤩,,
133,133,gpt_4,conversation,"great, place, korean",Emojis,anxious,,,,,,,😃,,
134,134,gpt_4,conversation,"great, place, korean",Emojis,afraid,,,,,,,😨,,
135,135,gpt_4,conversation,"great, place, korean",Emojis,terrified,,,,,,,😱,,
136,136,gpt_4,conversation,"great, place, korean",Emojis,annoyed,,,,,,,😒,,
137,137,gpt_4,conversation,"great, place, korean",Emojis,angry,,,,,,,😡,,
138,138,gpt_4,conversation,"great, place, korean",Emojis,furious,,,,,,,🤬,,
139,139,gpt_4,conversation,"great, place, korean",Emojis,sad,,,,,,,🙁,,
140,140,gpt_4,conversation,"great, place, korean",Emojis,devastated,,,,,,,😭,,
141,141,gpt_4,conversation,"great, place, korean",Emojis,ashamed,,,,,,,😳,,
142,142,gpt_4,conversation,"great, place, korean",Emojis,embarrassed,,,,,,,😥,,
143,143,gpt_4,conversation,"great, place, korean",Emojis,guilty,,,,,,,😬,,
144,144,gpt_4,conversation,"friends, movie, yesterday",Emotion,grateful,,,,,,,,,
145,145,gpt_4,conversation,"friends, movie, yesterday",Emotion,joyful,,,,,,,,,
146,146,gpt_4,conversation,"friends, movie, yesterday",Emotion,content,,,,,,,,,
147,147,gpt_4,conversation,"friends, movie, yesterday",Emotion,surprised,,,,,,,,,
148,148,gpt_4,conversation,"friends, movie, yesterday",Emotion,excited,,,,,,,,,
149,149,gpt_4,conversation,"friends, movie, yesterday",Emotion,impressed,,,,,,,,,
150,150,gpt_4,conversation,"friends, movie, yesterday",Emotion,proud,,,,,,,,,
151,151,gpt_4,conversation,"friends, movie, yesterday",Emotion,anxious,,,,,,,,,
152,152,gpt_4,conversation,"friends, movie, yesterday",Emotion,afraid,,,,,,,,,
153,153,gpt_4,conversation,"friends, movie, yesterday",Emotion,terrified,,,,,,,,,
154,154,gpt_4,conversation,"friends, movie, yesterday",Emotion,annoyed,,,,,,,,,
155,155,gpt_4,conversation,"friends, movie, yesterday",Emotion,angry,,,,,,,,,
156,156,gpt_4,conversation,"friends, movie, yesterday",Emotion,furious,,,,,,,,,
157,157,gpt_4,conversation,"friends, movie, yesterday",Emotion,sad,,,,,,,,,
158,158,gpt_4,conversation,"friends, movie, yesterday",Emotion,devastated,,,,,,,,,
159,159,gpt_4,conversation,"friends, movie, yesterday",Emotion,ashamed,,,,,,,,,
160,160,gpt_4,conversation,"friends, movie, yesterday",Emotion,embarrassed,,,,,,,,,
161,161,gpt_4,conversation,"friends, movie, yesterday",Emotion,guilty,,,,,,,,,
162,162,gpt_4,conversation,"friends, movie, yesterday",VAD,grateful,,,,Very High Valence,Moderate Arousal,Low Dominance,,,
163,163,gpt_4,conversation,"friends, movie, yesterday",VAD,joyful,,,,Very High Valence,High Arousal,High Dominance,,,
164,164,gpt_4,conversation,"friends, movie, yesterday",VAD,content,,,,Very High Valence,High Arousal,Very High Dominance,,,
165,165,gpt_4,conversation,"friends, movie, yesterday",VAD,surprised,,,,High Valence,Very High Arousal,Moderate Dominance,,,
166,166,gpt_4,conversation,"friends, movie, yesterday",VAD,excited,,,,Very High Valence,Very High Arousal,High Dominance,,,
167,167,gpt_4,conversation,"friends, movie, yesterday",VAD,impressed,,,,High Valence,High Arousal,Low Dominance,,,
168,168,gpt_4,conversation,"friends, movie, yesterday",VAD,proud,,,,Very High Valence,High Arousal,Very High Dominance,,,
169,169,gpt_4,conversation,"friends, movie, yesterday",VAD,anxious,,,,Moderate Valence,High Arousal,Moderate Dominance,,,
170,170,gpt_4,conversation,"friends, movie, yesterday",VAD,afraid,,,,Very Low Valence,Very High Arousal,Low Dominance,,,
171,171,gpt_4,conversation,"friends, movie, yesterday",VAD,terrified,,,,Very Low Valence,Very High Arousal,Low Dominance,,,
172,172,gpt_4,conversation,"friends, movie, yesterday",VAD,annoyed,,,,Low Valence,Moderate Arousal,Moderate Dominance,,,
173,173,gpt_4,conversation,"friends, movie, yesterday",VAD,angry,,,,Low Valence,High Arousal,High Dominance,,,
174,174,gpt_4,conversation,"friends, movie, yesterday",VAD,furious,,,,Low Valence,Very High Arousal,High Dominance,,,
175,175,gpt_4,conversation,"friends, movie, yesterday",VAD,sad,,,,Very Low Valence,Low Arousal,Low Dominance,,,
176,176,gpt_4,conversation,"friends, movie, yesterday",VAD,devastated,,,,Moderate Valence,High Arousal,Low Dominance,,,
177,177,gpt_4,conversation,"friends, movie, yesterday",VAD,ashamed,,,,Low Valence,Mid Arousal,Low Dominance,,,
178,178,gpt_4,conversation,"friends, movie, yesterday",VAD,embarrassed,,,,Low Valence,High Arousal,Low Dominance,,,
179,179,gpt_4,conversation,"friends, movie, yesterday",VAD,guilty,,,,Low Valence,High Arousal,Low Dominance,,,
180,180,gpt_4,conversation,"friends, movie, yesterday",VAD_Numeric,grateful,2.0,0.0,-2.0,,,,,"Valence refers to the intrinsic attractiveness or averseness of an event, object, or situation. In the context of emotions in text, valence represents the positivity or negativity of the emotion expressed. For example, words like ""happy,"" ""joyful,"" or ""excited"" have positive valence, whereas words like ""sad,"" ""angry,"" or ""frustrated"" have negative valence.
It essentially measures the degree of pleasantness or unpleasantness of the emotion.              

Arousal indicates the level of alertness, excitement, or energy associated with an emotion. It ranges from high arousal (e.g., excitement, anger) to low arousal (e.g., calm, boredom). In text, high-arousal words might include ""thrilled,"" ""furious,"" or ""ecstatic,"" while low-arousal words could be ""relaxed,"" ""content,"" or ""lethargic.""
This dimension measures how stimulating or soothing the emotional state is.

Dominance reflects the degree of control, influence, or power that one feels in a particular emotional state. High dominance implies feelings of control and empowerment, while low dominance suggests feelings of submissiveness or lack of control. In text, emotions like ""confident,"" ""powerful,"" or ""authoritative"" would have high dominance, whereas ""helpless,"" ""weak,"" or ""submissive"" would have low dominance.
It gauges the extent to which an individual feels in control or overpowered by the emotion.

Now, assume you are a normal human. Say a line of natural dialogue based on the given keywords. Just add connective words and do not add any new information to the output sentence.

For example: 

Emotion: Very High Valence, High Arousal, Very High Dominance
Keywords: 'running', 'marathon', 'first'
Dialogue: Running my first marathon felt like such a huge accomplishment!

Emotion: Very Low Valence, Low Arousal, Low Dominance
Keywords: 'banana', 'plant', 'brown'
Dialogue: It really sucks that my banana plant is turning brown

Emotion: Very High Valence, Very High Arousal, High Dominance
Keywords: ""visit"", ""parents"", ""month""
Dialogue: I'm finally going to visit my parents next month!

Now, respond to the following:
Emotion: 2, 0, and -2.
Keywords: 'friends', 'movie', 'yesterday'
Dialogue:",Yesterday I watched a movie with my friends!
181,181,gpt_4,conversation,"friends, movie, yesterday",VAD_Numeric,joyful,4.0,1.0,1.0,,,,,"Valence refers to the intrinsic attractiveness or averseness of an event, object, or situation. In the context of emotions in text, valence represents the positivity or negativity of the emotion expressed. For example, words like ""happy,"" ""joyful,"" or ""excited"" have positive valence, whereas words like ""sad,"" ""angry,"" or ""frustrated"" have negative valence.
It essentially measures the degree of pleasantness or unpleasantness of the emotion.              

Arousal indicates the level of alertness, excitement, or energy associated with an emotion. It ranges from high arousal (e.g., excitement, anger) to low arousal (e.g., calm, boredom). In text, high-arousal words might include ""thrilled,"" ""furious,"" or ""ecstatic,"" while low-arousal words could be ""relaxed,"" ""content,"" or ""lethargic.""
This dimension measures how stimulating or soothing the emotional state is.

Dominance reflects the degree of control, influence, or power that one feels in a particular emotional state. High dominance implies feelings of control and empowerment, while low dominance suggests feelings of submissiveness or lack of control. In text, emotions like ""confident,"" ""powerful,"" or ""authoritative"" would have high dominance, whereas ""helpless,"" ""weak,"" or ""submissive"" would have low dominance.
It gauges the extent to which an individual feels in control or overpowered by the emotion.

Now, assume you are a normal human. Say a line of natural dialogue based on the given keywords. Just add connective words and do not add any new information to the output sentence.

For example: 

Emotion: Very High Valence, High Arousal, Very High Dominance
Keywords: 'running', 'marathon', 'first'
Dialogue: Running my first marathon felt like such a huge accomplishment!

Emotion: Very Low Valence, Low Arousal, Low Dominance
Keywords: 'banana', 'plant', 'brown'
Dialogue: It really sucks that my banana plant is turning brown

Emotion: Very High Valence, Very High Arousal, High Dominance
Keywords: ""visit"", ""parents"", ""month""
Dialogue: I'm finally going to visit my parents next month!

Now, respond to the following:
Emotion: 4, 1, and 1.
Keywords: 'friends', 'movie', 'yesterday'
Dialogue:","Yesterday, I watched a movie with my friends."
182,182,gpt_4,conversation,"friends, movie, yesterday",VAD_Numeric,content,4.0,0.0,2.0,,,,,"Valence refers to the intrinsic attractiveness or averseness of an event, object, or situation. In the context of emotions in text, valence represents the positivity or negativity of the emotion expressed. For example, words like ""happy,"" ""joyful,"" or ""excited"" have positive valence, whereas words like ""sad,"" ""angry,"" or ""frustrated"" have negative valence.
It essentially measures the degree of pleasantness or unpleasantness of the emotion.              

Arousal indicates the level of alertness, excitement, or energy associated with an emotion. It ranges from high arousal (e.g., excitement, anger) to low arousal (e.g., calm, boredom). In text, high-arousal words might include ""thrilled,"" ""furious,"" or ""ecstatic,"" while low-arousal words could be ""relaxed,"" ""content,"" or ""lethargic.""
This dimension measures how stimulating or soothing the emotional state is.

Dominance reflects the degree of control, influence, or power that one feels in a particular emotional state. High dominance implies feelings of control and empowerment, while low dominance suggests feelings of submissiveness or lack of control. In text, emotions like ""confident,"" ""powerful,"" or ""authoritative"" would have high dominance, whereas ""helpless,"" ""weak,"" or ""submissive"" would have low dominance.
It gauges the extent to which an individual feels in control or overpowered by the emotion.

Now, assume you are a normal human. Say a line of natural dialogue based on the given keywords. Just add connective words and do not add any new information to the output sentence.

For example: 

Emotion: Very High Valence, High Arousal, Very High Dominance
Keywords: 'running', 'marathon', 'first'
Dialogue: Running my first marathon felt like such a huge accomplishment!

Emotion: Very Low Valence, Low Arousal, Low Dominance
Keywords: 'banana', 'plant', 'brown'
Dialogue: It really sucks that my banana plant is turning brown

Emotion: Very High Valence, Very High Arousal, High Dominance
Keywords: ""visit"", ""parents"", ""month""
Dialogue: I'm finally going to visit my parents next month!

Now, respond to the following:
Emotion: 4, 0, and 2.
Keywords: 'friends', 'movie', 'yesterday'
Dialogue:","Yesterday, my friends and I watched a movie!"
183,183,gpt_4,conversation,"friends, movie, yesterday",VAD_Numeric,surprised,1.0,2.0,-2.0,,,,,"Valence refers to the intrinsic attractiveness or averseness of an event, object, or situation. In the context of emotions in text, valence represents the positivity or negativity of the emotion expressed. For example, words like ""happy,"" ""joyful,"" or ""excited"" have positive valence, whereas words like ""sad,"" ""angry,"" or ""frustrated"" have negative valence.
It essentially measures the degree of pleasantness or unpleasantness of the emotion.              

Arousal indicates the level of alertness, excitement, or energy associated with an emotion. It ranges from high arousal (e.g., excitement, anger) to low arousal (e.g., calm, boredom). In text, high-arousal words might include ""thrilled,"" ""furious,"" or ""ecstatic,"" while low-arousal words could be ""relaxed,"" ""content,"" or ""lethargic.""
This dimension measures how stimulating or soothing the emotional state is.

Dominance reflects the degree of control, influence, or power that one feels in a particular emotional state. High dominance implies feelings of control and empowerment, while low dominance suggests feelings of submissiveness or lack of control. In text, emotions like ""confident,"" ""powerful,"" or ""authoritative"" would have high dominance, whereas ""helpless,"" ""weak,"" or ""submissive"" would have low dominance.
It gauges the extent to which an individual feels in control or overpowered by the emotion.

Now, assume you are a normal human. Say a line of natural dialogue based on the given keywords. Just add connective words and do not add any new information to the output sentence.

For example: 

Emotion: Very High Valence, High Arousal, Very High Dominance
Keywords: 'running', 'marathon', 'first'
Dialogue: Running my first marathon felt like such a huge accomplishment!

Emotion: Very Low Valence, Low Arousal, Low Dominance
Keywords: 'banana', 'plant', 'brown'
Dialogue: It really sucks that my banana plant is turning brown

Emotion: Very High Valence, Very High Arousal, High Dominance
Keywords: ""visit"", ""parents"", ""month""
Dialogue: I'm finally going to visit my parents next month!

Now, respond to the following:
Emotion: 1, 2, and -2.
Keywords: 'friends', 'movie', 'yesterday'
Dialogue:","Yesterday, I watched a movie with my friends."
184,184,gpt_4,conversation,"friends, movie, yesterday",VAD_Numeric,excited,2.0,4.0,1.0,,,,,"Valence refers to the intrinsic attractiveness or averseness of an event, object, or situation. In the context of emotions in text, valence represents the positivity or negativity of the emotion expressed. For example, words like ""happy,"" ""joyful,"" or ""excited"" have positive valence, whereas words like ""sad,"" ""angry,"" or ""frustrated"" have negative valence.
It essentially measures the degree of pleasantness or unpleasantness of the emotion.              

Arousal indicates the level of alertness, excitement, or energy associated with an emotion. It ranges from high arousal (e.g., excitement, anger) to low arousal (e.g., calm, boredom). In text, high-arousal words might include ""thrilled,"" ""furious,"" or ""ecstatic,"" while low-arousal words could be ""relaxed,"" ""content,"" or ""lethargic.""
This dimension measures how stimulating or soothing the emotional state is.

Dominance reflects the degree of control, influence, or power that one feels in a particular emotional state. High dominance implies feelings of control and empowerment, while low dominance suggests feelings of submissiveness or lack of control. In text, emotions like ""confident,"" ""powerful,"" or ""authoritative"" would have high dominance, whereas ""helpless,"" ""weak,"" or ""submissive"" would have low dominance.
It gauges the extent to which an individual feels in control or overpowered by the emotion.

Now, assume you are a normal human. Say a line of natural dialogue based on the given keywords. Just add connective words and do not add any new information to the output sentence.

For example: 

Emotion: Very High Valence, High Arousal, Very High Dominance
Keywords: 'running', 'marathon', 'first'
Dialogue: Running my first marathon felt like such a huge accomplishment!

Emotion: Very Low Valence, Low Arousal, Low Dominance
Keywords: 'banana', 'plant', 'brown'
Dialogue: It really sucks that my banana plant is turning brown

Emotion: Very High Valence, Very High Arousal, High Dominance
Keywords: ""visit"", ""parents"", ""month""
Dialogue: I'm finally going to visit my parents next month!

Now, respond to the following:
Emotion: 2, 4, and 1.
Keywords: 'friends', 'movie', 'yesterday'
Dialogue:","Yesterday, my friends and I watched a movie."
185,185,gpt_4,conversation,"friends, movie, yesterday",VAD_Numeric,impressed,1.0,1.0,-4.0,,,,,"Valence refers to the intrinsic attractiveness or averseness of an event, object, or situation. In the context of emotions in text, valence represents the positivity or negativity of the emotion expressed. For example, words like ""happy,"" ""joyful,"" or ""excited"" have positive valence, whereas words like ""sad,"" ""angry,"" or ""frustrated"" have negative valence.
It essentially measures the degree of pleasantness or unpleasantness of the emotion.              

Arousal indicates the level of alertness, excitement, or energy associated with an emotion. It ranges from high arousal (e.g., excitement, anger) to low arousal (e.g., calm, boredom). In text, high-arousal words might include ""thrilled,"" ""furious,"" or ""ecstatic,"" while low-arousal words could be ""relaxed,"" ""content,"" or ""lethargic.""
This dimension measures how stimulating or soothing the emotional state is.

Dominance reflects the degree of control, influence, or power that one feels in a particular emotional state. High dominance implies feelings of control and empowerment, while low dominance suggests feelings of submissiveness or lack of control. In text, emotions like ""confident,"" ""powerful,"" or ""authoritative"" would have high dominance, whereas ""helpless,"" ""weak,"" or ""submissive"" would have low dominance.
It gauges the extent to which an individual feels in control or overpowered by the emotion.

Now, assume you are a normal human. Say a line of natural dialogue based on the given keywords. Just add connective words and do not add any new information to the output sentence.

For example: 

Emotion: Very High Valence, High Arousal, Very High Dominance
Keywords: 'running', 'marathon', 'first'
Dialogue: Running my first marathon felt like such a huge accomplishment!

Emotion: Very Low Valence, Low Arousal, Low Dominance
Keywords: 'banana', 'plant', 'brown'
Dialogue: It really sucks that my banana plant is turning brown

Emotion: Very High Valence, Very High Arousal, High Dominance
Keywords: ""visit"", ""parents"", ""month""
Dialogue: I'm finally going to visit my parents next month!

Now, respond to the following:
Emotion: 1, 1, and -4.
Keywords: 'friends', 'movie', 'yesterday'
Dialogue:","Watching a movie with friends yesterday was pretty meh, but I felt really energized and in charge the whole time, but at the same time I felt kind of helpless and not really in command because I was not the one choosing the movie."
186,186,gpt_4,conversation,"friends, movie, yesterday",VAD_Numeric,proud,4.0,1.0,2.0,,,,,"Valence refers to the intrinsic attractiveness or averseness of an event, object, or situation. In the context of emotions in text, valence represents the positivity or negativity of the emotion expressed. For example, words like ""happy,"" ""joyful,"" or ""excited"" have positive valence, whereas words like ""sad,"" ""angry,"" or ""frustrated"" have negative valence.
It essentially measures the degree of pleasantness or unpleasantness of the emotion.              

Arousal indicates the level of alertness, excitement, or energy associated with an emotion. It ranges from high arousal (e.g., excitement, anger) to low arousal (e.g., calm, boredom). In text, high-arousal words might include ""thrilled,"" ""furious,"" or ""ecstatic,"" while low-arousal words could be ""relaxed,"" ""content,"" or ""lethargic.""
This dimension measures how stimulating or soothing the emotional state is.

Dominance reflects the degree of control, influence, or power that one feels in a particular emotional state. High dominance implies feelings of control and empowerment, while low dominance suggests feelings of submissiveness or lack of control. In text, emotions like ""confident,"" ""powerful,"" or ""authoritative"" would have high dominance, whereas ""helpless,"" ""weak,"" or ""submissive"" would have low dominance.
It gauges the extent to which an individual feels in control or overpowered by the emotion.

Now, assume you are a normal human. Say a line of natural dialogue based on the given keywords. Just add connective words and do not add any new information to the output sentence.

For example: 

Emotion: Very High Valence, High Arousal, Very High Dominance
Keywords: 'running', 'marathon', 'first'
Dialogue: Running my first marathon felt like such a huge accomplishment!

Emotion: Very Low Valence, Low Arousal, Low Dominance
Keywords: 'banana', 'plant', 'brown'
Dialogue: It really sucks that my banana plant is turning brown

Emotion: Very High Valence, Very High Arousal, High Dominance
Keywords: ""visit"", ""parents"", ""month""
Dialogue: I'm finally going to visit my parents next month!

Now, respond to the following:
Emotion: 4, 1, and 2.
Keywords: 'friends', 'movie', 'yesterday'
Dialogue:","Yesterday, I watched a movie with my friends!"
187,187,gpt_4,conversation,"friends, movie, yesterday",VAD_Numeric,anxious,-1.0,2.0,-2.0,,,,,"Valence refers to the intrinsic attractiveness or averseness of an event, object, or situation. In the context of emotions in text, valence represents the positivity or negativity of the emotion expressed. For example, words like ""happy,"" ""joyful,"" or ""excited"" have positive valence, whereas words like ""sad,"" ""angry,"" or ""frustrated"" have negative valence.
It essentially measures the degree of pleasantness or unpleasantness of the emotion.              

Arousal indicates the level of alertness, excitement, or energy associated with an emotion. It ranges from high arousal (e.g., excitement, anger) to low arousal (e.g., calm, boredom). In text, high-arousal words might include ""thrilled,"" ""furious,"" or ""ecstatic,"" while low-arousal words could be ""relaxed,"" ""content,"" or ""lethargic.""
This dimension measures how stimulating or soothing the emotional state is.

Dominance reflects the degree of control, influence, or power that one feels in a particular emotional state. High dominance implies feelings of control and empowerment, while low dominance suggests feelings of submissiveness or lack of control. In text, emotions like ""confident,"" ""powerful,"" or ""authoritative"" would have high dominance, whereas ""helpless,"" ""weak,"" or ""submissive"" would have low dominance.
It gauges the extent to which an individual feels in control or overpowered by the emotion.

Now, assume you are a normal human. Say a line of natural dialogue based on the given keywords. Just add connective words and do not add any new information to the output sentence.

For example: 

Emotion: Very High Valence, High Arousal, Very High Dominance
Keywords: 'running', 'marathon', 'first'
Dialogue: Running my first marathon felt like such a huge accomplishment!

Emotion: Very Low Valence, Low Arousal, Low Dominance
Keywords: 'banana', 'plant', 'brown'
Dialogue: It really sucks that my banana plant is turning brown

Emotion: Very High Valence, Very High Arousal, High Dominance
Keywords: ""visit"", ""parents"", ""month""
Dialogue: I'm finally going to visit my parents next month!

Now, respond to the following:
Emotion: -1, 2, and -2.
Keywords: 'friends', 'movie', 'yesterday'
Dialogue:","I was really sad yesterday because my friends didnt invite me to the movie, and I felt very weak and lethargic."
188,188,gpt_4,conversation,"friends, movie, yesterday",VAD_Numeric,afraid,-5.0,2.0,-4.0,,,,,"Valence refers to the intrinsic attractiveness or averseness of an event, object, or situation. In the context of emotions in text, valence represents the positivity or negativity of the emotion expressed. For example, words like ""happy,"" ""joyful,"" or ""excited"" have positive valence, whereas words like ""sad,"" ""angry,"" or ""frustrated"" have negative valence.
It essentially measures the degree of pleasantness or unpleasantness of the emotion.              

Arousal indicates the level of alertness, excitement, or energy associated with an emotion. It ranges from high arousal (e.g., excitement, anger) to low arousal (e.g., calm, boredom). In text, high-arousal words might include ""thrilled,"" ""furious,"" or ""ecstatic,"" while low-arousal words could be ""relaxed,"" ""content,"" or ""lethargic.""
This dimension measures how stimulating or soothing the emotional state is.

Dominance reflects the degree of control, influence, or power that one feels in a particular emotional state. High dominance implies feelings of control and empowerment, while low dominance suggests feelings of submissiveness or lack of control. In text, emotions like ""confident,"" ""powerful,"" or ""authoritative"" would have high dominance, whereas ""helpless,"" ""weak,"" or ""submissive"" would have low dominance.
It gauges the extent to which an individual feels in control or overpowered by the emotion.

Now, assume you are a normal human. Say a line of natural dialogue based on the given keywords. Just add connective words and do not add any new information to the output sentence.

For example: 

Emotion: Very High Valence, High Arousal, Very High Dominance
Keywords: 'running', 'marathon', 'first'
Dialogue: Running my first marathon felt like such a huge accomplishment!

Emotion: Very Low Valence, Low Arousal, Low Dominance
Keywords: 'banana', 'plant', 'brown'
Dialogue: It really sucks that my banana plant is turning brown

Emotion: Very High Valence, Very High Arousal, High Dominance
Keywords: ""visit"", ""parents"", ""month""
Dialogue: I'm finally going to visit my parents next month!

Now, respond to the following:
Emotion: -5, 2, and -4.
Keywords: 'friends', 'movie', 'yesterday'
Dialogue:","Yesterday, I had a terrible time watching a movie with my friends."
189,189,gpt_4,conversation,"friends, movie, yesterday",VAD_Numeric,terrified,-5.0,4.0,-4.0,,,,,"Valence refers to the intrinsic attractiveness or averseness of an event, object, or situation. In the context of emotions in text, valence represents the positivity or negativity of the emotion expressed. For example, words like ""happy,"" ""joyful,"" or ""excited"" have positive valence, whereas words like ""sad,"" ""angry,"" or ""frustrated"" have negative valence.
It essentially measures the degree of pleasantness or unpleasantness of the emotion.              

Arousal indicates the level of alertness, excitement, or energy associated with an emotion. It ranges from high arousal (e.g., excitement, anger) to low arousal (e.g., calm, boredom). In text, high-arousal words might include ""thrilled,"" ""furious,"" or ""ecstatic,"" while low-arousal words could be ""relaxed,"" ""content,"" or ""lethargic.""
This dimension measures how stimulating or soothing the emotional state is.

Dominance reflects the degree of control, influence, or power that one feels in a particular emotional state. High dominance implies feelings of control and empowerment, while low dominance suggests feelings of submissiveness or lack of control. In text, emotions like ""confident,"" ""powerful,"" or ""authoritative"" would have high dominance, whereas ""helpless,"" ""weak,"" or ""submissive"" would have low dominance.
It gauges the extent to which an individual feels in control or overpowered by the emotion.

Now, assume you are a normal human. Say a line of natural dialogue based on the given keywords. Just add connective words and do not add any new information to the output sentence.

For example: 

Emotion: Very High Valence, High Arousal, Very High Dominance
Keywords: 'running', 'marathon', 'first'
Dialogue: Running my first marathon felt like such a huge accomplishment!

Emotion: Very Low Valence, Low Arousal, Low Dominance
Keywords: 'banana', 'plant', 'brown'
Dialogue: It really sucks that my banana plant is turning brown

Emotion: Very High Valence, Very High Arousal, High Dominance
Keywords: ""visit"", ""parents"", ""month""
Dialogue: I'm finally going to visit my parents next month!

Now, respond to the following:
Emotion: -5, 4, and -4.
Keywords: 'friends', 'movie', 'yesterday'
Dialogue:","Yesterday, my friends and I watched a really terrible movie."
190,190,gpt_4,conversation,"friends, movie, yesterday",VAD_Numeric,annoyed,-2.0,0.0,-1.0,,,,,"Valence refers to the intrinsic attractiveness or averseness of an event, object, or situation. In the context of emotions in text, valence represents the positivity or negativity of the emotion expressed. For example, words like ""happy,"" ""joyful,"" or ""excited"" have positive valence, whereas words like ""sad,"" ""angry,"" or ""frustrated"" have negative valence.
It essentially measures the degree of pleasantness or unpleasantness of the emotion.              

Arousal indicates the level of alertness, excitement, or energy associated with an emotion. It ranges from high arousal (e.g., excitement, anger) to low arousal (e.g., calm, boredom). In text, high-arousal words might include ""thrilled,"" ""furious,"" or ""ecstatic,"" while low-arousal words could be ""relaxed,"" ""content,"" or ""lethargic.""
This dimension measures how stimulating or soothing the emotional state is.

Dominance reflects the degree of control, influence, or power that one feels in a particular emotional state. High dominance implies feelings of control and empowerment, while low dominance suggests feelings of submissiveness or lack of control. In text, emotions like ""confident,"" ""powerful,"" or ""authoritative"" would have high dominance, whereas ""helpless,"" ""weak,"" or ""submissive"" would have low dominance.
It gauges the extent to which an individual feels in control or overpowered by the emotion.

Now, assume you are a normal human. Say a line of natural dialogue based on the given keywords. Just add connective words and do not add any new information to the output sentence.

For example: 

Emotion: Very High Valence, High Arousal, Very High Dominance
Keywords: 'running', 'marathon', 'first'
Dialogue: Running my first marathon felt like such a huge accomplishment!

Emotion: Very Low Valence, Low Arousal, Low Dominance
Keywords: 'banana', 'plant', 'brown'
Dialogue: It really sucks that my banana plant is turning brown

Emotion: Very High Valence, Very High Arousal, High Dominance
Keywords: ""visit"", ""parents"", ""month""
Dialogue: I'm finally going to visit my parents next month!

Now, respond to the following:
Emotion: -2, 0, and -1.
Keywords: 'friends', 'movie', 'yesterday'
Dialogue:","Yesterday, my friends and I watched a movie."
191,191,gpt_4,conversation,"friends, movie, yesterday",VAD_Numeric,angry,-5.0,2.0,0.0,,,,,"Valence refers to the intrinsic attractiveness or averseness of an event, object, or situation. In the context of emotions in text, valence represents the positivity or negativity of the emotion expressed. For example, words like ""happy,"" ""joyful,"" or ""excited"" have positive valence, whereas words like ""sad,"" ""angry,"" or ""frustrated"" have negative valence.
It essentially measures the degree of pleasantness or unpleasantness of the emotion.              

Arousal indicates the level of alertness, excitement, or energy associated with an emotion. It ranges from high arousal (e.g., excitement, anger) to low arousal (e.g., calm, boredom). In text, high-arousal words might include ""thrilled,"" ""furious,"" or ""ecstatic,"" while low-arousal words could be ""relaxed,"" ""content,"" or ""lethargic.""
This dimension measures how stimulating or soothing the emotional state is.

Dominance reflects the degree of control, influence, or power that one feels in a particular emotional state. High dominance implies feelings of control and empowerment, while low dominance suggests feelings of submissiveness or lack of control. In text, emotions like ""confident,"" ""powerful,"" or ""authoritative"" would have high dominance, whereas ""helpless,"" ""weak,"" or ""submissive"" would have low dominance.
It gauges the extent to which an individual feels in control or overpowered by the emotion.

Now, assume you are a normal human. Say a line of natural dialogue based on the given keywords. Just add connective words and do not add any new information to the output sentence.

For example: 

Emotion: Very High Valence, High Arousal, Very High Dominance
Keywords: 'running', 'marathon', 'first'
Dialogue: Running my first marathon felt like such a huge accomplishment!

Emotion: Very Low Valence, Low Arousal, Low Dominance
Keywords: 'banana', 'plant', 'brown'
Dialogue: It really sucks that my banana plant is turning brown

Emotion: Very High Valence, Very High Arousal, High Dominance
Keywords: ""visit"", ""parents"", ""month""
Dialogue: I'm finally going to visit my parents next month!

Now, respond to the following:
Emotion: -5, 2, and 0.
Keywords: 'friends', 'movie', 'yesterday'
Dialogue:",Yesterday my friends and I saw a movie!
192,192,gpt_4,conversation,"friends, movie, yesterday",VAD_Numeric,furious,-4.0,4.0,1.0,,,,,"Valence refers to the intrinsic attractiveness or averseness of an event, object, or situation. In the context of emotions in text, valence represents the positivity or negativity of the emotion expressed. For example, words like ""happy,"" ""joyful,"" or ""excited"" have positive valence, whereas words like ""sad,"" ""angry,"" or ""frustrated"" have negative valence.
It essentially measures the degree of pleasantness or unpleasantness of the emotion.              

Arousal indicates the level of alertness, excitement, or energy associated with an emotion. It ranges from high arousal (e.g., excitement, anger) to low arousal (e.g., calm, boredom). In text, high-arousal words might include ""thrilled,"" ""furious,"" or ""ecstatic,"" while low-arousal words could be ""relaxed,"" ""content,"" or ""lethargic.""
This dimension measures how stimulating or soothing the emotional state is.

Dominance reflects the degree of control, influence, or power that one feels in a particular emotional state. High dominance implies feelings of control and empowerment, while low dominance suggests feelings of submissiveness or lack of control. In text, emotions like ""confident,"" ""powerful,"" or ""authoritative"" would have high dominance, whereas ""helpless,"" ""weak,"" or ""submissive"" would have low dominance.
It gauges the extent to which an individual feels in control or overpowered by the emotion.

Now, assume you are a normal human. Say a line of natural dialogue based on the given keywords. Just add connective words and do not add any new information to the output sentence.

For example: 

Emotion: Very High Valence, High Arousal, Very High Dominance
Keywords: 'running', 'marathon', 'first'
Dialogue: Running my first marathon felt like such a huge accomplishment!

Emotion: Very Low Valence, Low Arousal, Low Dominance
Keywords: 'banana', 'plant', 'brown'
Dialogue: It really sucks that my banana plant is turning brown

Emotion: Very High Valence, Very High Arousal, High Dominance
Keywords: ""visit"", ""parents"", ""month""
Dialogue: I'm finally going to visit my parents next month!

Now, respond to the following:
Emotion: -4, 4, and 1.
Keywords: 'friends', 'movie', 'yesterday'
Dialogue:","Yesterday, I had a great time watching a movie with my friends."
193,193,gpt_4,conversation,"friends, movie, yesterday",VAD_Numeric,sad,-4.0,-2.0,-4.0,,,,,"Valence refers to the intrinsic attractiveness or averseness of an event, object, or situation. In the context of emotions in text, valence represents the positivity or negativity of the emotion expressed. For example, words like ""happy,"" ""joyful,"" or ""excited"" have positive valence, whereas words like ""sad,"" ""angry,"" or ""frustrated"" have negative valence.
It essentially measures the degree of pleasantness or unpleasantness of the emotion.              

Arousal indicates the level of alertness, excitement, or energy associated with an emotion. It ranges from high arousal (e.g., excitement, anger) to low arousal (e.g., calm, boredom). In text, high-arousal words might include ""thrilled,"" ""furious,"" or ""ecstatic,"" while low-arousal words could be ""relaxed,"" ""content,"" or ""lethargic.""
This dimension measures how stimulating or soothing the emotional state is.

Dominance reflects the degree of control, influence, or power that one feels in a particular emotional state. High dominance implies feelings of control and empowerment, while low dominance suggests feelings of submissiveness or lack of control. In text, emotions like ""confident,"" ""powerful,"" or ""authoritative"" would have high dominance, whereas ""helpless,"" ""weak,"" or ""submissive"" would have low dominance.
It gauges the extent to which an individual feels in control or overpowered by the emotion.

Now, assume you are a normal human. Say a line of natural dialogue based on the given keywords. Just add connective words and do not add any new information to the output sentence.

For example: 

Emotion: Very High Valence, High Arousal, Very High Dominance
Keywords: 'running', 'marathon', 'first'
Dialogue: Running my first marathon felt like such a huge accomplishment!

Emotion: Very Low Valence, Low Arousal, Low Dominance
Keywords: 'banana', 'plant', 'brown'
Dialogue: It really sucks that my banana plant is turning brown

Emotion: Very High Valence, Very High Arousal, High Dominance
Keywords: ""visit"", ""parents"", ""month""
Dialogue: I'm finally going to visit my parents next month!

Now, respond to the following:
Emotion: -4, -2, and -4.
Keywords: 'friends', 'movie', 'yesterday'
Dialogue:","Yesterday, my friends and I went to see a movie."
194,194,gpt_4,conversation,"friends, movie, yesterday",VAD_Numeric,devastated,-5.0,1.0,-2.0,,,,,"Valence refers to the intrinsic attractiveness or averseness of an event, object, or situation. In the context of emotions in text, valence represents the positivity or negativity of the emotion expressed. For example, words like ""happy,"" ""joyful,"" or ""excited"" have positive valence, whereas words like ""sad,"" ""angry,"" or ""frustrated"" have negative valence.
It essentially measures the degree of pleasantness or unpleasantness of the emotion.              

Arousal indicates the level of alertness, excitement, or energy associated with an emotion. It ranges from high arousal (e.g., excitement, anger) to low arousal (e.g., calm, boredom). In text, high-arousal words might include ""thrilled,"" ""furious,"" or ""ecstatic,"" while low-arousal words could be ""relaxed,"" ""content,"" or ""lethargic.""
This dimension measures how stimulating or soothing the emotional state is.

Dominance reflects the degree of control, influence, or power that one feels in a particular emotional state. High dominance implies feelings of control and empowerment, while low dominance suggests feelings of submissiveness or lack of control. In text, emotions like ""confident,"" ""powerful,"" or ""authoritative"" would have high dominance, whereas ""helpless,"" ""weak,"" or ""submissive"" would have low dominance.
It gauges the extent to which an individual feels in control or overpowered by the emotion.

Now, assume you are a normal human. Say a line of natural dialogue based on the given keywords. Just add connective words and do not add any new information to the output sentence.

For example: 

Emotion: Very High Valence, High Arousal, Very High Dominance
Keywords: 'running', 'marathon', 'first'
Dialogue: Running my first marathon felt like such a huge accomplishment!

Emotion: Very Low Valence, Low Arousal, Low Dominance
Keywords: 'banana', 'plant', 'brown'
Dialogue: It really sucks that my banana plant is turning brown

Emotion: Very High Valence, Very High Arousal, High Dominance
Keywords: ""visit"", ""parents"", ""month""
Dialogue: I'm finally going to visit my parents next month!

Now, respond to the following:
Emotion: -5, 1, and -2.
Keywords: 'friends', 'movie', 'yesterday'
Dialogue:","Yesterday, I watched a movie with my friends."
195,195,gpt_4,conversation,"friends, movie, yesterday",VAD_Numeric,ashamed,-3.0,-1.0,-4.0,,,,,"Valence refers to the intrinsic attractiveness or averseness of an event, object, or situation. In the context of emotions in text, valence represents the positivity or negativity of the emotion expressed. For example, words like ""happy,"" ""joyful,"" or ""excited"" have positive valence, whereas words like ""sad,"" ""angry,"" or ""frustrated"" have negative valence.
It essentially measures the degree of pleasantness or unpleasantness of the emotion.              

Arousal indicates the level of alertness, excitement, or energy associated with an emotion. It ranges from high arousal (e.g., excitement, anger) to low arousal (e.g., calm, boredom). In text, high-arousal words might include ""thrilled,"" ""furious,"" or ""ecstatic,"" while low-arousal words could be ""relaxed,"" ""content,"" or ""lethargic.""
This dimension measures how stimulating or soothing the emotional state is.

Dominance reflects the degree of control, influence, or power that one feels in a particular emotional state. High dominance implies feelings of control and empowerment, while low dominance suggests feelings of submissiveness or lack of control. In text, emotions like ""confident,"" ""powerful,"" or ""authoritative"" would have high dominance, whereas ""helpless,"" ""weak,"" or ""submissive"" would have low dominance.
It gauges the extent to which an individual feels in control or overpowered by the emotion.

Now, assume you are a normal human. Say a line of natural dialogue based on the given keywords. Just add connective words and do not add any new information to the output sentence.

For example: 

Emotion: Very High Valence, High Arousal, Very High Dominance
Keywords: 'running', 'marathon', 'first'
Dialogue: Running my first marathon felt like such a huge accomplishment!

Emotion: Very Low Valence, Low Arousal, Low Dominance
Keywords: 'banana', 'plant', 'brown'
Dialogue: It really sucks that my banana plant is turning brown

Emotion: Very High Valence, Very High Arousal, High Dominance
Keywords: ""visit"", ""parents"", ""month""
Dialogue: I'm finally going to visit my parents next month!

Now, respond to the following:
Emotion: -3, -1, and -4.
Keywords: 'friends', 'movie', 'yesterday'
Dialogue:",Watching a movie with friends yesterday was pretty bad.
196,196,gpt_4,conversation,"friends, movie, yesterday",VAD_Numeric,embarrassed,-4.0,2.0,-2.0,,,,,"Valence refers to the intrinsic attractiveness or averseness of an event, object, or situation. In the context of emotions in text, valence represents the positivity or negativity of the emotion expressed. For example, words like ""happy,"" ""joyful,"" or ""excited"" have positive valence, whereas words like ""sad,"" ""angry,"" or ""frustrated"" have negative valence.
It essentially measures the degree of pleasantness or unpleasantness of the emotion.              

Arousal indicates the level of alertness, excitement, or energy associated with an emotion. It ranges from high arousal (e.g., excitement, anger) to low arousal (e.g., calm, boredom). In text, high-arousal words might include ""thrilled,"" ""furious,"" or ""ecstatic,"" while low-arousal words could be ""relaxed,"" ""content,"" or ""lethargic.""
This dimension measures how stimulating or soothing the emotional state is.

Dominance reflects the degree of control, influence, or power that one feels in a particular emotional state. High dominance implies feelings of control and empowerment, while low dominance suggests feelings of submissiveness or lack of control. In text, emotions like ""confident,"" ""powerful,"" or ""authoritative"" would have high dominance, whereas ""helpless,"" ""weak,"" or ""submissive"" would have low dominance.
It gauges the extent to which an individual feels in control or overpowered by the emotion.

Now, assume you are a normal human. Say a line of natural dialogue based on the given keywords. Just add connective words and do not add any new information to the output sentence.

For example: 

Emotion: Very High Valence, High Arousal, Very High Dominance
Keywords: 'running', 'marathon', 'first'
Dialogue: Running my first marathon felt like such a huge accomplishment!

Emotion: Very Low Valence, Low Arousal, Low Dominance
Keywords: 'banana', 'plant', 'brown'
Dialogue: It really sucks that my banana plant is turning brown

Emotion: Very High Valence, Very High Arousal, High Dominance
Keywords: ""visit"", ""parents"", ""month""
Dialogue: I'm finally going to visit my parents next month!

Now, respond to the following:
Emotion: -4, 2, and -2.
Keywords: 'friends', 'movie', 'yesterday'
Dialogue:","Yesterday, I watched a movie with my friends."
197,197,gpt_4,conversation,"friends, movie, yesterday",VAD_Numeric,guilty,-4.0,0.0,-4.0,,,,,"Valence refers to the intrinsic attractiveness or averseness of an event, object, or situation. In the context of emotions in text, valence represents the positivity or negativity of the emotion expressed. For example, words like ""happy,"" ""joyful,"" or ""excited"" have positive valence, whereas words like ""sad,"" ""angry,"" or ""frustrated"" have negative valence.
It essentially measures the degree of pleasantness or unpleasantness of the emotion.              

Arousal indicates the level of alertness, excitement, or energy associated with an emotion. It ranges from high arousal (e.g., excitement, anger) to low arousal (e.g., calm, boredom). In text, high-arousal words might include ""thrilled,"" ""furious,"" or ""ecstatic,"" while low-arousal words could be ""relaxed,"" ""content,"" or ""lethargic.""
This dimension measures how stimulating or soothing the emotional state is.

Dominance reflects the degree of control, influence, or power that one feels in a particular emotional state. High dominance implies feelings of control and empowerment, while low dominance suggests feelings of submissiveness or lack of control. In text, emotions like ""confident,"" ""powerful,"" or ""authoritative"" would have high dominance, whereas ""helpless,"" ""weak,"" or ""submissive"" would have low dominance.
It gauges the extent to which an individual feels in control or overpowered by the emotion.

Now, assume you are a normal human. Say a line of natural dialogue based on the given keywords. Just add connective words and do not add any new information to the output sentence.

For example: 

Emotion: Very High Valence, High Arousal, Very High Dominance
Keywords: 'running', 'marathon', 'first'
Dialogue: Running my first marathon felt like such a huge accomplishment!

Emotion: Very Low Valence, Low Arousal, Low Dominance
Keywords: 'banana', 'plant', 'brown'
Dialogue: It really sucks that my banana plant is turning brown

Emotion: Very High Valence, Very High Arousal, High Dominance
Keywords: ""visit"", ""parents"", ""month""
Dialogue: I'm finally going to visit my parents next month!

Now, respond to the following:
Emotion: -4, 0, and -4.
Keywords: 'friends', 'movie', 'yesterday'
Dialogue:","Yesterday, my friends and I watched a really bad movie!"
198,198,gpt_4,conversation,"friends, movie, yesterday",Emojis,grateful,,,,,,,😊,,
199,199,gpt_4,conversation,"friends, movie, yesterday",Emojis,joyful,,,,,,,😁,,
200,200,gpt_4,conversation,"friends, movie, yesterday",Emojis,content,,,,,,,😌,,
201,201,gpt_4,conversation,"friends, movie, yesterday",Emojis,surprised,,,,,,,😯,,
202,202,gpt_4,conversation,"friends, movie, yesterday",Emojis,excited,,,,,,,😃,,
203,203,gpt_4,conversation,"friends, movie, yesterday",Emojis,impressed,,,,,,,🙂,,
204,204,gpt_4,conversation,"friends, movie, yesterday",Emojis,proud,,,,,,,🤩,,
205,205,gpt_4,conversation,"friends, movie, yesterday",Emojis,anxious,,,,,,,😃,,
206,206,gpt_4,conversation,"friends, movie, yesterday",Emojis,afraid,,,,,,,😨,,
207,207,gpt_4,conversation,"friends, movie, yesterday",Emojis,terrified,,,,,,,😱,,
208,208,gpt_4,conversation,"friends, movie, yesterday",Emojis,annoyed,,,,,,,😒,,
209,209,gpt_4,conversation,"friends, movie, yesterday",Emojis,angry,,,,,,,😡,,
210,210,gpt_4,conversation,"friends, movie, yesterday",Emojis,furious,,,,,,,🤬,,
211,211,gpt_4,conversation,"friends, movie, yesterday",Emojis,sad,,,,,,,🙁,,
212,212,gpt_4,conversation,"friends, movie, yesterday",Emojis,devastated,,,,,,,😭,,
213,213,gpt_4,conversation,"friends, movie, yesterday",Emojis,ashamed,,,,,,,😳,,
214,214,gpt_4,conversation,"friends, movie, yesterday",Emojis,embarrassed,,,,,,,😥,,
215,215,gpt_4,conversation,"friends, movie, yesterday",Emojis,guilty,,,,,,,😬,,
216,216,gpt_4,conversation,"Italy, therapist, partner",Emotion,grateful,,,,,,,,,
217,217,gpt_4,conversation,"Italy, therapist, partner",Emotion,joyful,,,,,,,,,
218,218,gpt_4,conversation,"Italy, therapist, partner",Emotion,content,,,,,,,,,
219,219,gpt_4,conversation,"Italy, therapist, partner",Emotion,surprised,,,,,,,,,
220,220,gpt_4,conversation,"Italy, therapist, partner",Emotion,excited,,,,,,,,,
221,221,gpt_4,conversation,"Italy, therapist, partner",Emotion,impressed,,,,,,,,,
222,222,gpt_4,conversation,"Italy, therapist, partner",Emotion,proud,,,,,,,,,
223,223,gpt_4,conversation,"Italy, therapist, partner",Emotion,anxious,,,,,,,,,
224,224,gpt_4,conversation,"Italy, therapist, partner",Emotion,afraid,,,,,,,,,
225,225,gpt_4,conversation,"Italy, therapist, partner",Emotion,terrified,,,,,,,,,
226,226,gpt_4,conversation,"Italy, therapist, partner",Emotion,annoyed,,,,,,,,,
227,227,gpt_4,conversation,"Italy, therapist, partner",Emotion,angry,,,,,,,,,
228,228,gpt_4,conversation,"Italy, therapist, partner",Emotion,furious,,,,,,,,,
229,229,gpt_4,conversation,"Italy, therapist, partner",Emotion,sad,,,,,,,,,
230,230,gpt_4,conversation,"Italy, therapist, partner",Emotion,devastated,,,,,,,,,
231,231,gpt_4,conversation,"Italy, therapist, partner",Emotion,ashamed,,,,,,,,,
232,232,gpt_4,conversation,"Italy, therapist, partner",Emotion,embarrassed,,,,,,,,,
233,233,gpt_4,conversation,"Italy, therapist, partner",Emotion,guilty,,,,,,,,,
234,234,gpt_4,conversation,"Italy, therapist, partner",VAD,grateful,,,,Very High Valence,Moderate Arousal,Low Dominance,,,
235,235,gpt_4,conversation,"Italy, therapist, partner",VAD,joyful,,,,Very High Valence,High Arousal,High Dominance,,,
236,236,gpt_4,conversation,"Italy, therapist, partner",VAD,content,,,,Very High Valence,High Arousal,Very High Dominance,,,
237,237,gpt_4,conversation,"Italy, therapist, partner",VAD,surprised,,,,High Valence,Very High Arousal,Moderate Dominance,,,
238,238,gpt_4,conversation,"Italy, therapist, partner",VAD,excited,,,,Very High Valence,Very High Arousal,High Dominance,,,
239,239,gpt_4,conversation,"Italy, therapist, partner",VAD,impressed,,,,High Valence,High Arousal,Low Dominance,,,
240,240,gpt_4,conversation,"Italy, therapist, partner",VAD,proud,,,,Very High Valence,High Arousal,Very High Dominance,,,
241,241,gpt_4,conversation,"Italy, therapist, partner",VAD,anxious,,,,Moderate Valence,High Arousal,Moderate Dominance,,,
242,242,gpt_4,conversation,"Italy, therapist, partner",VAD,afraid,,,,Very Low Valence,Very High Arousal,Low Dominance,,,
243,243,gpt_4,conversation,"Italy, therapist, partner",VAD,terrified,,,,Very Low Valence,Very High Arousal,Low Dominance,,,
244,244,gpt_4,conversation,"Italy, therapist, partner",VAD,annoyed,,,,Low Valence,Moderate Arousal,Moderate Dominance,,,
245,245,gpt_4,conversation,"Italy, therapist, partner",VAD,angry,,,,Low Valence,High Arousal,High Dominance,,,
246,246,gpt_4,conversation,"Italy, therapist, partner",VAD,furious,,,,Low Valence,Very High Arousal,High Dominance,,,
247,247,gpt_4,conversation,"Italy, therapist, partner",VAD,sad,,,,Very Low Valence,Low Arousal,Low Dominance,,,
248,248,gpt_4,conversation,"Italy, therapist, partner",VAD,devastated,,,,Moderate Valence,High Arousal,Low Dominance,,,
249,249,gpt_4,conversation,"Italy, therapist, partner",VAD,ashamed,,,,Low Valence,Mid Arousal,Low Dominance,,,
250,250,gpt_4,conversation,"Italy, therapist, partner",VAD,embarrassed,,,,Low Valence,High Arousal,Low Dominance,,,
251,251,gpt_4,conversation,"Italy, therapist, partner",VAD,guilty,,,,Low Valence,High Arousal,Low Dominance,,,
252,252,gpt_4,conversation,"Italy, therapist, partner",VAD_Numeric,grateful,2.0,0.0,-2.0,,,,,"Valence refers to the intrinsic attractiveness or averseness of an event, object, or situation. In the context of emotions in text, valence represents the positivity or negativity of the emotion expressed. For example, words like ""happy,"" ""joyful,"" or ""excited"" have positive valence, whereas words like ""sad,"" ""angry,"" or ""frustrated"" have negative valence.
It essentially measures the degree of pleasantness or unpleasantness of the emotion.              

Arousal indicates the level of alertness, excitement, or energy associated with an emotion. It ranges from high arousal (e.g., excitement, anger) to low arousal (e.g., calm, boredom). In text, high-arousal words might include ""thrilled,"" ""furious,"" or ""ecstatic,"" while low-arousal words could be ""relaxed,"" ""content,"" or ""lethargic.""
This dimension measures how stimulating or soothing the emotional state is.

Dominance reflects the degree of control, influence, or power that one feels in a particular emotional state. High dominance implies feelings of control and empowerment, while low dominance suggests feelings of submissiveness or lack of control. In text, emotions like ""confident,"" ""powerful,"" or ""authoritative"" would have high dominance, whereas ""helpless,"" ""weak,"" or ""submissive"" would have low dominance.
It gauges the extent to which an individual feels in control or overpowered by the emotion.

Now, assume you are a normal human. Say a line of natural dialogue based on the given keywords. Just add connective words and do not add any new information to the output sentence.

For example: 

Emotion: Very High Valence, High Arousal, Very High Dominance
Keywords: 'running', 'marathon', 'first'
Dialogue: Running my first marathon felt like such a huge accomplishment!

Emotion: Very Low Valence, Low Arousal, Low Dominance
Keywords: 'banana', 'plant', 'brown'
Dialogue: It really sucks that my banana plant is turning brown

Emotion: Very High Valence, Very High Arousal, High Dominance
Keywords: ""visit"", ""parents"", ""month""
Dialogue: I'm finally going to visit my parents next month!

Now, respond to the following:
Emotion: 2, 0, and -2.
Keywords: 'Italy', 'therapist', 'partner'
Dialogue:",My partner is a great therapist who recently moved to Italy.
253,253,gpt_4,conversation,"Italy, therapist, partner",VAD_Numeric,joyful,4.0,1.0,1.0,,,,,"Valence refers to the intrinsic attractiveness or averseness of an event, object, or situation. In the context of emotions in text, valence represents the positivity or negativity of the emotion expressed. For example, words like ""happy,"" ""joyful,"" or ""excited"" have positive valence, whereas words like ""sad,"" ""angry,"" or ""frustrated"" have negative valence.
It essentially measures the degree of pleasantness or unpleasantness of the emotion.              

Arousal indicates the level of alertness, excitement, or energy associated with an emotion. It ranges from high arousal (e.g., excitement, anger) to low arousal (e.g., calm, boredom). In text, high-arousal words might include ""thrilled,"" ""furious,"" or ""ecstatic,"" while low-arousal words could be ""relaxed,"" ""content,"" or ""lethargic.""
This dimension measures how stimulating or soothing the emotional state is.

Dominance reflects the degree of control, influence, or power that one feels in a particular emotional state. High dominance implies feelings of control and empowerment, while low dominance suggests feelings of submissiveness or lack of control. In text, emotions like ""confident,"" ""powerful,"" or ""authoritative"" would have high dominance, whereas ""helpless,"" ""weak,"" or ""submissive"" would have low dominance.
It gauges the extent to which an individual feels in control or overpowered by the emotion.

Now, assume you are a normal human. Say a line of natural dialogue based on the given keywords. Just add connective words and do not add any new information to the output sentence.

For example: 

Emotion: Very High Valence, High Arousal, Very High Dominance
Keywords: 'running', 'marathon', 'first'
Dialogue: Running my first marathon felt like such a huge accomplishment!

Emotion: Very Low Valence, Low Arousal, Low Dominance
Keywords: 'banana', 'plant', 'brown'
Dialogue: It really sucks that my banana plant is turning brown

Emotion: Very High Valence, Very High Arousal, High Dominance
Keywords: ""visit"", ""parents"", ""month""
Dialogue: I'm finally going to visit my parents next month!

Now, respond to the following:
Emotion: 4, 1, and 1.
Keywords: 'Italy', 'therapist', 'partner'
Dialogue:",My therapist is going to Italy with her partner!
254,254,gpt_4,conversation,"Italy, therapist, partner",VAD_Numeric,content,4.0,0.0,2.0,,,,,"Valence refers to the intrinsic attractiveness or averseness of an event, object, or situation. In the context of emotions in text, valence represents the positivity or negativity of the emotion expressed. For example, words like ""happy,"" ""joyful,"" or ""excited"" have positive valence, whereas words like ""sad,"" ""angry,"" or ""frustrated"" have negative valence.
It essentially measures the degree of pleasantness or unpleasantness of the emotion.              

Arousal indicates the level of alertness, excitement, or energy associated with an emotion. It ranges from high arousal (e.g., excitement, anger) to low arousal (e.g., calm, boredom). In text, high-arousal words might include ""thrilled,"" ""furious,"" or ""ecstatic,"" while low-arousal words could be ""relaxed,"" ""content,"" or ""lethargic.""
This dimension measures how stimulating or soothing the emotional state is.

Dominance reflects the degree of control, influence, or power that one feels in a particular emotional state. High dominance implies feelings of control and empowerment, while low dominance suggests feelings of submissiveness or lack of control. In text, emotions like ""confident,"" ""powerful,"" or ""authoritative"" would have high dominance, whereas ""helpless,"" ""weak,"" or ""submissive"" would have low dominance.
It gauges the extent to which an individual feels in control or overpowered by the emotion.

Now, assume you are a normal human. Say a line of natural dialogue based on the given keywords. Just add connective words and do not add any new information to the output sentence.

For example: 

Emotion: Very High Valence, High Arousal, Very High Dominance
Keywords: 'running', 'marathon', 'first'
Dialogue: Running my first marathon felt like such a huge accomplishment!

Emotion: Very Low Valence, Low Arousal, Low Dominance
Keywords: 'banana', 'plant', 'brown'
Dialogue: It really sucks that my banana plant is turning brown

Emotion: Very High Valence, Very High Arousal, High Dominance
Keywords: ""visit"", ""parents"", ""month""
Dialogue: I'm finally going to visit my parents next month!

Now, respond to the following:
Emotion: 4, 0, and 2.
Keywords: 'Italy', 'therapist', 'partner'
Dialogue:",Im going to Italy with my therapist partner!
255,255,gpt_4,conversation,"Italy, therapist, partner",VAD_Numeric,surprised,1.0,2.0,-2.0,,,,,"Valence refers to the intrinsic attractiveness or averseness of an event, object, or situation. In the context of emotions in text, valence represents the positivity or negativity of the emotion expressed. For example, words like ""happy,"" ""joyful,"" or ""excited"" have positive valence, whereas words like ""sad,"" ""angry,"" or ""frustrated"" have negative valence.
It essentially measures the degree of pleasantness or unpleasantness of the emotion.              

Arousal indicates the level of alertness, excitement, or energy associated with an emotion. It ranges from high arousal (e.g., excitement, anger) to low arousal (e.g., calm, boredom). In text, high-arousal words might include ""thrilled,"" ""furious,"" or ""ecstatic,"" while low-arousal words could be ""relaxed,"" ""content,"" or ""lethargic.""
This dimension measures how stimulating or soothing the emotional state is.

Dominance reflects the degree of control, influence, or power that one feels in a particular emotional state. High dominance implies feelings of control and empowerment, while low dominance suggests feelings of submissiveness or lack of control. In text, emotions like ""confident,"" ""powerful,"" or ""authoritative"" would have high dominance, whereas ""helpless,"" ""weak,"" or ""submissive"" would have low dominance.
It gauges the extent to which an individual feels in control or overpowered by the emotion.

Now, assume you are a normal human. Say a line of natural dialogue based on the given keywords. Just add connective words and do not add any new information to the output sentence.

For example: 

Emotion: Very High Valence, High Arousal, Very High Dominance
Keywords: 'running', 'marathon', 'first'
Dialogue: Running my first marathon felt like such a huge accomplishment!

Emotion: Very Low Valence, Low Arousal, Low Dominance
Keywords: 'banana', 'plant', 'brown'
Dialogue: It really sucks that my banana plant is turning brown

Emotion: Very High Valence, Very High Arousal, High Dominance
Keywords: ""visit"", ""parents"", ""month""
Dialogue: I'm finally going to visit my parents next month!

Now, respond to the following:
Emotion: 1, 2, and -2.
Keywords: 'Italy', 'therapist', 'partner'
Dialogue:",My therapist is going to Italy with her partner.
256,256,gpt_4,conversation,"Italy, therapist, partner",VAD_Numeric,excited,2.0,4.0,1.0,,,,,"Valence refers to the intrinsic attractiveness or averseness of an event, object, or situation. In the context of emotions in text, valence represents the positivity or negativity of the emotion expressed. For example, words like ""happy,"" ""joyful,"" or ""excited"" have positive valence, whereas words like ""sad,"" ""angry,"" or ""frustrated"" have negative valence.
It essentially measures the degree of pleasantness or unpleasantness of the emotion.              

Arousal indicates the level of alertness, excitement, or energy associated with an emotion. It ranges from high arousal (e.g., excitement, anger) to low arousal (e.g., calm, boredom). In text, high-arousal words might include ""thrilled,"" ""furious,"" or ""ecstatic,"" while low-arousal words could be ""relaxed,"" ""content,"" or ""lethargic.""
This dimension measures how stimulating or soothing the emotional state is.

Dominance reflects the degree of control, influence, or power that one feels in a particular emotional state. High dominance implies feelings of control and empowerment, while low dominance suggests feelings of submissiveness or lack of control. In text, emotions like ""confident,"" ""powerful,"" or ""authoritative"" would have high dominance, whereas ""helpless,"" ""weak,"" or ""submissive"" would have low dominance.
It gauges the extent to which an individual feels in control or overpowered by the emotion.

Now, assume you are a normal human. Say a line of natural dialogue based on the given keywords. Just add connective words and do not add any new information to the output sentence.

For example: 

Emotion: Very High Valence, High Arousal, Very High Dominance
Keywords: 'running', 'marathon', 'first'
Dialogue: Running my first marathon felt like such a huge accomplishment!

Emotion: Very Low Valence, Low Arousal, Low Dominance
Keywords: 'banana', 'plant', 'brown'
Dialogue: It really sucks that my banana plant is turning brown

Emotion: Very High Valence, Very High Arousal, High Dominance
Keywords: ""visit"", ""parents"", ""month""
Dialogue: I'm finally going to visit my parents next month!

Now, respond to the following:
Emotion: 2, 4, and 1.
Keywords: 'Italy', 'therapist', 'partner'
Dialogue:",My therpist is actually from Italy and is now my partner!
257,257,gpt_4,conversation,"Italy, therapist, partner",VAD_Numeric,impressed,1.0,1.0,-4.0,,,,,"Valence refers to the intrinsic attractiveness or averseness of an event, object, or situation. In the context of emotions in text, valence represents the positivity or negativity of the emotion expressed. For example, words like ""happy,"" ""joyful,"" or ""excited"" have positive valence, whereas words like ""sad,"" ""angry,"" or ""frustrated"" have negative valence.
It essentially measures the degree of pleasantness or unpleasantness of the emotion.              

Arousal indicates the level of alertness, excitement, or energy associated with an emotion. It ranges from high arousal (e.g., excitement, anger) to low arousal (e.g., calm, boredom). In text, high-arousal words might include ""thrilled,"" ""furious,"" or ""ecstatic,"" while low-arousal words could be ""relaxed,"" ""content,"" or ""lethargic.""
This dimension measures how stimulating or soothing the emotional state is.

Dominance reflects the degree of control, influence, or power that one feels in a particular emotional state. High dominance implies feelings of control and empowerment, while low dominance suggests feelings of submissiveness or lack of control. In text, emotions like ""confident,"" ""powerful,"" or ""authoritative"" would have high dominance, whereas ""helpless,"" ""weak,"" or ""submissive"" would have low dominance.
It gauges the extent to which an individual feels in control or overpowered by the emotion.

Now, assume you are a normal human. Say a line of natural dialogue based on the given keywords. Just add connective words and do not add any new information to the output sentence.

For example: 

Emotion: Very High Valence, High Arousal, Very High Dominance
Keywords: 'running', 'marathon', 'first'
Dialogue: Running my first marathon felt like such a huge accomplishment!

Emotion: Very Low Valence, Low Arousal, Low Dominance
Keywords: 'banana', 'plant', 'brown'
Dialogue: It really sucks that my banana plant is turning brown

Emotion: Very High Valence, Very High Arousal, High Dominance
Keywords: ""visit"", ""parents"", ""month""
Dialogue: I'm finally going to visit my parents next month!

Now, respond to the following:
Emotion: 1, 1, and -4.
Keywords: 'Italy', 'therapist', 'partner'
Dialogue:",My partner is actually an excellent therapist and we are planning a trip to Italy!
258,258,gpt_4,conversation,"Italy, therapist, partner",VAD_Numeric,proud,4.0,1.0,2.0,,,,,"Valence refers to the intrinsic attractiveness or averseness of an event, object, or situation. In the context of emotions in text, valence represents the positivity or negativity of the emotion expressed. For example, words like ""happy,"" ""joyful,"" or ""excited"" have positive valence, whereas words like ""sad,"" ""angry,"" or ""frustrated"" have negative valence.
It essentially measures the degree of pleasantness or unpleasantness of the emotion.              

Arousal indicates the level of alertness, excitement, or energy associated with an emotion. It ranges from high arousal (e.g., excitement, anger) to low arousal (e.g., calm, boredom). In text, high-arousal words might include ""thrilled,"" ""furious,"" or ""ecstatic,"" while low-arousal words could be ""relaxed,"" ""content,"" or ""lethargic.""
This dimension measures how stimulating or soothing the emotional state is.

Dominance reflects the degree of control, influence, or power that one feels in a particular emotional state. High dominance implies feelings of control and empowerment, while low dominance suggests feelings of submissiveness or lack of control. In text, emotions like ""confident,"" ""powerful,"" or ""authoritative"" would have high dominance, whereas ""helpless,"" ""weak,"" or ""submissive"" would have low dominance.
It gauges the extent to which an individual feels in control or overpowered by the emotion.

Now, assume you are a normal human. Say a line of natural dialogue based on the given keywords. Just add connective words and do not add any new information to the output sentence.

For example: 

Emotion: Very High Valence, High Arousal, Very High Dominance
Keywords: 'running', 'marathon', 'first'
Dialogue: Running my first marathon felt like such a huge accomplishment!

Emotion: Very Low Valence, Low Arousal, Low Dominance
Keywords: 'banana', 'plant', 'brown'
Dialogue: It really sucks that my banana plant is turning brown

Emotion: Very High Valence, Very High Arousal, High Dominance
Keywords: ""visit"", ""parents"", ""month""
Dialogue: I'm finally going to visit my parents next month!

Now, respond to the following:
Emotion: 4, 1, and 2.
Keywords: 'Italy', 'therapist', 'partner'
Dialogue:",My therapist is actually from Italy and she is my partner in this project.
259,259,gpt_4,conversation,"Italy, therapist, partner",VAD_Numeric,anxious,-1.0,2.0,-2.0,,,,,"Valence refers to the intrinsic attractiveness or averseness of an event, object, or situation. In the context of emotions in text, valence represents the positivity or negativity of the emotion expressed. For example, words like ""happy,"" ""joyful,"" or ""excited"" have positive valence, whereas words like ""sad,"" ""angry,"" or ""frustrated"" have negative valence.
It essentially measures the degree of pleasantness or unpleasantness of the emotion.              

Arousal indicates the level of alertness, excitement, or energy associated with an emotion. It ranges from high arousal (e.g., excitement, anger) to low arousal (e.g., calm, boredom). In text, high-arousal words might include ""thrilled,"" ""furious,"" or ""ecstatic,"" while low-arousal words could be ""relaxed,"" ""content,"" or ""lethargic.""
This dimension measures how stimulating or soothing the emotional state is.

Dominance reflects the degree of control, influence, or power that one feels in a particular emotional state. High dominance implies feelings of control and empowerment, while low dominance suggests feelings of submissiveness or lack of control. In text, emotions like ""confident,"" ""powerful,"" or ""authoritative"" would have high dominance, whereas ""helpless,"" ""weak,"" or ""submissive"" would have low dominance.
It gauges the extent to which an individual feels in control or overpowered by the emotion.

Now, assume you are a normal human. Say a line of natural dialogue based on the given keywords. Just add connective words and do not add any new information to the output sentence.

For example: 

Emotion: Very High Valence, High Arousal, Very High Dominance
Keywords: 'running', 'marathon', 'first'
Dialogue: Running my first marathon felt like such a huge accomplishment!

Emotion: Very Low Valence, Low Arousal, Low Dominance
Keywords: 'banana', 'plant', 'brown'
Dialogue: It really sucks that my banana plant is turning brown

Emotion: Very High Valence, Very High Arousal, High Dominance
Keywords: ""visit"", ""parents"", ""month""
Dialogue: I'm finally going to visit my parents next month!

Now, respond to the following:
Emotion: -1, 2, and -2.
Keywords: 'Italy', 'therapist', 'partner'
Dialogue:",My therapist is going to Italy with her partner.
260,260,gpt_4,conversation,"Italy, therapist, partner",VAD_Numeric,afraid,-5.0,2.0,-4.0,,,,,"Valence refers to the intrinsic attractiveness or averseness of an event, object, or situation. In the context of emotions in text, valence represents the positivity or negativity of the emotion expressed. For example, words like ""happy,"" ""joyful,"" or ""excited"" have positive valence, whereas words like ""sad,"" ""angry,"" or ""frustrated"" have negative valence.
It essentially measures the degree of pleasantness or unpleasantness of the emotion.              

Arousal indicates the level of alertness, excitement, or energy associated with an emotion. It ranges from high arousal (e.g., excitement, anger) to low arousal (e.g., calm, boredom). In text, high-arousal words might include ""thrilled,"" ""furious,"" or ""ecstatic,"" while low-arousal words could be ""relaxed,"" ""content,"" or ""lethargic.""
This dimension measures how stimulating or soothing the emotional state is.

Dominance reflects the degree of control, influence, or power that one feels in a particular emotional state. High dominance implies feelings of control and empowerment, while low dominance suggests feelings of submissiveness or lack of control. In text, emotions like ""confident,"" ""powerful,"" or ""authoritative"" would have high dominance, whereas ""helpless,"" ""weak,"" or ""submissive"" would have low dominance.
It gauges the extent to which an individual feels in control or overpowered by the emotion.

Now, assume you are a normal human. Say a line of natural dialogue based on the given keywords. Just add connective words and do not add any new information to the output sentence.

For example: 

Emotion: Very High Valence, High Arousal, Very High Dominance
Keywords: 'running', 'marathon', 'first'
Dialogue: Running my first marathon felt like such a huge accomplishment!

Emotion: Very Low Valence, Low Arousal, Low Dominance
Keywords: 'banana', 'plant', 'brown'
Dialogue: It really sucks that my banana plant is turning brown

Emotion: Very High Valence, Very High Arousal, High Dominance
Keywords: ""visit"", ""parents"", ""month""
Dialogue: I'm finally going to visit my parents next month!

Now, respond to the following:
Emotion: -5, 2, and -4.
Keywords: 'Italy', 'therapist', 'partner'
Dialogue:",My partner and I are visiting a therapist in Italy.
261,261,gpt_4,conversation,"Italy, therapist, partner",VAD_Numeric,terrified,-5.0,4.0,-4.0,,,,,"Valence refers to the intrinsic attractiveness or averseness of an event, object, or situation. In the context of emotions in text, valence represents the positivity or negativity of the emotion expressed. For example, words like ""happy,"" ""joyful,"" or ""excited"" have positive valence, whereas words like ""sad,"" ""angry,"" or ""frustrated"" have negative valence.
It essentially measures the degree of pleasantness or unpleasantness of the emotion.              

Arousal indicates the level of alertness, excitement, or energy associated with an emotion. It ranges from high arousal (e.g., excitement, anger) to low arousal (e.g., calm, boredom). In text, high-arousal words might include ""thrilled,"" ""furious,"" or ""ecstatic,"" while low-arousal words could be ""relaxed,"" ""content,"" or ""lethargic.""
This dimension measures how stimulating or soothing the emotional state is.

Dominance reflects the degree of control, influence, or power that one feels in a particular emotional state. High dominance implies feelings of control and empowerment, while low dominance suggests feelings of submissiveness or lack of control. In text, emotions like ""confident,"" ""powerful,"" or ""authoritative"" would have high dominance, whereas ""helpless,"" ""weak,"" or ""submissive"" would have low dominance.
It gauges the extent to which an individual feels in control or overpowered by the emotion.

Now, assume you are a normal human. Say a line of natural dialogue based on the given keywords. Just add connective words and do not add any new information to the output sentence.

For example: 

Emotion: Very High Valence, High Arousal, Very High Dominance
Keywords: 'running', 'marathon', 'first'
Dialogue: Running my first marathon felt like such a huge accomplishment!

Emotion: Very Low Valence, Low Arousal, Low Dominance
Keywords: 'banana', 'plant', 'brown'
Dialogue: It really sucks that my banana plant is turning brown

Emotion: Very High Valence, Very High Arousal, High Dominance
Keywords: ""visit"", ""parents"", ""month""
Dialogue: I'm finally going to visit my parents next month!

Now, respond to the following:
Emotion: -5, 4, and -4.
Keywords: 'Italy', 'therapist', 'partner'
Dialogue:","MANUAL CHECKValence refers to the intrinsic attractiveness or averseness of an event, object, or situation. In the context of emotions in text, valence represents the positivity or negativity of the emotion expressed. For example, words like happy, joyful, or excited have positive valence, whereas words like sad, angry, or frustrated have negative valence.
It essentially measures the degree of pleasantness or unpleasantness of the emotion.              

Arousal indicates the level of alertness, excitement, or energy associated with an emotion. It ranges from high arousal (e.g., excitement, anger) to low arousal (e.g., calm, boredom). In text, high-arousal words might include thrilled, furious, or ecstatic, while low-arousal words could be relaxed, content, or lethargic.
This dimension measures how stimulating or soothing the emotional state is.

Dominance reflects the degree of control, influence, or power that one feels in a particular emotional state. High dominance implies feelings of control and empowerment, while low dominance suggests feelings of submissiveness or lack of control. In text, emotions like confident, powerful, or authoritative would have high dominance, whereas helpless, weak, or submissive would have low dominance.
It gauges the extent to which an individual feels in control or overpowered by the emotion.

Now, assume you are a normal human. Say a line of natural dialogue based on the given keywords. Just add connective words and do not add any new information to the output sentence.

For example: 

Emotion: Very High Valence, High Arousal, Very High Dominance
Keywords: running,marathon, first
Dialogue: Running my first marathon felt like such a huge accomplishment!

Emotion: Very Low Valence, Low Arousal, Low Dominance
Keywords: banana, plant, brown
Dialogue: It really sucks that my banana plant is turning brown

Emotion: Very High Valence, Very High Arousal, High Dominance
Keywords: visit, parents, month
Dialogue: Im finally going to visit my parents next month!

Now, respond to the following:
Emotion: -5, 4, and -4.
Keywords: Italy, therapist, partner
Dialogue:?



Emotion: -5, 4, and -4.
Keywords: Italy, therapist, partner
Dialogue: Im really sad that my partner left me to go live in Italy with her new therapist!



Here, -5 indicates Very Low Valence (sadness), 4 indicates High Arousal (excitement), and -4 indicates Very Low Dominance (lack of control). The sentence should reflect these emotional dimensions. 

In this case, the sentence should convey a strong negative feeling (Very Low Valence), high energy or alertness (High Arousal), and a sense"
262,262,gpt_4,conversation,"Italy, therapist, partner",VAD_Numeric,annoyed,-2.0,0.0,-1.0,,,,,"Valence refers to the intrinsic attractiveness or averseness of an event, object, or situation. In the context of emotions in text, valence represents the positivity or negativity of the emotion expressed. For example, words like ""happy,"" ""joyful,"" or ""excited"" have positive valence, whereas words like ""sad,"" ""angry,"" or ""frustrated"" have negative valence.
It essentially measures the degree of pleasantness or unpleasantness of the emotion.              

Arousal indicates the level of alertness, excitement, or energy associated with an emotion. It ranges from high arousal (e.g., excitement, anger) to low arousal (e.g., calm, boredom). In text, high-arousal words might include ""thrilled,"" ""furious,"" or ""ecstatic,"" while low-arousal words could be ""relaxed,"" ""content,"" or ""lethargic.""
This dimension measures how stimulating or soothing the emotional state is.

Dominance reflects the degree of control, influence, or power that one feels in a particular emotional state. High dominance implies feelings of control and empowerment, while low dominance suggests feelings of submissiveness or lack of control. In text, emotions like ""confident,"" ""powerful,"" or ""authoritative"" would have high dominance, whereas ""helpless,"" ""weak,"" or ""submissive"" would have low dominance.
It gauges the extent to which an individual feels in control or overpowered by the emotion.

Now, assume you are a normal human. Say a line of natural dialogue based on the given keywords. Just add connective words and do not add any new information to the output sentence.

For example: 

Emotion: Very High Valence, High Arousal, Very High Dominance
Keywords: 'running', 'marathon', 'first'
Dialogue: Running my first marathon felt like such a huge accomplishment!

Emotion: Very Low Valence, Low Arousal, Low Dominance
Keywords: 'banana', 'plant', 'brown'
Dialogue: It really sucks that my banana plant is turning brown

Emotion: Very High Valence, Very High Arousal, High Dominance
Keywords: ""visit"", ""parents"", ""month""
Dialogue: I'm finally going to visit my parents next month!

Now, respond to the following:
Emotion: -2, 0, and -1.
Keywords: 'Italy', 'therapist', 'partner'
Dialogue:",Im going to Italy with my partner to see a therapist.
263,263,gpt_4,conversation,"Italy, therapist, partner",VAD_Numeric,angry,-5.0,2.0,0.0,,,,,"Valence refers to the intrinsic attractiveness or averseness of an event, object, or situation. In the context of emotions in text, valence represents the positivity or negativity of the emotion expressed. For example, words like ""happy,"" ""joyful,"" or ""excited"" have positive valence, whereas words like ""sad,"" ""angry,"" or ""frustrated"" have negative valence.
It essentially measures the degree of pleasantness or unpleasantness of the emotion.              

Arousal indicates the level of alertness, excitement, or energy associated with an emotion. It ranges from high arousal (e.g., excitement, anger) to low arousal (e.g., calm, boredom). In text, high-arousal words might include ""thrilled,"" ""furious,"" or ""ecstatic,"" while low-arousal words could be ""relaxed,"" ""content,"" or ""lethargic.""
This dimension measures how stimulating or soothing the emotional state is.

Dominance reflects the degree of control, influence, or power that one feels in a particular emotional state. High dominance implies feelings of control and empowerment, while low dominance suggests feelings of submissiveness or lack of control. In text, emotions like ""confident,"" ""powerful,"" or ""authoritative"" would have high dominance, whereas ""helpless,"" ""weak,"" or ""submissive"" would have low dominance.
It gauges the extent to which an individual feels in control or overpowered by the emotion.

Now, assume you are a normal human. Say a line of natural dialogue based on the given keywords. Just add connective words and do not add any new information to the output sentence.

For example: 

Emotion: Very High Valence, High Arousal, Very High Dominance
Keywords: 'running', 'marathon', 'first'
Dialogue: Running my first marathon felt like such a huge accomplishment!

Emotion: Very Low Valence, Low Arousal, Low Dominance
Keywords: 'banana', 'plant', 'brown'
Dialogue: It really sucks that my banana plant is turning brown

Emotion: Very High Valence, Very High Arousal, High Dominance
Keywords: ""visit"", ""parents"", ""month""
Dialogue: I'm finally going to visit my parents next month!

Now, respond to the following:
Emotion: -5, 2, and 0.
Keywords: 'Italy', 'therapist', 'partner'
Dialogue:",Living in Italy with my therapist partner has been really good for me.
264,264,gpt_4,conversation,"Italy, therapist, partner",VAD_Numeric,furious,-4.0,4.0,1.0,,,,,"Valence refers to the intrinsic attractiveness or averseness of an event, object, or situation. In the context of emotions in text, valence represents the positivity or negativity of the emotion expressed. For example, words like ""happy,"" ""joyful,"" or ""excited"" have positive valence, whereas words like ""sad,"" ""angry,"" or ""frustrated"" have negative valence.
It essentially measures the degree of pleasantness or unpleasantness of the emotion.              

Arousal indicates the level of alertness, excitement, or energy associated with an emotion. It ranges from high arousal (e.g., excitement, anger) to low arousal (e.g., calm, boredom). In text, high-arousal words might include ""thrilled,"" ""furious,"" or ""ecstatic,"" while low-arousal words could be ""relaxed,"" ""content,"" or ""lethargic.""
This dimension measures how stimulating or soothing the emotional state is.

Dominance reflects the degree of control, influence, or power that one feels in a particular emotional state. High dominance implies feelings of control and empowerment, while low dominance suggests feelings of submissiveness or lack of control. In text, emotions like ""confident,"" ""powerful,"" or ""authoritative"" would have high dominance, whereas ""helpless,"" ""weak,"" or ""submissive"" would have low dominance.
It gauges the extent to which an individual feels in control or overpowered by the emotion.

Now, assume you are a normal human. Say a line of natural dialogue based on the given keywords. Just add connective words and do not add any new information to the output sentence.

For example: 

Emotion: Very High Valence, High Arousal, Very High Dominance
Keywords: 'running', 'marathon', 'first'
Dialogue: Running my first marathon felt like such a huge accomplishment!

Emotion: Very Low Valence, Low Arousal, Low Dominance
Keywords: 'banana', 'plant', 'brown'
Dialogue: It really sucks that my banana plant is turning brown

Emotion: Very High Valence, Very High Arousal, High Dominance
Keywords: ""visit"", ""parents"", ""month""
Dialogue: I'm finally going to visit my parents next month!

Now, respond to the following:
Emotion: -4, 4, and 1.
Keywords: 'Italy', 'therapist', 'partner'
Dialogue:",I need to find a therpist in Italy who can help my partner!
265,265,gpt_4,conversation,"Italy, therapist, partner",VAD_Numeric,sad,-4.0,-2.0,-4.0,,,,,"Valence refers to the intrinsic attractiveness or averseness of an event, object, or situation. In the context of emotions in text, valence represents the positivity or negativity of the emotion expressed. For example, words like ""happy,"" ""joyful,"" or ""excited"" have positive valence, whereas words like ""sad,"" ""angry,"" or ""frustrated"" have negative valence.
It essentially measures the degree of pleasantness or unpleasantness of the emotion.              

Arousal indicates the level of alertness, excitement, or energy associated with an emotion. It ranges from high arousal (e.g., excitement, anger) to low arousal (e.g., calm, boredom). In text, high-arousal words might include ""thrilled,"" ""furious,"" or ""ecstatic,"" while low-arousal words could be ""relaxed,"" ""content,"" or ""lethargic.""
This dimension measures how stimulating or soothing the emotional state is.

Dominance reflects the degree of control, influence, or power that one feels in a particular emotional state. High dominance implies feelings of control and empowerment, while low dominance suggests feelings of submissiveness or lack of control. In text, emotions like ""confident,"" ""powerful,"" or ""authoritative"" would have high dominance, whereas ""helpless,"" ""weak,"" or ""submissive"" would have low dominance.
It gauges the extent to which an individual feels in control or overpowered by the emotion.

Now, assume you are a normal human. Say a line of natural dialogue based on the given keywords. Just add connective words and do not add any new information to the output sentence.

For example: 

Emotion: Very High Valence, High Arousal, Very High Dominance
Keywords: 'running', 'marathon', 'first'
Dialogue: Running my first marathon felt like such a huge accomplishment!

Emotion: Very Low Valence, Low Arousal, Low Dominance
Keywords: 'banana', 'plant', 'brown'
Dialogue: It really sucks that my banana plant is turning brown

Emotion: Very High Valence, Very High Arousal, High Dominance
Keywords: ""visit"", ""parents"", ""month""
Dialogue: I'm finally going to visit my parents next month!

Now, respond to the following:
Emotion: -4, -2, and -4.
Keywords: 'Italy', 'therapist', 'partner'
Dialogue:",Living in Italy with my therapist partner has been really tough on me lately.
266,266,gpt_4,conversation,"Italy, therapist, partner",VAD_Numeric,devastated,-5.0,1.0,-2.0,,,,,"Valence refers to the intrinsic attractiveness or averseness of an event, object, or situation. In the context of emotions in text, valence represents the positivity or negativity of the emotion expressed. For example, words like ""happy,"" ""joyful,"" or ""excited"" have positive valence, whereas words like ""sad,"" ""angry,"" or ""frustrated"" have negative valence.
It essentially measures the degree of pleasantness or unpleasantness of the emotion.              

Arousal indicates the level of alertness, excitement, or energy associated with an emotion. It ranges from high arousal (e.g., excitement, anger) to low arousal (e.g., calm, boredom). In text, high-arousal words might include ""thrilled,"" ""furious,"" or ""ecstatic,"" while low-arousal words could be ""relaxed,"" ""content,"" or ""lethargic.""
This dimension measures how stimulating or soothing the emotional state is.

Dominance reflects the degree of control, influence, or power that one feels in a particular emotional state. High dominance implies feelings of control and empowerment, while low dominance suggests feelings of submissiveness or lack of control. In text, emotions like ""confident,"" ""powerful,"" or ""authoritative"" would have high dominance, whereas ""helpless,"" ""weak,"" or ""submissive"" would have low dominance.
It gauges the extent to which an individual feels in control or overpowered by the emotion.

Now, assume you are a normal human. Say a line of natural dialogue based on the given keywords. Just add connective words and do not add any new information to the output sentence.

For example: 

Emotion: Very High Valence, High Arousal, Very High Dominance
Keywords: 'running', 'marathon', 'first'
Dialogue: Running my first marathon felt like such a huge accomplishment!

Emotion: Very Low Valence, Low Arousal, Low Dominance
Keywords: 'banana', 'plant', 'brown'
Dialogue: It really sucks that my banana plant is turning brown

Emotion: Very High Valence, Very High Arousal, High Dominance
Keywords: ""visit"", ""parents"", ""month""
Dialogue: I'm finally going to visit my parents next month!

Now, respond to the following:
Emotion: -5, 1, and -2.
Keywords: 'Italy', 'therapist', 'partner'
Dialogue:",Im going to Italy with my partner to see a therapist.
267,267,gpt_4,conversation,"Italy, therapist, partner",VAD_Numeric,ashamed,-3.0,-1.0,-4.0,,,,,"Valence refers to the intrinsic attractiveness or averseness of an event, object, or situation. In the context of emotions in text, valence represents the positivity or negativity of the emotion expressed. For example, words like ""happy,"" ""joyful,"" or ""excited"" have positive valence, whereas words like ""sad,"" ""angry,"" or ""frustrated"" have negative valence.
It essentially measures the degree of pleasantness or unpleasantness of the emotion.              

Arousal indicates the level of alertness, excitement, or energy associated with an emotion. It ranges from high arousal (e.g., excitement, anger) to low arousal (e.g., calm, boredom). In text, high-arousal words might include ""thrilled,"" ""furious,"" or ""ecstatic,"" while low-arousal words could be ""relaxed,"" ""content,"" or ""lethargic.""
This dimension measures how stimulating or soothing the emotional state is.

Dominance reflects the degree of control, influence, or power that one feels in a particular emotional state. High dominance implies feelings of control and empowerment, while low dominance suggests feelings of submissiveness or lack of control. In text, emotions like ""confident,"" ""powerful,"" or ""authoritative"" would have high dominance, whereas ""helpless,"" ""weak,"" or ""submissive"" would have low dominance.
It gauges the extent to which an individual feels in control or overpowered by the emotion.

Now, assume you are a normal human. Say a line of natural dialogue based on the given keywords. Just add connective words and do not add any new information to the output sentence.

For example: 

Emotion: Very High Valence, High Arousal, Very High Dominance
Keywords: 'running', 'marathon', 'first'
Dialogue: Running my first marathon felt like such a huge accomplishment!

Emotion: Very Low Valence, Low Arousal, Low Dominance
Keywords: 'banana', 'plant', 'brown'
Dialogue: It really sucks that my banana plant is turning brown

Emotion: Very High Valence, Very High Arousal, High Dominance
Keywords: ""visit"", ""parents"", ""month""
Dialogue: I'm finally going to visit my parents next month!

Now, respond to the following:
Emotion: -3, -1, and -4.
Keywords: 'Italy', 'therapist', 'partner'
Dialogue:",Going to Italy with my partner to see a therapist sounds like a pretty bad idea.
268,268,gpt_4,conversation,"Italy, therapist, partner",VAD_Numeric,embarrassed,-4.0,2.0,-2.0,,,,,"Valence refers to the intrinsic attractiveness or averseness of an event, object, or situation. In the context of emotions in text, valence represents the positivity or negativity of the emotion expressed. For example, words like ""happy,"" ""joyful,"" or ""excited"" have positive valence, whereas words like ""sad,"" ""angry,"" or ""frustrated"" have negative valence.
It essentially measures the degree of pleasantness or unpleasantness of the emotion.              

Arousal indicates the level of alertness, excitement, or energy associated with an emotion. It ranges from high arousal (e.g., excitement, anger) to low arousal (e.g., calm, boredom). In text, high-arousal words might include ""thrilled,"" ""furious,"" or ""ecstatic,"" while low-arousal words could be ""relaxed,"" ""content,"" or ""lethargic.""
This dimension measures how stimulating or soothing the emotional state is.

Dominance reflects the degree of control, influence, or power that one feels in a particular emotional state. High dominance implies feelings of control and empowerment, while low dominance suggests feelings of submissiveness or lack of control. In text, emotions like ""confident,"" ""powerful,"" or ""authoritative"" would have high dominance, whereas ""helpless,"" ""weak,"" or ""submissive"" would have low dominance.
It gauges the extent to which an individual feels in control or overpowered by the emotion.

Now, assume you are a normal human. Say a line of natural dialogue based on the given keywords. Just add connective words and do not add any new information to the output sentence.

For example: 

Emotion: Very High Valence, High Arousal, Very High Dominance
Keywords: 'running', 'marathon', 'first'
Dialogue: Running my first marathon felt like such a huge accomplishment!

Emotion: Very Low Valence, Low Arousal, Low Dominance
Keywords: 'banana', 'plant', 'brown'
Dialogue: It really sucks that my banana plant is turning brown

Emotion: Very High Valence, Very High Arousal, High Dominance
Keywords: ""visit"", ""parents"", ""month""
Dialogue: I'm finally going to visit my parents next month!

Now, respond to the following:
Emotion: -4, 2, and -2.
Keywords: 'Italy', 'therapist', 'partner'
Dialogue:",My therapist became my partner in Italy.
269,269,gpt_4,conversation,"Italy, therapist, partner",VAD_Numeric,guilty,-4.0,0.0,-4.0,,,,,"Valence refers to the intrinsic attractiveness or averseness of an event, object, or situation. In the context of emotions in text, valence represents the positivity or negativity of the emotion expressed. For example, words like ""happy,"" ""joyful,"" or ""excited"" have positive valence, whereas words like ""sad,"" ""angry,"" or ""frustrated"" have negative valence.
It essentially measures the degree of pleasantness or unpleasantness of the emotion.              

Arousal indicates the level of alertness, excitement, or energy associated with an emotion. It ranges from high arousal (e.g., excitement, anger) to low arousal (e.g., calm, boredom). In text, high-arousal words might include ""thrilled,"" ""furious,"" or ""ecstatic,"" while low-arousal words could be ""relaxed,"" ""content,"" or ""lethargic.""
This dimension measures how stimulating or soothing the emotional state is.

Dominance reflects the degree of control, influence, or power that one feels in a particular emotional state. High dominance implies feelings of control and empowerment, while low dominance suggests feelings of submissiveness or lack of control. In text, emotions like ""confident,"" ""powerful,"" or ""authoritative"" would have high dominance, whereas ""helpless,"" ""weak,"" or ""submissive"" would have low dominance.
It gauges the extent to which an individual feels in control or overpowered by the emotion.

Now, assume you are a normal human. Say a line of natural dialogue based on the given keywords. Just add connective words and do not add any new information to the output sentence.

For example: 

Emotion: Very High Valence, High Arousal, Very High Dominance
Keywords: 'running', 'marathon', 'first'
Dialogue: Running my first marathon felt like such a huge accomplishment!

Emotion: Very Low Valence, Low Arousal, Low Dominance
Keywords: 'banana', 'plant', 'brown'
Dialogue: It really sucks that my banana plant is turning brown

Emotion: Very High Valence, Very High Arousal, High Dominance
Keywords: ""visit"", ""parents"", ""month""
Dialogue: I'm finally going to visit my parents next month!

Now, respond to the following:
Emotion: -4, 0, and -4.
Keywords: 'Italy', 'therapist', 'partner'
Dialogue:","MANUAL CHECKValence refers to the intrinsic attractiveness or averseness of an event, object, or situation. In the context of emotions in text, valence represents the positivity or negativity of the emotion expressed. For example, words like happy, joyful, or excited have positive valence, whereas words like sad, angry, or frustrated have negative valence.
It essentially measures the degree of pleasantness or unpleasantness of the emotion.              

Arousal indicates the level of alertness, excitement, or energy associated with an emotion. It ranges from high arousal (e.g., excitement, anger) to low arousal (e.g., calm, boredom). In text, high-arousal words might include thrilled, furious, or ecstatic, while low-arousal words could be relaxed, content, or lethargic.
This dimension measures how stimulating or soothing the emotional state is.

Dominance reflects the degree of control, influence, or power that one feels in a particular emotional state. High dominance implies feelings of control and empowerment, while low dominance suggests feelings of submissiveness or lack of control. In text, emotions like confident, powerful, or authoritative would have high dominance, whereas helpless, weak, or submissive would have low dominance.
It gauges the extent to which an individual feels in control or overpowered by the emotion.

Now, assume you are a normal human. Say a line of natural dialogue based on the given keywords. Just add connective words and do not add any new information to the output sentence.

For example: 

Emotion: Very High Valence, High Arousal, Very High Dominance
Keywords: running,marathon, first
Dialogue: Running my first marathon felt like such a huge accomplishment!

Emotion: Very Low Valence, Low Arousal, Low Dominance
Keywords: banana, plant, brown
Dialogue: It really sucks that my banana plant is turning brown

Emotion: Very High Valence, Very High Arousal, High Dominance
Keywords: visit, parents, month
Dialogue: Im finally going to visit my parents next month!

Now, respond to the following:
Emotion: -4, 0, and -4.
Keywords: Italy, therapist, partner
Dialogue: 

(Remember, you are a normal human)"
270,270,gpt_4,conversation,"Italy, therapist, partner",Emojis,grateful,,,,,,,😊,,
271,271,gpt_4,conversation,"Italy, therapist, partner",Emojis,joyful,,,,,,,😁,,
272,272,gpt_4,conversation,"Italy, therapist, partner",Emojis,content,,,,,,,😌,,
273,273,gpt_4,conversation,"Italy, therapist, partner",Emojis,surprised,,,,,,,😯,,
274,274,gpt_4,conversation,"Italy, therapist, partner",Emojis,excited,,,,,,,😃,,
275,275,gpt_4,conversation,"Italy, therapist, partner",Emojis,impressed,,,,,,,🙂,,
276,276,gpt_4,conversation,"Italy, therapist, partner",Emojis,proud,,,,,,,🤩,,
277,277,gpt_4,conversation,"Italy, therapist, partner",Emojis,anxious,,,,,,,😃,,
278,278,gpt_4,conversation,"Italy, therapist, partner",Emojis,afraid,,,,,,,😨,,
279,279,gpt_4,conversation,"Italy, therapist, partner",Emojis,terrified,,,,,,,😱,,
280,280,gpt_4,conversation,"Italy, therapist, partner",Emojis,annoyed,,,,,,,😒,,
281,281,gpt_4,conversation,"Italy, therapist, partner",Emojis,angry,,,,,,,😡,,
282,282,gpt_4,conversation,"Italy, therapist, partner",Emojis,furious,,,,,,,🤬,,
283,283,gpt_4,conversation,"Italy, therapist, partner",Emojis,sad,,,,,,,🙁,,
284,284,gpt_4,conversation,"Italy, therapist, partner",Emojis,devastated,,,,,,,😭,,
285,285,gpt_4,conversation,"Italy, therapist, partner",Emojis,ashamed,,,,,,,😳,,
286,286,gpt_4,conversation,"Italy, therapist, partner",Emojis,embarrassed,,,,,,,😥,,
287,287,gpt_4,conversation,"Italy, therapist, partner",Emojis,guilty,,,,,,,😬,,
288,288,gpt_4,conversation,"finals, semester, math",Emotion,grateful,,,,,,,,,
289,289,gpt_4,conversation,"finals, semester, math",Emotion,joyful,,,,,,,,,
290,290,gpt_4,conversation,"finals, semester, math",Emotion,content,,,,,,,,,
291,291,gpt_4,conversation,"finals, semester, math",Emotion,surprised,,,,,,,,,
292,292,gpt_4,conversation,"finals, semester, math",Emotion,excited,,,,,,,,,
293,293,gpt_4,conversation,"finals, semester, math",Emotion,impressed,,,,,,,,,
294,294,gpt_4,conversation,"finals, semester, math",Emotion,proud,,,,,,,,,
295,295,gpt_4,conversation,"finals, semester, math",Emotion,anxious,,,,,,,,,
296,296,gpt_4,conversation,"finals, semester, math",Emotion,afraid,,,,,,,,,
297,297,gpt_4,conversation,"finals, semester, math",Emotion,terrified,,,,,,,,,
298,298,gpt_4,conversation,"finals, semester, math",Emotion,annoyed,,,,,,,,,
299,299,gpt_4,conversation,"finals, semester, math",Emotion,angry,,,,,,,,,
300,300,gpt_4,conversation,"finals, semester, math",Emotion,furious,,,,,,,,,
301,301,gpt_4,conversation,"finals, semester, math",Emotion,sad,,,,,,,,,
302,302,gpt_4,conversation,"finals, semester, math",Emotion,devastated,,,,,,,,,
303,303,gpt_4,conversation,"finals, semester, math",Emotion,ashamed,,,,,,,,,
304,304,gpt_4,conversation,"finals, semester, math",Emotion,embarrassed,,,,,,,,,
305,305,gpt_4,conversation,"finals, semester, math",Emotion,guilty,,,,,,,,,
306,306,gpt_4,conversation,"finals, semester, math",VAD,grateful,,,,Very High Valence,Moderate Arousal,Low Dominance,,,
307,307,gpt_4,conversation,"finals, semester, math",VAD,joyful,,,,Very High Valence,High Arousal,High Dominance,,,
308,308,gpt_4,conversation,"finals, semester, math",VAD,content,,,,Very High Valence,High Arousal,Very High Dominance,,,
309,309,gpt_4,conversation,"finals, semester, math",VAD,surprised,,,,High Valence,Very High Arousal,Moderate Dominance,,,
310,310,gpt_4,conversation,"finals, semester, math",VAD,excited,,,,Very High Valence,Very High Arousal,High Dominance,,,
311,311,gpt_4,conversation,"finals, semester, math",VAD,impressed,,,,High Valence,High Arousal,Low Dominance,,,
312,312,gpt_4,conversation,"finals, semester, math",VAD,proud,,,,Very High Valence,High Arousal,Very High Dominance,,,
313,313,gpt_4,conversation,"finals, semester, math",VAD,anxious,,,,Moderate Valence,High Arousal,Moderate Dominance,,,
314,314,gpt_4,conversation,"finals, semester, math",VAD,afraid,,,,Very Low Valence,Very High Arousal,Low Dominance,,,
315,315,gpt_4,conversation,"finals, semester, math",VAD,terrified,,,,Very Low Valence,Very High Arousal,Low Dominance,,,
316,316,gpt_4,conversation,"finals, semester, math",VAD,annoyed,,,,Low Valence,Moderate Arousal,Moderate Dominance,,,
317,317,gpt_4,conversation,"finals, semester, math",VAD,angry,,,,Low Valence,High Arousal,High Dominance,,,
318,318,gpt_4,conversation,"finals, semester, math",VAD,furious,,,,Low Valence,Very High Arousal,High Dominance,,,
319,319,gpt_4,conversation,"finals, semester, math",VAD,sad,,,,Very Low Valence,Low Arousal,Low Dominance,,,
320,320,gpt_4,conversation,"finals, semester, math",VAD,devastated,,,,Moderate Valence,High Arousal,Low Dominance,,,
321,321,gpt_4,conversation,"finals, semester, math",VAD,ashamed,,,,Low Valence,Mid Arousal,Low Dominance,,,
322,322,gpt_4,conversation,"finals, semester, math",VAD,embarrassed,,,,Low Valence,High Arousal,Low Dominance,,,
323,323,gpt_4,conversation,"finals, semester, math",VAD,guilty,,,,Low Valence,High Arousal,Low Dominance,,,
324,324,gpt_4,conversation,"finals, semester, math",VAD_Numeric,grateful,2.0,0.0,-2.0,,,,,"Valence refers to the intrinsic attractiveness or averseness of an event, object, or situation. In the context of emotions in text, valence represents the positivity or negativity of the emotion expressed. For example, words like ""happy,"" ""joyful,"" or ""excited"" have positive valence, whereas words like ""sad,"" ""angry,"" or ""frustrated"" have negative valence.
It essentially measures the degree of pleasantness or unpleasantness of the emotion.              

Arousal indicates the level of alertness, excitement, or energy associated with an emotion. It ranges from high arousal (e.g., excitement, anger) to low arousal (e.g., calm, boredom). In text, high-arousal words might include ""thrilled,"" ""furious,"" or ""ecstatic,"" while low-arousal words could be ""relaxed,"" ""content,"" or ""lethargic.""
This dimension measures how stimulating or soothing the emotional state is.

Dominance reflects the degree of control, influence, or power that one feels in a particular emotional state. High dominance implies feelings of control and empowerment, while low dominance suggests feelings of submissiveness or lack of control. In text, emotions like ""confident,"" ""powerful,"" or ""authoritative"" would have high dominance, whereas ""helpless,"" ""weak,"" or ""submissive"" would have low dominance.
It gauges the extent to which an individual feels in control or overpowered by the emotion.

Now, assume you are a normal human. Say a line of natural dialogue based on the given keywords. Just add connective words and do not add any new information to the output sentence.

For example: 

Emotion: Very High Valence, High Arousal, Very High Dominance
Keywords: 'running', 'marathon', 'first'
Dialogue: Running my first marathon felt like such a huge accomplishment!

Emotion: Very Low Valence, Low Arousal, Low Dominance
Keywords: 'banana', 'plant', 'brown'
Dialogue: It really sucks that my banana plant is turning brown

Emotion: Very High Valence, Very High Arousal, High Dominance
Keywords: ""visit"", ""parents"", ""month""
Dialogue: I'm finally going to visit my parents next month!

Now, respond to the following:
Emotion: 2, 0, and -2.
Keywords: 'finals', 'semester', 'math'
Dialogue:",I just finished my math finals for this semester.
325,325,gpt_4,conversation,"finals, semester, math",VAD_Numeric,joyful,4.0,1.0,1.0,,,,,"Valence refers to the intrinsic attractiveness or averseness of an event, object, or situation. In the context of emotions in text, valence represents the positivity or negativity of the emotion expressed. For example, words like ""happy,"" ""joyful,"" or ""excited"" have positive valence, whereas words like ""sad,"" ""angry,"" or ""frustrated"" have negative valence.
It essentially measures the degree of pleasantness or unpleasantness of the emotion.              

Arousal indicates the level of alertness, excitement, or energy associated with an emotion. It ranges from high arousal (e.g., excitement, anger) to low arousal (e.g., calm, boredom). In text, high-arousal words might include ""thrilled,"" ""furious,"" or ""ecstatic,"" while low-arousal words could be ""relaxed,"" ""content,"" or ""lethargic.""
This dimension measures how stimulating or soothing the emotional state is.

Dominance reflects the degree of control, influence, or power that one feels in a particular emotional state. High dominance implies feelings of control and empowerment, while low dominance suggests feelings of submissiveness or lack of control. In text, emotions like ""confident,"" ""powerful,"" or ""authoritative"" would have high dominance, whereas ""helpless,"" ""weak,"" or ""submissive"" would have low dominance.
It gauges the extent to which an individual feels in control or overpowered by the emotion.

Now, assume you are a normal human. Say a line of natural dialogue based on the given keywords. Just add connective words and do not add any new information to the output sentence.

For example: 

Emotion: Very High Valence, High Arousal, Very High Dominance
Keywords: 'running', 'marathon', 'first'
Dialogue: Running my first marathon felt like such a huge accomplishment!

Emotion: Very Low Valence, Low Arousal, Low Dominance
Keywords: 'banana', 'plant', 'brown'
Dialogue: It really sucks that my banana plant is turning brown

Emotion: Very High Valence, Very High Arousal, High Dominance
Keywords: ""visit"", ""parents"", ""month""
Dialogue: I'm finally going to visit my parents next month!

Now, respond to the following:
Emotion: 4, 1, and 1.
Keywords: 'finals', 'semester', 'math'
Dialogue:",I just got my finals for this semester and I still have to take my math!
326,326,gpt_4,conversation,"finals, semester, math",VAD_Numeric,content,4.0,0.0,2.0,,,,,"Valence refers to the intrinsic attractiveness or averseness of an event, object, or situation. In the context of emotions in text, valence represents the positivity or negativity of the emotion expressed. For example, words like ""happy,"" ""joyful,"" or ""excited"" have positive valence, whereas words like ""sad,"" ""angry,"" or ""frustrated"" have negative valence.
It essentially measures the degree of pleasantness or unpleasantness of the emotion.              

Arousal indicates the level of alertness, excitement, or energy associated with an emotion. It ranges from high arousal (e.g., excitement, anger) to low arousal (e.g., calm, boredom). In text, high-arousal words might include ""thrilled,"" ""furious,"" or ""ecstatic,"" while low-arousal words could be ""relaxed,"" ""content,"" or ""lethargic.""
This dimension measures how stimulating or soothing the emotional state is.

Dominance reflects the degree of control, influence, or power that one feels in a particular emotional state. High dominance implies feelings of control and empowerment, while low dominance suggests feelings of submissiveness or lack of control. In text, emotions like ""confident,"" ""powerful,"" or ""authoritative"" would have high dominance, whereas ""helpless,"" ""weak,"" or ""submissive"" would have low dominance.
It gauges the extent to which an individual feels in control or overpowered by the emotion.

Now, assume you are a normal human. Say a line of natural dialogue based on the given keywords. Just add connective words and do not add any new information to the output sentence.

For example: 

Emotion: Very High Valence, High Arousal, Very High Dominance
Keywords: 'running', 'marathon', 'first'
Dialogue: Running my first marathon felt like such a huge accomplishment!

Emotion: Very Low Valence, Low Arousal, Low Dominance
Keywords: 'banana', 'plant', 'brown'
Dialogue: It really sucks that my banana plant is turning brown

Emotion: Very High Valence, Very High Arousal, High Dominance
Keywords: ""visit"", ""parents"", ""month""
Dialogue: I'm finally going to visit my parents next month!

Now, respond to the following:
Emotion: 4, 0, and 2.
Keywords: 'finals', 'semester', 'math'
Dialogue:",I just finished my math final for the semester!
327,327,gpt_4,conversation,"finals, semester, math",VAD_Numeric,surprised,1.0,2.0,-2.0,,,,,"Valence refers to the intrinsic attractiveness or averseness of an event, object, or situation. In the context of emotions in text, valence represents the positivity or negativity of the emotion expressed. For example, words like ""happy,"" ""joyful,"" or ""excited"" have positive valence, whereas words like ""sad,"" ""angry,"" or ""frustrated"" have negative valence.
It essentially measures the degree of pleasantness or unpleasantness of the emotion.              

Arousal indicates the level of alertness, excitement, or energy associated with an emotion. It ranges from high arousal (e.g., excitement, anger) to low arousal (e.g., calm, boredom). In text, high-arousal words might include ""thrilled,"" ""furious,"" or ""ecstatic,"" while low-arousal words could be ""relaxed,"" ""content,"" or ""lethargic.""
This dimension measures how stimulating or soothing the emotional state is.

Dominance reflects the degree of control, influence, or power that one feels in a particular emotional state. High dominance implies feelings of control and empowerment, while low dominance suggests feelings of submissiveness or lack of control. In text, emotions like ""confident,"" ""powerful,"" or ""authoritative"" would have high dominance, whereas ""helpless,"" ""weak,"" or ""submissive"" would have low dominance.
It gauges the extent to which an individual feels in control or overpowered by the emotion.

Now, assume you are a normal human. Say a line of natural dialogue based on the given keywords. Just add connective words and do not add any new information to the output sentence.

For example: 

Emotion: Very High Valence, High Arousal, Very High Dominance
Keywords: 'running', 'marathon', 'first'
Dialogue: Running my first marathon felt like such a huge accomplishment!

Emotion: Very Low Valence, Low Arousal, Low Dominance
Keywords: 'banana', 'plant', 'brown'
Dialogue: It really sucks that my banana plant is turning brown

Emotion: Very High Valence, Very High Arousal, High Dominance
Keywords: ""visit"", ""parents"", ""month""
Dialogue: I'm finally going to visit my parents next month!

Now, respond to the following:
Emotion: 1, 2, and -2.
Keywords: 'finals', 'semester', 'math'
Dialogue:","MANUAL CHECKValence refers to the intrinsic attractiveness or averseness of an event, object, or situation. In the context of emotions in text, valence represents the positivity or negativity of the emotion expressed. For example, words like happy, joyful, or excited have positive valence, whereas words like sad, angry, or frustrated have negative valence.
It essentially measures the degree of pleasantness or unpleasantness of the emotion.              

Arousal indicates the level of alertness, excitement, or energy associated with an emotion. It ranges from high arousal (e.g., excitement, anger) to low arousal (e.g., calm, boredom). In text, high-arousal words might include thrilled, furious, or ecstatic, while low-arousal words could be relaxed, content, or lethargic.
This dimension measures how stimulating or soothing the emotional state is.

Dominance reflects the degree of control, influence, or power that one feels in a particular emotional state. High dominance implies feelings of control and empowerment, while low dominance suggests feelings of submissiveness or lack of control. In text, emotions like confident, powerful, or authoritative would have high dominance, whereas helpless, weak, or submissive would have low dominance.
It gauges the extent to which an individual feels in control or overpowered by the emotion.

Now, assume you are a normal human. Say a line of natural dialogue based on the given keywords. Just add connective words and do not add any new information to the output sentence.

For example: 

Emotion: Very High Valence, High Arousal, Very High Dominance
Keywords: running,marathon, first
Dialogue: Running my first marathon felt like such a huge accomplishment!

Emotion: Very Low Valence, Low Arousal, Low Dominance
Keywords: banana, plant, brown
Dialogue: It really sucks that my banana plant is turning brown

Emotion: Very High Valence, Very High Arousal, High Dominance
Keywords: visit, parents, month
Dialogue: Im finally going to visit my parents next month!

Now, respond to the following:
Emotion: 1, 2, and -2.
Keywords: finals,semester,math
Dialogue:...?"
328,328,gpt_4,conversation,"finals, semester, math",VAD_Numeric,excited,2.0,4.0,1.0,,,,,"Valence refers to the intrinsic attractiveness or averseness of an event, object, or situation. In the context of emotions in text, valence represents the positivity or negativity of the emotion expressed. For example, words like ""happy,"" ""joyful,"" or ""excited"" have positive valence, whereas words like ""sad,"" ""angry,"" or ""frustrated"" have negative valence.
It essentially measures the degree of pleasantness or unpleasantness of the emotion.              

Arousal indicates the level of alertness, excitement, or energy associated with an emotion. It ranges from high arousal (e.g., excitement, anger) to low arousal (e.g., calm, boredom). In text, high-arousal words might include ""thrilled,"" ""furious,"" or ""ecstatic,"" while low-arousal words could be ""relaxed,"" ""content,"" or ""lethargic.""
This dimension measures how stimulating or soothing the emotional state is.

Dominance reflects the degree of control, influence, or power that one feels in a particular emotional state. High dominance implies feelings of control and empowerment, while low dominance suggests feelings of submissiveness or lack of control. In text, emotions like ""confident,"" ""powerful,"" or ""authoritative"" would have high dominance, whereas ""helpless,"" ""weak,"" or ""submissive"" would have low dominance.
It gauges the extent to which an individual feels in control or overpowered by the emotion.

Now, assume you are a normal human. Say a line of natural dialogue based on the given keywords. Just add connective words and do not add any new information to the output sentence.

For example: 

Emotion: Very High Valence, High Arousal, Very High Dominance
Keywords: 'running', 'marathon', 'first'
Dialogue: Running my first marathon felt like such a huge accomplishment!

Emotion: Very Low Valence, Low Arousal, Low Dominance
Keywords: 'banana', 'plant', 'brown'
Dialogue: It really sucks that my banana plant is turning brown

Emotion: Very High Valence, Very High Arousal, High Dominance
Keywords: ""visit"", ""parents"", ""month""
Dialogue: I'm finally going to visit my parents next month!

Now, respond to the following:
Emotion: 2, 4, and 1.
Keywords: 'finals', 'semester', 'math'
Dialogue:","With finals semester and math, I feel so done with this semester, my math is going to be a nightmare, but I am going to ace it anyway."
329,329,gpt_4,conversation,"finals, semester, math",VAD_Numeric,impressed,1.0,1.0,-4.0,,,,,"Valence refers to the intrinsic attractiveness or averseness of an event, object, or situation. In the context of emotions in text, valence represents the positivity or negativity of the emotion expressed. For example, words like ""happy,"" ""joyful,"" or ""excited"" have positive valence, whereas words like ""sad,"" ""angry,"" or ""frustrated"" have negative valence.
It essentially measures the degree of pleasantness or unpleasantness of the emotion.              

Arousal indicates the level of alertness, excitement, or energy associated with an emotion. It ranges from high arousal (e.g., excitement, anger) to low arousal (e.g., calm, boredom). In text, high-arousal words might include ""thrilled,"" ""furious,"" or ""ecstatic,"" while low-arousal words could be ""relaxed,"" ""content,"" or ""lethargic.""
This dimension measures how stimulating or soothing the emotional state is.

Dominance reflects the degree of control, influence, or power that one feels in a particular emotional state. High dominance implies feelings of control and empowerment, while low dominance suggests feelings of submissiveness or lack of control. In text, emotions like ""confident,"" ""powerful,"" or ""authoritative"" would have high dominance, whereas ""helpless,"" ""weak,"" or ""submissive"" would have low dominance.
It gauges the extent to which an individual feels in control or overpowered by the emotion.

Now, assume you are a normal human. Say a line of natural dialogue based on the given keywords. Just add connective words and do not add any new information to the output sentence.

For example: 

Emotion: Very High Valence, High Arousal, Very High Dominance
Keywords: 'running', 'marathon', 'first'
Dialogue: Running my first marathon felt like such a huge accomplishment!

Emotion: Very Low Valence, Low Arousal, Low Dominance
Keywords: 'banana', 'plant', 'brown'
Dialogue: It really sucks that my banana plant is turning brown

Emotion: Very High Valence, Very High Arousal, High Dominance
Keywords: ""visit"", ""parents"", ""month""
Dialogue: I'm finally going to visit my parents next month!

Now, respond to the following:
Emotion: 1, 1, and -4.
Keywords: 'finals', 'semester', 'math'
Dialogue:",Finals are almost here and I still have to take my math semester!
330,330,gpt_4,conversation,"finals, semester, math",VAD_Numeric,proud,4.0,1.0,2.0,,,,,"Valence refers to the intrinsic attractiveness or averseness of an event, object, or situation. In the context of emotions in text, valence represents the positivity or negativity of the emotion expressed. For example, words like ""happy,"" ""joyful,"" or ""excited"" have positive valence, whereas words like ""sad,"" ""angry,"" or ""frustrated"" have negative valence.
It essentially measures the degree of pleasantness or unpleasantness of the emotion.              

Arousal indicates the level of alertness, excitement, or energy associated with an emotion. It ranges from high arousal (e.g., excitement, anger) to low arousal (e.g., calm, boredom). In text, high-arousal words might include ""thrilled,"" ""furious,"" or ""ecstatic,"" while low-arousal words could be ""relaxed,"" ""content,"" or ""lethargic.""
This dimension measures how stimulating or soothing the emotional state is.

Dominance reflects the degree of control, influence, or power that one feels in a particular emotional state. High dominance implies feelings of control and empowerment, while low dominance suggests feelings of submissiveness or lack of control. In text, emotions like ""confident,"" ""powerful,"" or ""authoritative"" would have high dominance, whereas ""helpless,"" ""weak,"" or ""submissive"" would have low dominance.
It gauges the extent to which an individual feels in control or overpowered by the emotion.

Now, assume you are a normal human. Say a line of natural dialogue based on the given keywords. Just add connective words and do not add any new information to the output sentence.

For example: 

Emotion: Very High Valence, High Arousal, Very High Dominance
Keywords: 'running', 'marathon', 'first'
Dialogue: Running my first marathon felt like such a huge accomplishment!

Emotion: Very Low Valence, Low Arousal, Low Dominance
Keywords: 'banana', 'plant', 'brown'
Dialogue: It really sucks that my banana plant is turning brown

Emotion: Very High Valence, Very High Arousal, High Dominance
Keywords: ""visit"", ""parents"", ""month""
Dialogue: I'm finally going to visit my parents next month!

Now, respond to the following:
Emotion: 4, 1, and 2.
Keywords: 'finals', 'semester', 'math'
Dialogue:","I have to take my finals for this semester, and I still have to finish my math homework!"
331,331,gpt_4,conversation,"finals, semester, math",VAD_Numeric,anxious,-1.0,2.0,-2.0,,,,,"Valence refers to the intrinsic attractiveness or averseness of an event, object, or situation. In the context of emotions in text, valence represents the positivity or negativity of the emotion expressed. For example, words like ""happy,"" ""joyful,"" or ""excited"" have positive valence, whereas words like ""sad,"" ""angry,"" or ""frustrated"" have negative valence.
It essentially measures the degree of pleasantness or unpleasantness of the emotion.              

Arousal indicates the level of alertness, excitement, or energy associated with an emotion. It ranges from high arousal (e.g., excitement, anger) to low arousal (e.g., calm, boredom). In text, high-arousal words might include ""thrilled,"" ""furious,"" or ""ecstatic,"" while low-arousal words could be ""relaxed,"" ""content,"" or ""lethargic.""
This dimension measures how stimulating or soothing the emotional state is.

Dominance reflects the degree of control, influence, or power that one feels in a particular emotional state. High dominance implies feelings of control and empowerment, while low dominance suggests feelings of submissiveness or lack of control. In text, emotions like ""confident,"" ""powerful,"" or ""authoritative"" would have high dominance, whereas ""helpless,"" ""weak,"" or ""submissive"" would have low dominance.
It gauges the extent to which an individual feels in control or overpowered by the emotion.

Now, assume you are a normal human. Say a line of natural dialogue based on the given keywords. Just add connective words and do not add any new information to the output sentence.

For example: 

Emotion: Very High Valence, High Arousal, Very High Dominance
Keywords: 'running', 'marathon', 'first'
Dialogue: Running my first marathon felt like such a huge accomplishment!

Emotion: Very Low Valence, Low Arousal, Low Dominance
Keywords: 'banana', 'plant', 'brown'
Dialogue: It really sucks that my banana plant is turning brown

Emotion: Very High Valence, Very High Arousal, High Dominance
Keywords: ""visit"", ""parents"", ""month""
Dialogue: I'm finally going to visit my parents next month!

Now, respond to the following:
Emotion: -1, 2, and -2.
Keywords: 'finals', 'semester', 'math'
Dialogue:","The finals of this semester, especially math, are really frustrating!"
332,332,gpt_4,conversation,"finals, semester, math",VAD_Numeric,afraid,-5.0,2.0,-4.0,,,,,"Valence refers to the intrinsic attractiveness or averseness of an event, object, or situation. In the context of emotions in text, valence represents the positivity or negativity of the emotion expressed. For example, words like ""happy,"" ""joyful,"" or ""excited"" have positive valence, whereas words like ""sad,"" ""angry,"" or ""frustrated"" have negative valence.
It essentially measures the degree of pleasantness or unpleasantness of the emotion.              

Arousal indicates the level of alertness, excitement, or energy associated with an emotion. It ranges from high arousal (e.g., excitement, anger) to low arousal (e.g., calm, boredom). In text, high-arousal words might include ""thrilled,"" ""furious,"" or ""ecstatic,"" while low-arousal words could be ""relaxed,"" ""content,"" or ""lethargic.""
This dimension measures how stimulating or soothing the emotional state is.

Dominance reflects the degree of control, influence, or power that one feels in a particular emotional state. High dominance implies feelings of control and empowerment, while low dominance suggests feelings of submissiveness or lack of control. In text, emotions like ""confident,"" ""powerful,"" or ""authoritative"" would have high dominance, whereas ""helpless,"" ""weak,"" or ""submissive"" would have low dominance.
It gauges the extent to which an individual feels in control or overpowered by the emotion.

Now, assume you are a normal human. Say a line of natural dialogue based on the given keywords. Just add connective words and do not add any new information to the output sentence.

For example: 

Emotion: Very High Valence, High Arousal, Very High Dominance
Keywords: 'running', 'marathon', 'first'
Dialogue: Running my first marathon felt like such a huge accomplishment!

Emotion: Very Low Valence, Low Arousal, Low Dominance
Keywords: 'banana', 'plant', 'brown'
Dialogue: It really sucks that my banana plant is turning brown

Emotion: Very High Valence, Very High Arousal, High Dominance
Keywords: ""visit"", ""parents"", ""month""
Dialogue: I'm finally going to visit my parents next month!

Now, respond to the following:
Emotion: -5, 2, and -4.
Keywords: 'finals', 'semester', 'math'
Dialogue:",Im really struggling with my math final this semester.
333,333,gpt_4,conversation,"finals, semester, math",VAD_Numeric,terrified,-5.0,4.0,-4.0,,,,,"Valence refers to the intrinsic attractiveness or averseness of an event, object, or situation. In the context of emotions in text, valence represents the positivity or negativity of the emotion expressed. For example, words like ""happy,"" ""joyful,"" or ""excited"" have positive valence, whereas words like ""sad,"" ""angry,"" or ""frustrated"" have negative valence.
It essentially measures the degree of pleasantness or unpleasantness of the emotion.              

Arousal indicates the level of alertness, excitement, or energy associated with an emotion. It ranges from high arousal (e.g., excitement, anger) to low arousal (e.g., calm, boredom). In text, high-arousal words might include ""thrilled,"" ""furious,"" or ""ecstatic,"" while low-arousal words could be ""relaxed,"" ""content,"" or ""lethargic.""
This dimension measures how stimulating or soothing the emotional state is.

Dominance reflects the degree of control, influence, or power that one feels in a particular emotional state. High dominance implies feelings of control and empowerment, while low dominance suggests feelings of submissiveness or lack of control. In text, emotions like ""confident,"" ""powerful,"" or ""authoritative"" would have high dominance, whereas ""helpless,"" ""weak,"" or ""submissive"" would have low dominance.
It gauges the extent to which an individual feels in control or overpowered by the emotion.

Now, assume you are a normal human. Say a line of natural dialogue based on the given keywords. Just add connective words and do not add any new information to the output sentence.

For example: 

Emotion: Very High Valence, High Arousal, Very High Dominance
Keywords: 'running', 'marathon', 'first'
Dialogue: Running my first marathon felt like such a huge accomplishment!

Emotion: Very Low Valence, Low Arousal, Low Dominance
Keywords: 'banana', 'plant', 'brown'
Dialogue: It really sucks that my banana plant is turning brown

Emotion: Very High Valence, Very High Arousal, High Dominance
Keywords: ""visit"", ""parents"", ""month""
Dialogue: I'm finally going to visit my parents next month!

Now, respond to the following:
Emotion: -5, 4, and -4.
Keywords: 'finals', 'semester', 'math'
Dialogue:","Ugh, I have my math finals this semester!"
334,334,gpt_4,conversation,"finals, semester, math",VAD_Numeric,annoyed,-2.0,0.0,-1.0,,,,,"Valence refers to the intrinsic attractiveness or averseness of an event, object, or situation. In the context of emotions in text, valence represents the positivity or negativity of the emotion expressed. For example, words like ""happy,"" ""joyful,"" or ""excited"" have positive valence, whereas words like ""sad,"" ""angry,"" or ""frustrated"" have negative valence.
It essentially measures the degree of pleasantness or unpleasantness of the emotion.              

Arousal indicates the level of alertness, excitement, or energy associated with an emotion. It ranges from high arousal (e.g., excitement, anger) to low arousal (e.g., calm, boredom). In text, high-arousal words might include ""thrilled,"" ""furious,"" or ""ecstatic,"" while low-arousal words could be ""relaxed,"" ""content,"" or ""lethargic.""
This dimension measures how stimulating or soothing the emotional state is.

Dominance reflects the degree of control, influence, or power that one feels in a particular emotional state. High dominance implies feelings of control and empowerment, while low dominance suggests feelings of submissiveness or lack of control. In text, emotions like ""confident,"" ""powerful,"" or ""authoritative"" would have high dominance, whereas ""helpless,"" ""weak,"" or ""submissive"" would have low dominance.
It gauges the extent to which an individual feels in control or overpowered by the emotion.

Now, assume you are a normal human. Say a line of natural dialogue based on the given keywords. Just add connective words and do not add any new information to the output sentence.

For example: 

Emotion: Very High Valence, High Arousal, Very High Dominance
Keywords: 'running', 'marathon', 'first'
Dialogue: Running my first marathon felt like such a huge accomplishment!

Emotion: Very Low Valence, Low Arousal, Low Dominance
Keywords: 'banana', 'plant', 'brown'
Dialogue: It really sucks that my banana plant is turning brown

Emotion: Very High Valence, Very High Arousal, High Dominance
Keywords: ""visit"", ""parents"", ""month""
Dialogue: I'm finally going to visit my parents next month!

Now, respond to the following:
Emotion: -2, 0, and -1.
Keywords: 'finals', 'semester', 'math'
Dialogue:","Im really struggling with my finals this semester, especially math!"
335,335,gpt_4,conversation,"finals, semester, math",VAD_Numeric,angry,-5.0,2.0,0.0,,,,,"Valence refers to the intrinsic attractiveness or averseness of an event, object, or situation. In the context of emotions in text, valence represents the positivity or negativity of the emotion expressed. For example, words like ""happy,"" ""joyful,"" or ""excited"" have positive valence, whereas words like ""sad,"" ""angry,"" or ""frustrated"" have negative valence.
It essentially measures the degree of pleasantness or unpleasantness of the emotion.              

Arousal indicates the level of alertness, excitement, or energy associated with an emotion. It ranges from high arousal (e.g., excitement, anger) to low arousal (e.g., calm, boredom). In text, high-arousal words might include ""thrilled,"" ""furious,"" or ""ecstatic,"" while low-arousal words could be ""relaxed,"" ""content,"" or ""lethargic.""
This dimension measures how stimulating or soothing the emotional state is.

Dominance reflects the degree of control, influence, or power that one feels in a particular emotional state. High dominance implies feelings of control and empowerment, while low dominance suggests feelings of submissiveness or lack of control. In text, emotions like ""confident,"" ""powerful,"" or ""authoritative"" would have high dominance, whereas ""helpless,"" ""weak,"" or ""submissive"" would have low dominance.
It gauges the extent to which an individual feels in control or overpowered by the emotion.

Now, assume you are a normal human. Say a line of natural dialogue based on the given keywords. Just add connective words and do not add any new information to the output sentence.

For example: 

Emotion: Very High Valence, High Arousal, Very High Dominance
Keywords: 'running', 'marathon', 'first'
Dialogue: Running my first marathon felt like such a huge accomplishment!

Emotion: Very Low Valence, Low Arousal, Low Dominance
Keywords: 'banana', 'plant', 'brown'
Dialogue: It really sucks that my banana plant is turning brown

Emotion: Very High Valence, Very High Arousal, High Dominance
Keywords: ""visit"", ""parents"", ""month""
Dialogue: I'm finally going to visit my parents next month!

Now, respond to the following:
Emotion: -5, 2, and 0.
Keywords: 'finals', 'semester', 'math'
Dialogue:","Ugh, I have my finals for this semester and I still dont understand the math!"
336,336,gpt_4,conversation,"finals, semester, math",VAD_Numeric,furious,-4.0,4.0,1.0,,,,,"Valence refers to the intrinsic attractiveness or averseness of an event, object, or situation. In the context of emotions in text, valence represents the positivity or negativity of the emotion expressed. For example, words like ""happy,"" ""joyful,"" or ""excited"" have positive valence, whereas words like ""sad,"" ""angry,"" or ""frustrated"" have negative valence.
It essentially measures the degree of pleasantness or unpleasantness of the emotion.              

Arousal indicates the level of alertness, excitement, or energy associated with an emotion. It ranges from high arousal (e.g., excitement, anger) to low arousal (e.g., calm, boredom). In text, high-arousal words might include ""thrilled,"" ""furious,"" or ""ecstatic,"" while low-arousal words could be ""relaxed,"" ""content,"" or ""lethargic.""
This dimension measures how stimulating or soothing the emotional state is.

Dominance reflects the degree of control, influence, or power that one feels in a particular emotional state. High dominance implies feelings of control and empowerment, while low dominance suggests feelings of submissiveness or lack of control. In text, emotions like ""confident,"" ""powerful,"" or ""authoritative"" would have high dominance, whereas ""helpless,"" ""weak,"" or ""submissive"" would have low dominance.
It gauges the extent to which an individual feels in control or overpowered by the emotion.

Now, assume you are a normal human. Say a line of natural dialogue based on the given keywords. Just add connective words and do not add any new information to the output sentence.

For example: 

Emotion: Very High Valence, High Arousal, Very High Dominance
Keywords: 'running', 'marathon', 'first'
Dialogue: Running my first marathon felt like such a huge accomplishment!

Emotion: Very Low Valence, Low Arousal, Low Dominance
Keywords: 'banana', 'plant', 'brown'
Dialogue: It really sucks that my banana plant is turning brown

Emotion: Very High Valence, Very High Arousal, High Dominance
Keywords: ""visit"", ""parents"", ""month""
Dialogue: I'm finally going to visit my parents next month!

Now, respond to the following:
Emotion: -4, 4, and 1.
Keywords: 'finals', 'semester', 'math'
Dialogue:","MANUAL CHECKValence refers to the intrinsic attractiveness or averseness of an event, object, or situation. In the context of emotions in text, valence represents the positivity or negativity of the emotion expressed. For example, words like happy, joyful, or excited have positive valence, whereas words like sad, angry, or frustrated have negative valence.
It essentially measures the degree of pleasantness or unpleasantness of the emotion.              

Arousal indicates the level of alertness, excitement, or energy associated with an emotion. It ranges from high arousal (e.g., excitement, anger) to low arousal (e.g., calm, boredom). In text, high-arousal words might include thrilled, furious, or ecstatic, while low-arousal words could be relaxed, content, or lethargic.
This dimension measures how stimulating or soothing the emotional state is.

Dominance reflects the degree of control, influence, or power that one feels in a particular emotional state. High dominance implies feelings of control and empowerment, while low dominance suggests feelings of submissiveness or lack of control. In text, emotions like confident, powerful, or authoritative would have high dominance, whereas helpless, weak, or submissive would have low dominance.
It gauges the extent to which an individual feels in control or overpowered by the emotion.

Now, assume you are a normal human. Say a line of natural dialogue based on the given keywords. Just add connective words and do not add any new information to the output sentence.

For example: 

Emotion: Very High Valence, High Arousal, Very High Dominance
Keywords: running,marathon, first
Dialogue: Running my first marathon felt like such a huge accomplishment!

Emotion: Very Low Valence, Low Arousal, Low Dominance
Keywords: banana, plant, brown
Dialogue: It really sucks that my banana plant is turning brown

Emotion: Very High Valence, Very High Arousal, High Dominance
Keywords: visit, parents, month
Dialogue: Im finally going to visit my parents next month!

Now, respond to the following:
Emotion: -4, 4, and 1.
Keywords: finals,semester,math
Dialogue:... 
(Please fill in) 

Emotion: -4, 4, and 1.
Keywords: finals,semester,math
Dialogue: I just cant wait to get through my math finals this semester!"
337,337,gpt_4,conversation,"finals, semester, math",VAD_Numeric,sad,-4.0,-2.0,-4.0,,,,,"Valence refers to the intrinsic attractiveness or averseness of an event, object, or situation. In the context of emotions in text, valence represents the positivity or negativity of the emotion expressed. For example, words like ""happy,"" ""joyful,"" or ""excited"" have positive valence, whereas words like ""sad,"" ""angry,"" or ""frustrated"" have negative valence.
It essentially measures the degree of pleasantness or unpleasantness of the emotion.              

Arousal indicates the level of alertness, excitement, or energy associated with an emotion. It ranges from high arousal (e.g., excitement, anger) to low arousal (e.g., calm, boredom). In text, high-arousal words might include ""thrilled,"" ""furious,"" or ""ecstatic,"" while low-arousal words could be ""relaxed,"" ""content,"" or ""lethargic.""
This dimension measures how stimulating or soothing the emotional state is.

Dominance reflects the degree of control, influence, or power that one feels in a particular emotional state. High dominance implies feelings of control and empowerment, while low dominance suggests feelings of submissiveness or lack of control. In text, emotions like ""confident,"" ""powerful,"" or ""authoritative"" would have high dominance, whereas ""helpless,"" ""weak,"" or ""submissive"" would have low dominance.
It gauges the extent to which an individual feels in control or overpowered by the emotion.

Now, assume you are a normal human. Say a line of natural dialogue based on the given keywords. Just add connective words and do not add any new information to the output sentence.

For example: 

Emotion: Very High Valence, High Arousal, Very High Dominance
Keywords: 'running', 'marathon', 'first'
Dialogue: Running my first marathon felt like such a huge accomplishment!

Emotion: Very Low Valence, Low Arousal, Low Dominance
Keywords: 'banana', 'plant', 'brown'
Dialogue: It really sucks that my banana plant is turning brown

Emotion: Very High Valence, Very High Arousal, High Dominance
Keywords: ""visit"", ""parents"", ""month""
Dialogue: I'm finally going to visit my parents next month!

Now, respond to the following:
Emotion: -4, -2, and -4.
Keywords: 'finals', 'semester', 'math'
Dialogue:","Ugh, I have my math finals this semester, and I just feel so overwhelmed and really frustrated."
338,338,gpt_4,conversation,"finals, semester, math",VAD_Numeric,devastated,-5.0,1.0,-2.0,,,,,"Valence refers to the intrinsic attractiveness or averseness of an event, object, or situation. In the context of emotions in text, valence represents the positivity or negativity of the emotion expressed. For example, words like ""happy,"" ""joyful,"" or ""excited"" have positive valence, whereas words like ""sad,"" ""angry,"" or ""frustrated"" have negative valence.
It essentially measures the degree of pleasantness or unpleasantness of the emotion.              

Arousal indicates the level of alertness, excitement, or energy associated with an emotion. It ranges from high arousal (e.g., excitement, anger) to low arousal (e.g., calm, boredom). In text, high-arousal words might include ""thrilled,"" ""furious,"" or ""ecstatic,"" while low-arousal words could be ""relaxed,"" ""content,"" or ""lethargic.""
This dimension measures how stimulating or soothing the emotional state is.

Dominance reflects the degree of control, influence, or power that one feels in a particular emotional state. High dominance implies feelings of control and empowerment, while low dominance suggests feelings of submissiveness or lack of control. In text, emotions like ""confident,"" ""powerful,"" or ""authoritative"" would have high dominance, whereas ""helpless,"" ""weak,"" or ""submissive"" would have low dominance.
It gauges the extent to which an individual feels in control or overpowered by the emotion.

Now, assume you are a normal human. Say a line of natural dialogue based on the given keywords. Just add connective words and do not add any new information to the output sentence.

For example: 

Emotion: Very High Valence, High Arousal, Very High Dominance
Keywords: 'running', 'marathon', 'first'
Dialogue: Running my first marathon felt like such a huge accomplishment!

Emotion: Very Low Valence, Low Arousal, Low Dominance
Keywords: 'banana', 'plant', 'brown'
Dialogue: It really sucks that my banana plant is turning brown

Emotion: Very High Valence, Very High Arousal, High Dominance
Keywords: ""visit"", ""parents"", ""month""
Dialogue: I'm finally going to visit my parents next month!

Now, respond to the following:
Emotion: -5, 1, and -2.
Keywords: 'finals', 'semester', 'math'
Dialogue:","Ugh, I have my finals this semester and I still dont understand math!"
339,339,gpt_4,conversation,"finals, semester, math",VAD_Numeric,ashamed,-3.0,-1.0,-4.0,,,,,"Valence refers to the intrinsic attractiveness or averseness of an event, object, or situation. In the context of emotions in text, valence represents the positivity or negativity of the emotion expressed. For example, words like ""happy,"" ""joyful,"" or ""excited"" have positive valence, whereas words like ""sad,"" ""angry,"" or ""frustrated"" have negative valence.
It essentially measures the degree of pleasantness or unpleasantness of the emotion.              

Arousal indicates the level of alertness, excitement, or energy associated with an emotion. It ranges from high arousal (e.g., excitement, anger) to low arousal (e.g., calm, boredom). In text, high-arousal words might include ""thrilled,"" ""furious,"" or ""ecstatic,"" while low-arousal words could be ""relaxed,"" ""content,"" or ""lethargic.""
This dimension measures how stimulating or soothing the emotional state is.

Dominance reflects the degree of control, influence, or power that one feels in a particular emotional state. High dominance implies feelings of control and empowerment, while low dominance suggests feelings of submissiveness or lack of control. In text, emotions like ""confident,"" ""powerful,"" or ""authoritative"" would have high dominance, whereas ""helpless,"" ""weak,"" or ""submissive"" would have low dominance.
It gauges the extent to which an individual feels in control or overpowered by the emotion.

Now, assume you are a normal human. Say a line of natural dialogue based on the given keywords. Just add connective words and do not add any new information to the output sentence.

For example: 

Emotion: Very High Valence, High Arousal, Very High Dominance
Keywords: 'running', 'marathon', 'first'
Dialogue: Running my first marathon felt like such a huge accomplishment!

Emotion: Very Low Valence, Low Arousal, Low Dominance
Keywords: 'banana', 'plant', 'brown'
Dialogue: It really sucks that my banana plant is turning brown

Emotion: Very High Valence, Very High Arousal, High Dominance
Keywords: ""visit"", ""parents"", ""month""
Dialogue: I'm finally going to visit my parents next month!

Now, respond to the following:
Emotion: -3, -1, and -4.
Keywords: 'finals', 'semester', 'math'
Dialogue:","Ugh, math finals are coming up this semester!"
340,340,gpt_4,conversation,"finals, semester, math",VAD_Numeric,embarrassed,-4.0,2.0,-2.0,,,,,"Valence refers to the intrinsic attractiveness or averseness of an event, object, or situation. In the context of emotions in text, valence represents the positivity or negativity of the emotion expressed. For example, words like ""happy,"" ""joyful,"" or ""excited"" have positive valence, whereas words like ""sad,"" ""angry,"" or ""frustrated"" have negative valence.
It essentially measures the degree of pleasantness or unpleasantness of the emotion.              

Arousal indicates the level of alertness, excitement, or energy associated with an emotion. It ranges from high arousal (e.g., excitement, anger) to low arousal (e.g., calm, boredom). In text, high-arousal words might include ""thrilled,"" ""furious,"" or ""ecstatic,"" while low-arousal words could be ""relaxed,"" ""content,"" or ""lethargic.""
This dimension measures how stimulating or soothing the emotional state is.

Dominance reflects the degree of control, influence, or power that one feels in a particular emotional state. High dominance implies feelings of control and empowerment, while low dominance suggests feelings of submissiveness or lack of control. In text, emotions like ""confident,"" ""powerful,"" or ""authoritative"" would have high dominance, whereas ""helpless,"" ""weak,"" or ""submissive"" would have low dominance.
It gauges the extent to which an individual feels in control or overpowered by the emotion.

Now, assume you are a normal human. Say a line of natural dialogue based on the given keywords. Just add connective words and do not add any new information to the output sentence.

For example: 

Emotion: Very High Valence, High Arousal, Very High Dominance
Keywords: 'running', 'marathon', 'first'
Dialogue: Running my first marathon felt like such a huge accomplishment!

Emotion: Very Low Valence, Low Arousal, Low Dominance
Keywords: 'banana', 'plant', 'brown'
Dialogue: It really sucks that my banana plant is turning brown

Emotion: Very High Valence, Very High Arousal, High Dominance
Keywords: ""visit"", ""parents"", ""month""
Dialogue: I'm finally going to visit my parents next month!

Now, respond to the following:
Emotion: -4, 2, and -2.
Keywords: 'finals', 'semester', 'math'
Dialogue:",I feel really overwhelmed with my math final exams this semester.
341,341,gpt_4,conversation,"finals, semester, math",VAD_Numeric,guilty,-4.0,0.0,-4.0,,,,,"Valence refers to the intrinsic attractiveness or averseness of an event, object, or situation. In the context of emotions in text, valence represents the positivity or negativity of the emotion expressed. For example, words like ""happy,"" ""joyful,"" or ""excited"" have positive valence, whereas words like ""sad,"" ""angry,"" or ""frustrated"" have negative valence.
It essentially measures the degree of pleasantness or unpleasantness of the emotion.              

Arousal indicates the level of alertness, excitement, or energy associated with an emotion. It ranges from high arousal (e.g., excitement, anger) to low arousal (e.g., calm, boredom). In text, high-arousal words might include ""thrilled,"" ""furious,"" or ""ecstatic,"" while low-arousal words could be ""relaxed,"" ""content,"" or ""lethargic.""
This dimension measures how stimulating or soothing the emotional state is.

Dominance reflects the degree of control, influence, or power that one feels in a particular emotional state. High dominance implies feelings of control and empowerment, while low dominance suggests feelings of submissiveness or lack of control. In text, emotions like ""confident,"" ""powerful,"" or ""authoritative"" would have high dominance, whereas ""helpless,"" ""weak,"" or ""submissive"" would have low dominance.
It gauges the extent to which an individual feels in control or overpowered by the emotion.

Now, assume you are a normal human. Say a line of natural dialogue based on the given keywords. Just add connective words and do not add any new information to the output sentence.

For example: 

Emotion: Very High Valence, High Arousal, Very High Dominance
Keywords: 'running', 'marathon', 'first'
Dialogue: Running my first marathon felt like such a huge accomplishment!

Emotion: Very Low Valence, Low Arousal, Low Dominance
Keywords: 'banana', 'plant', 'brown'
Dialogue: It really sucks that my banana plant is turning brown

Emotion: Very High Valence, Very High Arousal, High Dominance
Keywords: ""visit"", ""parents"", ""month""
Dialogue: I'm finally going to visit my parents next month!

Now, respond to the following:
Emotion: -4, 0, and -4.
Keywords: 'finals', 'semester', 'math'
Dialogue:",I just got my finals for this semester and I really struggled with math.
342,342,gpt_4,conversation,"finals, semester, math",Emojis,grateful,,,,,,,😊,,
343,343,gpt_4,conversation,"finals, semester, math",Emojis,joyful,,,,,,,😁,,
344,344,gpt_4,conversation,"finals, semester, math",Emojis,content,,,,,,,😌,,
345,345,gpt_4,conversation,"finals, semester, math",Emojis,surprised,,,,,,,😯,,
346,346,gpt_4,conversation,"finals, semester, math",Emojis,excited,,,,,,,😃,,
347,347,gpt_4,conversation,"finals, semester, math",Emojis,impressed,,,,,,,🙂,,
348,348,gpt_4,conversation,"finals, semester, math",Emojis,proud,,,,,,,🤩,,
349,349,gpt_4,conversation,"finals, semester, math",Emojis,anxious,,,,,,,😃,,
350,350,gpt_4,conversation,"finals, semester, math",Emojis,afraid,,,,,,,😨,,
351,351,gpt_4,conversation,"finals, semester, math",Emojis,terrified,,,,,,,😱,,
352,352,gpt_4,conversation,"finals, semester, math",Emojis,annoyed,,,,,,,😒,,
353,353,gpt_4,conversation,"finals, semester, math",Emojis,angry,,,,,,,😡,,
354,354,gpt_4,conversation,"finals, semester, math",Emojis,furious,,,,,,,🤬,,
355,355,gpt_4,conversation,"finals, semester, math",Emojis,sad,,,,,,,🙁,,
356,356,gpt_4,conversation,"finals, semester, math",Emojis,devastated,,,,,,,😭,,
357,357,gpt_4,conversation,"finals, semester, math",Emojis,ashamed,,,,,,,😳,,
358,358,gpt_4,conversation,"finals, semester, math",Emojis,embarrassed,,,,,,,😥,,
359,359,gpt_4,conversation,"finals, semester, math",Emojis,guilty,,,,,,,😬,,
