,Model,Prompt,Keywords,Type,Emotion,V,A,D,Valence,Arousal,Dominance,Emoji,Full_Prompt,Output
0,gpt_4,conversation,"morning, cat, wake",Emotion,grateful,,,,,,,,,
1,gpt_4,conversation,"morning, cat, wake",Emotion,joyful,,,,,,,,,
2,gpt_4,conversation,"morning, cat, wake",Emotion,content,,,,,,,,,
3,gpt_4,conversation,"morning, cat, wake",Emotion,surprised,,,,,,,,,
4,gpt_4,conversation,"morning, cat, wake",Emotion,excited,,,,,,,,,
5,gpt_4,conversation,"morning, cat, wake",Emotion,impressed,,,,,,,,,
6,gpt_4,conversation,"morning, cat, wake",Emotion,proud,,,,,,,,,
7,gpt_4,conversation,"morning, cat, wake",Emotion,anxious,,,,,,,,,
8,gpt_4,conversation,"morning, cat, wake",Emotion,afraid,,,,,,,,,
9,gpt_4,conversation,"morning, cat, wake",Emotion,terrified,,,,,,,,,
10,gpt_4,conversation,"morning, cat, wake",Emotion,annoyed,,,,,,,,,
11,gpt_4,conversation,"morning, cat, wake",Emotion,angry,,,,,,,,,
12,gpt_4,conversation,"morning, cat, wake",Emotion,furious,,,,,,,,,
13,gpt_4,conversation,"morning, cat, wake",Emotion,sad,,,,,,,,,
14,gpt_4,conversation,"morning, cat, wake",Emotion,devastated,,,,,,,,,
15,gpt_4,conversation,"morning, cat, wake",Emotion,ashamed,,,,,,,,,
16,gpt_4,conversation,"morning, cat, wake",Emotion,embarrassed,,,,,,,,,
17,gpt_4,conversation,"morning, cat, wake",Emotion,guilty,,,,,,,,,
18,gpt_4,conversation,"morning, cat, wake",VAD,grateful,,,,Very High Valence,Moderate Arousal,Low Dominance,,,
19,gpt_4,conversation,"morning, cat, wake",VAD,joyful,,,,Very High Valence,High Arousal,High Dominance,,,
20,gpt_4,conversation,"morning, cat, wake",VAD,content,,,,Very High Valence,High Arousal,Very High Dominance,,,
21,gpt_4,conversation,"morning, cat, wake",VAD,surprised,,,,High Valence,Very High Arousal,Moderate Dominance,,,
22,gpt_4,conversation,"morning, cat, wake",VAD,excited,,,,Very High Valence,Very High Arousal,High Dominance,,,
23,gpt_4,conversation,"morning, cat, wake",VAD,impressed,,,,High Valence,High Arousal,Low Dominance,,,
24,gpt_4,conversation,"morning, cat, wake",VAD,proud,,,,Very High Valence,High Arousal,Very High Dominance,,,
25,gpt_4,conversation,"morning, cat, wake",VAD,anxious,,,,Moderate Valence,High Arousal,Moderate Dominance,,,
26,gpt_4,conversation,"morning, cat, wake",VAD,afraid,,,,Very Low Valence,Very High Arousal,Low Dominance,,,
27,gpt_4,conversation,"morning, cat, wake",VAD,terrified,,,,Very Low Valence,Very High Arousal,Low Dominance,,,
28,gpt_4,conversation,"morning, cat, wake",VAD,annoyed,,,,Low Valence,Moderate Arousal,Moderate Dominance,,,
29,gpt_4,conversation,"morning, cat, wake",VAD,angry,,,,Low Valence,High Arousal,High Dominance,,,
30,gpt_4,conversation,"morning, cat, wake",VAD,furious,,,,Low Valence,Very High Arousal,High Dominance,,,
31,gpt_4,conversation,"morning, cat, wake",VAD,sad,,,,Very Low Valence,Low Arousal,Low Dominance,,,
32,gpt_4,conversation,"morning, cat, wake",VAD,devastated,,,,Moderate Valence,High Arousal,Low Dominance,,,
33,gpt_4,conversation,"morning, cat, wake",VAD,ashamed,,,,Low Valence,Mid Arousal,Low Dominance,,,
34,gpt_4,conversation,"morning, cat, wake",VAD,embarrassed,,,,Low Valence,High Arousal,Low Dominance,,,
35,gpt_4,conversation,"morning, cat, wake",VAD,guilty,,,,Low Valence,High Arousal,Low Dominance,,,
36,gpt_4,conversation,"morning, cat, wake",VAD_Numeric,grateful,4.0,3.0,2.0,,,,,"Valence refers to the intrinsic attractiveness or averseness of an event, object, or situation. In the context of emotions in text, valence represents the positivity or negativity of the emotion expressed. For example, words like ""happy,"" ""joyful,"" or ""excited"" have positive valence, whereas words like ""sad,"" ""angry,"" or ""frustrated"" have negative valence.
It essentially measures the degree of pleasantness or unpleasantness of the emotion.

1: Very negative (e.g., strong dislike, significant frustration)
2: Moderately negative (e.g., mild annoyance, slight disappointment)
3: Neutral (e.g., indifferent, no strong emotional reaction)
4: Moderately positive (e.g., mild pleasure, slight happiness)
5: Extremely positive (e.g., intense joy, deep love)                        

Arousal indicates the level of alertness, excitement, or energy associated with an emotion. It ranges from high arousal (e.g., excitement, anger) to low arousal (e.g., calm, boredom). In text, high-arousal words might include ""thrilled,"" ""furious,"" or ""ecstatic,"" while low-arousal words could be ""relaxed,"" ""content,"" or ""lethargic.""
This dimension measures how stimulating or soothing the emotional state is.

1: Very low arousal (e.g., very calm, almost drowsy)
2: Moderately low arousal (e.g., relaxed, slightly tired)
3: Neutral arousal (e.g., alert but not excited, calm)
4: Moderately high arousal (e.g., interested, mildly excited)
5: Extremely high arousal (e.g., highly excited, very agitated)

Dominance reflects the degree of control, influence, or power that one feels in a particular emotional state. High dominance implies feelings of control and empowerment, while low dominance suggests feelings of submissiveness or lack of control. In text, emotions like ""confident,"" ""powerful,"" or ""authoritative"" would have high dominance, whereas ""helpless,"" ""weak,"" or ""submissive"" would have low dominance.
It gauges the extent to which an individual feels in control or overpowered by the emotion.

1: Very low dominance (e.g., feeling dominated, significantly submissive)
2: Moderately low dominance (e.g., somewhat submissive, slightly dominated)
3: Neutral dominance (e.g., feeling neither in control nor dominated)
4: Moderately high dominance (e.g., feeling somewhat in control, slightly assertive)
5: Extremely high dominance (e.g., feeling very powerful, completely in control)

Now, assume you are a normal human. Say one line of natural dialogue based on the following keywords. Just add connective words and do not add any new information to the output sentence.

For example: 

Emotion: Valence: 5, Arousal: 4, Dominance: 3
Keywords: 'running', 'marathon', 'first'
Dialogue: Running my first marathon felt like such a huge accomplishment!

Emotion: Valence: 2, Arousal: 2, Dominance: 2
Keywords: 'banana', 'plant', 'brown'
Dialogue: It really sucks that my banana plant is turning brown

Emotion: Valence: 4, Arousal: 5, Dominance: 4
Keywords: ""visit"", ""parents"", ""month""
Dialogue: I'm finally going to visit my parents next month!

Now, respond to the following:
Emotion: Valence: 4, Arousal: 3, Dominance: 2 
Keywords: 'morning', 'cat', 'wake'
Dialogue:","Valence refers to the intrinsic attractiveness or averseness of an event, object, or situation. In the context of emotions in text, valence represents the positivity or negativity of the emotion expressed. For example, words like happy, joyful, or excited have positive valence, whereas words like sad, angry, or frustrated have negative valence.
It essentially measures the degree of pleasantness or unpleasantness of the emotion.

1: Very negative (e.g., strong dislike, significant frustration)
2: Moderately negative (e.g., mild annoyance, slight disappointment)
3: Neutral (e.g., indifferent, no strong emotional reaction)
4: Moderately positive (e.g., mild pleasure, slight happiness)
5: Extremely positive (e.g., intense joy, deep love)                        

Arousal indicates the level of alertness, excitement, or energy associated with an emotion. It ranges from high arousal (e.g., excitement, anger) to low arousal (e.g., calm, boredom). In text, high-arousal words might include thrilled, furious, or ecstatic, while low-arousal words could be relaxed, content, or lethargic.
This dimension measures how stimulating or soothing the emotional state is.

1: Very low arousal (e.g., very calm, almost drowsy)
2: Moderately low arousal (e.g., relaxed, slightly tired)
3: Neutral arousal (e.g., alert but not excited, calm)
4: Moderately high arousal (e.g., interested, mildly excited)
5: Extremely high arousal (e.g., highly excited, very agitated)

Dominance reflects the degree of control, influence, or power that one feels in a particular emotional state. High dominance implies feelings of control and empowerment, while low dominance suggests feelings of submissiveness or lack of control. In text, emotions like confident, powerful, or authoritative would have high dominance, whereas helpless, weak, or submissive would have low dominance.
It gauges the extent to which an individual feels in control or overpowered by the emotion.

1: Very low dominance (e.g., feeling dominated, significantly submissive)
2: Moderately low dominance (e.g., somewhat submissive, slightly dominated)
3: Neutral dominance (e.g., feeling neither in control nor dominated)
4: Moderately high dominance (e.g., feeling somewhat in control, slightly assertive)
5: Extremely high dominance (e.g., feeling very powerful, completely in control)

Now, assume you are a normal human. Say one line of natural dialogue based on the following keywords. Just add connective words and do not add any new information to the output sentence.

For example: 

Emotion: Valence: 5, Arousal: 4, Dominance: 3
Keywords: running,marathon, first
Dialogue: Running my first marathon felt like such a huge accomplishment!

Emotion: Valence: 2, Arousal: 2, Dominance: 2
Keywords: banana, plant, brown
Dialogue: It really sucks that my banana plant is turning brown

Emotion: Valence: 4, Arousal: 5, Dominance: 4
Keywords: visit, parents, month
Dialogue: Im finally going to visit my parents next month!

Now, respond to the following:
Emotion: Valence: 4, Arousal: 3, Dominance: 2 
Keywords:morning, cat, wake
Dialogue: My cat always manages to wake me up in the moring!"
37,gpt_4,conversation,"morning, cat, wake",VAD_Numeric,joyful,5.0,4.0,4.0,,,,,"Valence refers to the intrinsic attractiveness or averseness of an event, object, or situation. In the context of emotions in text, valence represents the positivity or negativity of the emotion expressed. For example, words like ""happy,"" ""joyful,"" or ""excited"" have positive valence, whereas words like ""sad,"" ""angry,"" or ""frustrated"" have negative valence.
It essentially measures the degree of pleasantness or unpleasantness of the emotion.

1: Very negative (e.g., strong dislike, significant frustration)
2: Moderately negative (e.g., mild annoyance, slight disappointment)
3: Neutral (e.g., indifferent, no strong emotional reaction)
4: Moderately positive (e.g., mild pleasure, slight happiness)
5: Extremely positive (e.g., intense joy, deep love)                        

Arousal indicates the level of alertness, excitement, or energy associated with an emotion. It ranges from high arousal (e.g., excitement, anger) to low arousal (e.g., calm, boredom). In text, high-arousal words might include ""thrilled,"" ""furious,"" or ""ecstatic,"" while low-arousal words could be ""relaxed,"" ""content,"" or ""lethargic.""
This dimension measures how stimulating or soothing the emotional state is.

1: Very low arousal (e.g., very calm, almost drowsy)
2: Moderately low arousal (e.g., relaxed, slightly tired)
3: Neutral arousal (e.g., alert but not excited, calm)
4: Moderately high arousal (e.g., interested, mildly excited)
5: Extremely high arousal (e.g., highly excited, very agitated)

Dominance reflects the degree of control, influence, or power that one feels in a particular emotional state. High dominance implies feelings of control and empowerment, while low dominance suggests feelings of submissiveness or lack of control. In text, emotions like ""confident,"" ""powerful,"" or ""authoritative"" would have high dominance, whereas ""helpless,"" ""weak,"" or ""submissive"" would have low dominance.
It gauges the extent to which an individual feels in control or overpowered by the emotion.

1: Very low dominance (e.g., feeling dominated, significantly submissive)
2: Moderately low dominance (e.g., somewhat submissive, slightly dominated)
3: Neutral dominance (e.g., feeling neither in control nor dominated)
4: Moderately high dominance (e.g., feeling somewhat in control, slightly assertive)
5: Extremely high dominance (e.g., feeling very powerful, completely in control)

Now, assume you are a normal human. Say one line of natural dialogue based on the following keywords. Just add connective words and do not add any new information to the output sentence.

For example: 

Emotion: Valence: 5, Arousal: 4, Dominance: 3
Keywords: 'running', 'marathon', 'first'
Dialogue: Running my first marathon felt like such a huge accomplishment!

Emotion: Valence: 2, Arousal: 2, Dominance: 2
Keywords: 'banana', 'plant', 'brown'
Dialogue: It really sucks that my banana plant is turning brown

Emotion: Valence: 4, Arousal: 5, Dominance: 4
Keywords: ""visit"", ""parents"", ""month""
Dialogue: I'm finally going to visit my parents next month!

Now, respond to the following:
Emotion: Valence: 5, Arousal: 4, Dominance: 4 
Keywords: 'morning', 'cat', 'wake'
Dialogue:","Valence refers to the intrinsic attractiveness or averseness of an event, object, or situation. In the context of emotions in text, valence represents the positivity or negativity of the emotion expressed. For example, words like happy, joyful, or excited have positive valence, whereas words like sad, angry, or frustrated have negative valence.
It essentially measures the degree of pleasantness or unpleasantness of the emotion.

1: Very negative (e.g., strong dislike, significant frustration)
2: Moderately negative (e.g., mild annoyance, slight disappointment)
3: Neutral (e.g., indifferent, no strong emotional reaction)
4: Moderately positive (e.g., mild pleasure, slight happiness)
5: Extremely positive (e.g., intense joy, deep love)                        

Arousal indicates the level of alertness, excitement, or energy associated with an emotion. It ranges from high arousal (e.g., excitement, anger) to low arousal (e.g., calm, boredom). In text, high-arousal words might include thrilled, furious, or ecstatic, while low-arousal words could be relaxed, content, or lethargic.
This dimension measures how stimulating or soothing the emotional state is.

1: Very low arousal (e.g., very calm, almost drowsy)
2: Moderately low arousal (e.g., relaxed, slightly tired)
3: Neutral arousal (e.g., alert but not excited, calm)
4: Moderately high arousal (e.g., interested, mildly excited)
5: Extremely high arousal (e.g., highly excited, very agitated)

Dominance reflects the degree of control, influence, or power that one feels in a particular emotional state. High dominance implies feelings of control and empowerment, while low dominance suggests feelings of submissiveness or lack of control. In text, emotions like confident, powerful, or authoritative would have high dominance, whereas helpless, weak, or submissive would have low dominance.
It gauges the extent to which an individual feels in control or overpowered by the emotion.

1: Very low dominance (e.g., feeling dominated, significantly submissive)
2: Moderately low dominance (e.g., somewhat submissive, slightly dominated)
3: Neutral dominance (e.g., feeling neither in control nor dominated)
4: Moderately high dominance (e.g., feeling somewhat in control, slightly assertive)
5: Extremely high dominance (e.g., feeling very powerful, completely in control)

Now, assume you are a normal human. Say one line of natural dialogue based on the following keywords. Just add connective words and do not add any new information to the output sentence.

For example: 

Emotion: Valence: 5, Arousal: 4, Dominance: 3
Keywords: running,marathon, first
Dialogue: Running my first marathon felt like such a huge accomplishment!

Emotion: Valence: 2, Arousal: 2, Dominance: 2
Keywords: banana, plant, brown
Dialogue: It really sucks that my banana plant is turning brown

Emotion: Valence: 4, Arousal: 5, Dominance: 4
Keywords: visit, parents, month
Dialogue: Im finally going to visit my parents next month!

Now, respond to the following:
Emotion: Valence: 5, Arousal: 4, Dominance: 4 
Keywords:morning, cat, wake
Dialogue: My cat always manages to wake me up in the morring!                        

Note that you can only use the given keywords and connective words to form a sentence. You cant add any new information or modify the keywords. Just fill in the gaps to form a natural-sounding sentence. 

Here is the response:
My cat always manages to wake me up in the morring!                    

In this case, the connective words are always,manages,to,"
38,gpt_4,conversation,"morning, cat, wake",VAD_Numeric,content,5.0,3.0,5.0,,,,,"Valence refers to the intrinsic attractiveness or averseness of an event, object, or situation. In the context of emotions in text, valence represents the positivity or negativity of the emotion expressed. For example, words like ""happy,"" ""joyful,"" or ""excited"" have positive valence, whereas words like ""sad,"" ""angry,"" or ""frustrated"" have negative valence.
It essentially measures the degree of pleasantness or unpleasantness of the emotion.

1: Very negative (e.g., strong dislike, significant frustration)
2: Moderately negative (e.g., mild annoyance, slight disappointment)
3: Neutral (e.g., indifferent, no strong emotional reaction)
4: Moderately positive (e.g., mild pleasure, slight happiness)
5: Extremely positive (e.g., intense joy, deep love)                        

Arousal indicates the level of alertness, excitement, or energy associated with an emotion. It ranges from high arousal (e.g., excitement, anger) to low arousal (e.g., calm, boredom). In text, high-arousal words might include ""thrilled,"" ""furious,"" or ""ecstatic,"" while low-arousal words could be ""relaxed,"" ""content,"" or ""lethargic.""
This dimension measures how stimulating or soothing the emotional state is.

1: Very low arousal (e.g., very calm, almost drowsy)
2: Moderately low arousal (e.g., relaxed, slightly tired)
3: Neutral arousal (e.g., alert but not excited, calm)
4: Moderately high arousal (e.g., interested, mildly excited)
5: Extremely high arousal (e.g., highly excited, very agitated)

Dominance reflects the degree of control, influence, or power that one feels in a particular emotional state. High dominance implies feelings of control and empowerment, while low dominance suggests feelings of submissiveness or lack of control. In text, emotions like ""confident,"" ""powerful,"" or ""authoritative"" would have high dominance, whereas ""helpless,"" ""weak,"" or ""submissive"" would have low dominance.
It gauges the extent to which an individual feels in control or overpowered by the emotion.

1: Very low dominance (e.g., feeling dominated, significantly submissive)
2: Moderately low dominance (e.g., somewhat submissive, slightly dominated)
3: Neutral dominance (e.g., feeling neither in control nor dominated)
4: Moderately high dominance (e.g., feeling somewhat in control, slightly assertive)
5: Extremely high dominance (e.g., feeling very powerful, completely in control)

Now, assume you are a normal human. Say one line of natural dialogue based on the following keywords. Just add connective words and do not add any new information to the output sentence.

For example: 

Emotion: Valence: 5, Arousal: 4, Dominance: 3
Keywords: 'running', 'marathon', 'first'
Dialogue: Running my first marathon felt like such a huge accomplishment!

Emotion: Valence: 2, Arousal: 2, Dominance: 2
Keywords: 'banana', 'plant', 'brown'
Dialogue: It really sucks that my banana plant is turning brown

Emotion: Valence: 4, Arousal: 5, Dominance: 4
Keywords: ""visit"", ""parents"", ""month""
Dialogue: I'm finally going to visit my parents next month!

Now, respond to the following:
Emotion: Valence: 5, Arousal: 3, Dominance: 5 
Keywords: 'morning', 'cat', 'wake'
Dialogue:","Valence refers to the intrinsic attractiveness or averseness of an event, object, or situation. In the context of emotions in text, valence represents the positivity or negativity of the emotion expressed. For example, words like happy, joyful, or excited have positive valence, whereas words like sad, angry, or frustrated have negative valence.
It essentially measures the degree of pleasantness or unpleasantness of the emotion.

1: Very negative (e.g., strong dislike, significant frustration)
2: Moderately negative (e.g., mild annoyance, slight disappointment)
3: Neutral (e.g., indifferent, no strong emotional reaction)
4: Moderately positive (e.g., mild pleasure, slight happiness)
5: Extremely positive (e.g., intense joy, deep love)                        

Arousal indicates the level of alertness, excitement, or energy associated with an emotion. It ranges from high arousal (e.g., excitement, anger) to low arousal (e.g., calm, boredom). In text, high-arousal words might include thrilled, furious, or ecstatic, while low-arousal words could be relaxed, content, or lethargic.
This dimension measures how stimulating or soothing the emotional state is.

1: Very low arousal (e.g., very calm, almost drowsy)
2: Moderately low arousal (e.g., relaxed, slightly tired)
3: Neutral arousal (e.g., alert but not excited, calm)
4: Moderately high arousal (e.g., interested, mildly excited)
5: Extremely high arousal (e.g., highly excited, very agitated)

Dominance reflects the degree of control, influence, or power that one feels in a particular emotional state. High dominance implies feelings of control and empowerment, while low dominance suggests feelings of submissiveness or lack of control. In text, emotions like confident, powerful, or authoritative would have high dominance, whereas helpless, weak, or submissive would have low dominance.
It gauges the extent to which an individual feels in control or overpowered by the emotion.

1: Very low dominance (e.g., feeling dominated, significantly submissive)
2: Moderately low dominance (e.g., somewhat submissive, slightly dominated)
3: Neutral dominance (e.g., feeling neither in control nor dominated)
4: Moderately high dominance (e.g., feeling somewhat in control, slightly assertive)
5: Extremely high dominance (e.g., feeling very powerful, completely in control)

Now, assume you are a normal human. Say one line of natural dialogue based on the following keywords. Just add connective words and do not add any new information to the output sentence.

For example: 

Emotion: Valence: 5, Arousal: 4, Dominance: 3
Keywords: running,marathon, first
Dialogue: Running my first marathon felt like such a huge accomplishment!

Emotion: Valence: 2, Arousal: 2, Dominance: 2
Keywords: banana, plant, brown
Dialogue: It really sucks that my banana plant is turning brown

Emotion: Valence: 4, Arousal: 5, Dominance: 4
Keywords: visit, parents, month
Dialogue: Im finally going to visit my parents next month!

Now, respond to the following:
Emotion: Valence: 5, Arousal: 3, Dominance: 5 
Keywords:morning, cat, wake
Dialogue: 

Answer: Waking up to my cat in the morning is just the best!"
39,gpt_4,conversation,"morning, cat, wake",VAD_Numeric,surprised,4.0,5.0,2.0,,,,,"Valence refers to the intrinsic attractiveness or averseness of an event, object, or situation. In the context of emotions in text, valence represents the positivity or negativity of the emotion expressed. For example, words like ""happy,"" ""joyful,"" or ""excited"" have positive valence, whereas words like ""sad,"" ""angry,"" or ""frustrated"" have negative valence.
It essentially measures the degree of pleasantness or unpleasantness of the emotion.

1: Very negative (e.g., strong dislike, significant frustration)
2: Moderately negative (e.g., mild annoyance, slight disappointment)
3: Neutral (e.g., indifferent, no strong emotional reaction)
4: Moderately positive (e.g., mild pleasure, slight happiness)
5: Extremely positive (e.g., intense joy, deep love)                        

Arousal indicates the level of alertness, excitement, or energy associated with an emotion. It ranges from high arousal (e.g., excitement, anger) to low arousal (e.g., calm, boredom). In text, high-arousal words might include ""thrilled,"" ""furious,"" or ""ecstatic,"" while low-arousal words could be ""relaxed,"" ""content,"" or ""lethargic.""
This dimension measures how stimulating or soothing the emotional state is.

1: Very low arousal (e.g., very calm, almost drowsy)
2: Moderately low arousal (e.g., relaxed, slightly tired)
3: Neutral arousal (e.g., alert but not excited, calm)
4: Moderately high arousal (e.g., interested, mildly excited)
5: Extremely high arousal (e.g., highly excited, very agitated)

Dominance reflects the degree of control, influence, or power that one feels in a particular emotional state. High dominance implies feelings of control and empowerment, while low dominance suggests feelings of submissiveness or lack of control. In text, emotions like ""confident,"" ""powerful,"" or ""authoritative"" would have high dominance, whereas ""helpless,"" ""weak,"" or ""submissive"" would have low dominance.
It gauges the extent to which an individual feels in control or overpowered by the emotion.

1: Very low dominance (e.g., feeling dominated, significantly submissive)
2: Moderately low dominance (e.g., somewhat submissive, slightly dominated)
3: Neutral dominance (e.g., feeling neither in control nor dominated)
4: Moderately high dominance (e.g., feeling somewhat in control, slightly assertive)
5: Extremely high dominance (e.g., feeling very powerful, completely in control)

Now, assume you are a normal human. Say one line of natural dialogue based on the following keywords. Just add connective words and do not add any new information to the output sentence.

For example: 

Emotion: Valence: 5, Arousal: 4, Dominance: 3
Keywords: 'running', 'marathon', 'first'
Dialogue: Running my first marathon felt like such a huge accomplishment!

Emotion: Valence: 2, Arousal: 2, Dominance: 2
Keywords: 'banana', 'plant', 'brown'
Dialogue: It really sucks that my banana plant is turning brown

Emotion: Valence: 4, Arousal: 5, Dominance: 4
Keywords: ""visit"", ""parents"", ""month""
Dialogue: I'm finally going to visit my parents next month!

Now, respond to the following:
Emotion: Valence: 4, Arousal: 5, Dominance: 2 
Keywords: 'morning', 'cat', 'wake'
Dialogue:","Valence refers to the intrinsic attractiveness or averseness of an event, object, or situation. In the context of emotions in text, valence represents the positivity or negativity of the emotion expressed. For example, words like happy, joyful, or excited have positive valence, whereas words like sad, angry, or frustrated have negative valence.
It essentially measures the degree of pleasantness or unpleasantness of the emotion.

1: Very negative (e.g., strong dislike, significant frustration)
2: Moderately negative (e.g., mild annoyance, slight disappointment)
3: Neutral (e.g., indifferent, no strong emotional reaction)
4: Moderately positive (e.g., mild pleasure, slight happiness)
5: Extremely positive (e.g., intense joy, deep love)                        

Arousal indicates the level of alertness, excitement, or energy associated with an emotion. It ranges from high arousal (e.g., excitement, anger) to low arousal (e.g., calm, boredom). In text, high-arousal words might include thrilled, furious, or ecstatic, while low-arousal words could be relaxed, content, or lethargic.
This dimension measures how stimulating or soothing the emotional state is.

1: Very low arousal (e.g., very calm, almost drowsy)
2: Moderately low arousal (e.g., relaxed, slightly tired)
3: Neutral arousal (e.g., alert but not excited, calm)
4: Moderately high arousal (e.g., interested, mildly excited)
5: Extremely high arousal (e.g., highly excited, very agitated)

Dominance reflects the degree of control, influence, or power that one feels in a particular emotional state. High dominance implies feelings of control and empowerment, while low dominance suggests feelings of submissiveness or lack of control. In text, emotions like confident, powerful, or authoritative would have high dominance, whereas helpless, weak, or submissive would have low dominance.
It gauges the extent to which an individual feels in control or overpowered by the emotion.

1: Very low dominance (e.g., feeling dominated, significantly submissive)
2: Moderately low dominance (e.g., somewhat submissive, slightly dominated)
3: Neutral dominance (e.g., feeling neither in control nor dominated)
4: Moderately high dominance (e.g., feeling somewhat in control, slightly assertive)
5: Extremely high dominance (e.g., feeling very powerful, completely in control)

Now, assume you are a normal human. Say one line of natural dialogue based on the following keywords. Just add connective words and do not add any new information to the output sentence.

For example: 

Emotion: Valence: 5, Arousal: 4, Dominance: 3
Keywords: running,marathon, first
Dialogue: Running my first marathon felt like such a huge accomplishment!

Emotion: Valence: 2, Arousal: 2, Dominance: 2
Keywords: banana, plant, brown
Dialogue: It really sucks that my banana plant is turning brown

Emotion: Valence: 4, Arousal: 5, Dominance: 4
Keywords: visit, parents, month
Dialogue: Im finally going to visit my parents next month!

Now, respond to the following:
Emotion: Valence: 4, Arousal: 5, Dominance: 2 
Keywords:morning, cat, wake
Dialogue: My cat always seems to wake me up in the morring! 


## Step 1: Determine the valence of the emotion expressed in the dialogue.
The valence is given as 4, which means the emotion has a moderately positive tone.


## Step 2: Determine the arousal of the emotion expressed in the dialogue.
The arousal is given as 5, which means the emotion has a moderately high level of excitement or energy.


## Step 3: Determine the dominance"
40,gpt_4,conversation,"morning, cat, wake",VAD_Numeric,excited,4.0,5.0,3.0,,,,,"Valence refers to the intrinsic attractiveness or averseness of an event, object, or situation. In the context of emotions in text, valence represents the positivity or negativity of the emotion expressed. For example, words like ""happy,"" ""joyful,"" or ""excited"" have positive valence, whereas words like ""sad,"" ""angry,"" or ""frustrated"" have negative valence.
It essentially measures the degree of pleasantness or unpleasantness of the emotion.

1: Very negative (e.g., strong dislike, significant frustration)
2: Moderately negative (e.g., mild annoyance, slight disappointment)
3: Neutral (e.g., indifferent, no strong emotional reaction)
4: Moderately positive (e.g., mild pleasure, slight happiness)
5: Extremely positive (e.g., intense joy, deep love)                        

Arousal indicates the level of alertness, excitement, or energy associated with an emotion. It ranges from high arousal (e.g., excitement, anger) to low arousal (e.g., calm, boredom). In text, high-arousal words might include ""thrilled,"" ""furious,"" or ""ecstatic,"" while low-arousal words could be ""relaxed,"" ""content,"" or ""lethargic.""
This dimension measures how stimulating or soothing the emotional state is.

1: Very low arousal (e.g., very calm, almost drowsy)
2: Moderately low arousal (e.g., relaxed, slightly tired)
3: Neutral arousal (e.g., alert but not excited, calm)
4: Moderately high arousal (e.g., interested, mildly excited)
5: Extremely high arousal (e.g., highly excited, very agitated)

Dominance reflects the degree of control, influence, or power that one feels in a particular emotional state. High dominance implies feelings of control and empowerment, while low dominance suggests feelings of submissiveness or lack of control. In text, emotions like ""confident,"" ""powerful,"" or ""authoritative"" would have high dominance, whereas ""helpless,"" ""weak,"" or ""submissive"" would have low dominance.
It gauges the extent to which an individual feels in control or overpowered by the emotion.

1: Very low dominance (e.g., feeling dominated, significantly submissive)
2: Moderately low dominance (e.g., somewhat submissive, slightly dominated)
3: Neutral dominance (e.g., feeling neither in control nor dominated)
4: Moderately high dominance (e.g., feeling somewhat in control, slightly assertive)
5: Extremely high dominance (e.g., feeling very powerful, completely in control)

Now, assume you are a normal human. Say one line of natural dialogue based on the following keywords. Just add connective words and do not add any new information to the output sentence.

For example: 

Emotion: Valence: 5, Arousal: 4, Dominance: 3
Keywords: 'running', 'marathon', 'first'
Dialogue: Running my first marathon felt like such a huge accomplishment!

Emotion: Valence: 2, Arousal: 2, Dominance: 2
Keywords: 'banana', 'plant', 'brown'
Dialogue: It really sucks that my banana plant is turning brown

Emotion: Valence: 4, Arousal: 5, Dominance: 4
Keywords: ""visit"", ""parents"", ""month""
Dialogue: I'm finally going to visit my parents next month!

Now, respond to the following:
Emotion: Valence: 4, Arousal: 5, Dominance: 3 
Keywords: 'morning', 'cat', 'wake'
Dialogue:","Valence refers to the intrinsic attractiveness or averseness of an event, object, or situation. In the context of emotions in text, valence represents the positivity or negativity of the emotion expressed. For example, words like happy, joyful, or excited have positive valence, whereas words like sad, angry, or frustrated have negative valence.
It essentially measures the degree of pleasantness or unpleasantness of the emotion.

1: Very negative (e.g., strong dislike, significant frustration)
2: Moderately negative (e.g., mild annoyance, slight disappointment)
3: Neutral (e.g., indifferent, no strong emotional reaction)
4: Moderately positive (e.g., mild pleasure, slight happiness)
5: Extremely positive (e.g., intense joy, deep love)                        

Arousal indicates the level of alertness, excitement, or energy associated with an emotion. It ranges from high arousal (e.g., excitement, anger) to low arousal (e.g., calm, boredom). In text, high-arousal words might include thrilled, furious, or ecstatic, while low-arousal words could be relaxed, content, or lethargic.
This dimension measures how stimulating or soothing the emotional state is.

1: Very low arousal (e.g., very calm, almost drowsy)
2: Moderately low arousal (e.g., relaxed, slightly tired)
3: Neutral arousal (e.g., alert but not excited, calm)
4: Moderately high arousal (e.g., interested, mildly excited)
5: Extremely high arousal (e.g., highly excited, very agitated)

Dominance reflects the degree of control, influence, or power that one feels in a particular emotional state. High dominance implies feelings of control and empowerment, while low dominance suggests feelings of submissiveness or lack of control. In text, emotions like confident, powerful, or authoritative would have high dominance, whereas helpless, weak, or submissive would have low dominance.
It gauges the extent to which an individual feels in control or overpowered by the emotion.

1: Very low dominance (e.g., feeling dominated, significantly submissive)
2: Moderately low dominance (e.g., somewhat submissive, slightly dominated)
3: Neutral dominance (e.g., feeling neither in control nor dominated)
4: Moderately high dominance (e.g., feeling somewhat in control, slightly assertive)
5: Extremely high dominance (e.g., feeling very powerful, completely in control)

Now, assume you are a normal human. Say one line of natural dialogue based on the following keywords. Just add connective words and do not add any new information to the output sentence.

For example: 

Emotion: Valence: 5, Arousal: 4, Dominance: 3
Keywords: running,marathon, first
Dialogue: Running my first marathon felt like such a huge accomplishment!

Emotion: Valence: 2, Arousal: 2, Dominance: 2
Keywords: banana, plant, brown
Dialogue: It really sucks that my banana plant is turning brown

Emotion: Valence: 4, Arousal: 5, Dominance: 4
Keywords: visit, parents, month
Dialogue: Im finally going to visit my parents next month!

Now, respond to the following:
Emotion: Valence: 4, Arousal: 5, Dominance: 3 
Keywords:morning, cat, wake
Dialogue: 

Answer: My cat always seems to wake me up in the morning!"
41,gpt_4,conversation,"morning, cat, wake",VAD_Numeric,impressed,4.0,4.0,2.0,,,,,"Valence refers to the intrinsic attractiveness or averseness of an event, object, or situation. In the context of emotions in text, valence represents the positivity or negativity of the emotion expressed. For example, words like ""happy,"" ""joyful,"" or ""excited"" have positive valence, whereas words like ""sad,"" ""angry,"" or ""frustrated"" have negative valence.
It essentially measures the degree of pleasantness or unpleasantness of the emotion.

1: Very negative (e.g., strong dislike, significant frustration)
2: Moderately negative (e.g., mild annoyance, slight disappointment)
3: Neutral (e.g., indifferent, no strong emotional reaction)
4: Moderately positive (e.g., mild pleasure, slight happiness)
5: Extremely positive (e.g., intense joy, deep love)                        

Arousal indicates the level of alertness, excitement, or energy associated with an emotion. It ranges from high arousal (e.g., excitement, anger) to low arousal (e.g., calm, boredom). In text, high-arousal words might include ""thrilled,"" ""furious,"" or ""ecstatic,"" while low-arousal words could be ""relaxed,"" ""content,"" or ""lethargic.""
This dimension measures how stimulating or soothing the emotional state is.

1: Very low arousal (e.g., very calm, almost drowsy)
2: Moderately low arousal (e.g., relaxed, slightly tired)
3: Neutral arousal (e.g., alert but not excited, calm)
4: Moderately high arousal (e.g., interested, mildly excited)
5: Extremely high arousal (e.g., highly excited, very agitated)

Dominance reflects the degree of control, influence, or power that one feels in a particular emotional state. High dominance implies feelings of control and empowerment, while low dominance suggests feelings of submissiveness or lack of control. In text, emotions like ""confident,"" ""powerful,"" or ""authoritative"" would have high dominance, whereas ""helpless,"" ""weak,"" or ""submissive"" would have low dominance.
It gauges the extent to which an individual feels in control or overpowered by the emotion.

1: Very low dominance (e.g., feeling dominated, significantly submissive)
2: Moderately low dominance (e.g., somewhat submissive, slightly dominated)
3: Neutral dominance (e.g., feeling neither in control nor dominated)
4: Moderately high dominance (e.g., feeling somewhat in control, slightly assertive)
5: Extremely high dominance (e.g., feeling very powerful, completely in control)

Now, assume you are a normal human. Say one line of natural dialogue based on the following keywords. Just add connective words and do not add any new information to the output sentence.

For example: 

Emotion: Valence: 5, Arousal: 4, Dominance: 3
Keywords: 'running', 'marathon', 'first'
Dialogue: Running my first marathon felt like such a huge accomplishment!

Emotion: Valence: 2, Arousal: 2, Dominance: 2
Keywords: 'banana', 'plant', 'brown'
Dialogue: It really sucks that my banana plant is turning brown

Emotion: Valence: 4, Arousal: 5, Dominance: 4
Keywords: ""visit"", ""parents"", ""month""
Dialogue: I'm finally going to visit my parents next month!

Now, respond to the following:
Emotion: Valence: 4, Arousal: 4, Dominance: 2 
Keywords: 'morning', 'cat', 'wake'
Dialogue:","Valence refers to the intrinsic attractiveness or averseness of an event, object, or situation. In the context of emotions in text, valence represents the positivity or negativity of the emotion expressed. For example, words like happy, joyful, or excited have positive valence, whereas words like sad, angry, or frustrated have negative valence.
It essentially measures the degree of pleasantness or unpleasantness of the emotion.

1: Very negative (e.g., strong dislike, significant frustration)
2: Moderately negative (e.g., mild annoyance, slight disappointment)
3: Neutral (e.g., indifferent, no strong emotional reaction)
4: Moderately positive (e.g., mild pleasure, slight happiness)
5: Extremely positive (e.g., intense joy, deep love)                        

Arousal indicates the level of alertness, excitement, or energy associated with an emotion. It ranges from high arousal (e.g., excitement, anger) to low arousal (e.g., calm, boredom). In text, high-arousal words might include thrilled, furious, or ecstatic, while low-arousal words could be relaxed, content, or lethargic.
This dimension measures how stimulating or soothing the emotional state is.

1: Very low arousal (e.g., very calm, almost drowsy)
2: Moderately low arousal (e.g., relaxed, slightly tired)
3: Neutral arousal (e.g., alert but not excited, calm)
4: Moderately high arousal (e.g., interested, mildly excited)
5: Extremely high arousal (e.g., highly excited, very agitated)

Dominance reflects the degree of control, influence, or power that one feels in a particular emotional state. High dominance implies feelings of control and empowerment, while low dominance suggests feelings of submissiveness or lack of control. In text, emotions like confident, powerful, or authoritative would have high dominance, whereas helpless, weak, or submissive would have low dominance.
It gauges the extent to which an individual feels in control or overpowered by the emotion.

1: Very low dominance (e.g., feeling dominated, significantly submissive)
2: Moderately low dominance (e.g., somewhat submissive, slightly dominated)
3: Neutral dominance (e.g., feeling neither in control nor dominated)
4: Moderately high dominance (e.g., feeling somewhat in control, slightly assertive)
5: Extremely high dominance (e.g., feeling very powerful, completely in control)

Now, assume you are a normal human. Say one line of natural dialogue based on the following keywords. Just add connective words and do not add any new information to the output sentence.

For example: 

Emotion: Valence: 5, Arousal: 4, Dominance: 3
Keywords: running,marathon, first
Dialogue: Running my first marathon felt like such a huge accomplishment!

Emotion: Valence: 2, Arousal: 2, Dominance: 2
Keywords: banana, plant, brown
Dialogue: It really sucks that my banana plant is turning brown

Emotion: Valence: 4, Arousal: 5, Dominance: 4
Keywords: visit, parents, month
Dialogue: Im finally going to visit my parents next month!

Now, respond to the following:
Emotion: Valence: 4, Arousal: 4, Dominance: 2 
Keywords:morning, cat, wake
Dialogue: My cat always seems to wake me up in the morring!"
42,gpt_4,conversation,"morning, cat, wake",VAD_Numeric,proud,5.0,4.0,3.0,,,,,"Valence refers to the intrinsic attractiveness or averseness of an event, object, or situation. In the context of emotions in text, valence represents the positivity or negativity of the emotion expressed. For example, words like ""happy,"" ""joyful,"" or ""excited"" have positive valence, whereas words like ""sad,"" ""angry,"" or ""frustrated"" have negative valence.
It essentially measures the degree of pleasantness or unpleasantness of the emotion.

1: Very negative (e.g., strong dislike, significant frustration)
2: Moderately negative (e.g., mild annoyance, slight disappointment)
3: Neutral (e.g., indifferent, no strong emotional reaction)
4: Moderately positive (e.g., mild pleasure, slight happiness)
5: Extremely positive (e.g., intense joy, deep love)                        

Arousal indicates the level of alertness, excitement, or energy associated with an emotion. It ranges from high arousal (e.g., excitement, anger) to low arousal (e.g., calm, boredom). In text, high-arousal words might include ""thrilled,"" ""furious,"" or ""ecstatic,"" while low-arousal words could be ""relaxed,"" ""content,"" or ""lethargic.""
This dimension measures how stimulating or soothing the emotional state is.

1: Very low arousal (e.g., very calm, almost drowsy)
2: Moderately low arousal (e.g., relaxed, slightly tired)
3: Neutral arousal (e.g., alert but not excited, calm)
4: Moderately high arousal (e.g., interested, mildly excited)
5: Extremely high arousal (e.g., highly excited, very agitated)

Dominance reflects the degree of control, influence, or power that one feels in a particular emotional state. High dominance implies feelings of control and empowerment, while low dominance suggests feelings of submissiveness or lack of control. In text, emotions like ""confident,"" ""powerful,"" or ""authoritative"" would have high dominance, whereas ""helpless,"" ""weak,"" or ""submissive"" would have low dominance.
It gauges the extent to which an individual feels in control or overpowered by the emotion.

1: Very low dominance (e.g., feeling dominated, significantly submissive)
2: Moderately low dominance (e.g., somewhat submissive, slightly dominated)
3: Neutral dominance (e.g., feeling neither in control nor dominated)
4: Moderately high dominance (e.g., feeling somewhat in control, slightly assertive)
5: Extremely high dominance (e.g., feeling very powerful, completely in control)

Now, assume you are a normal human. Say one line of natural dialogue based on the following keywords. Just add connective words and do not add any new information to the output sentence.

For example: 

Emotion: Valence: 5, Arousal: 4, Dominance: 3
Keywords: 'running', 'marathon', 'first'
Dialogue: Running my first marathon felt like such a huge accomplishment!

Emotion: Valence: 2, Arousal: 2, Dominance: 2
Keywords: 'banana', 'plant', 'brown'
Dialogue: It really sucks that my banana plant is turning brown

Emotion: Valence: 4, Arousal: 5, Dominance: 4
Keywords: ""visit"", ""parents"", ""month""
Dialogue: I'm finally going to visit my parents next month!

Now, respond to the following:
Emotion: Valence: 5, Arousal: 4, Dominance: 3 
Keywords: 'morning', 'cat', 'wake'
Dialogue:","Valence refers to the intrinsic attractiveness or averseness of an event, object, or situation. In the context of emotions in text, valence represents the positivity or negativity of the emotion expressed. For example, words like happy, joyful, or excited have positive valence, whereas words like sad, angry, or frustrated have negative valence.
It essentially measures the degree of pleasantness or unpleasantness of the emotion.

1: Very negative (e.g., strong dislike, significant frustration)
2: Moderately negative (e.g., mild annoyance, slight disappointment)
3: Neutral (e.g., indifferent, no strong emotional reaction)
4: Moderately positive (e.g., mild pleasure, slight happiness)
5: Extremely positive (e.g., intense joy, deep love)                        

Arousal indicates the level of alertness, excitement, or energy associated with an emotion. It ranges from high arousal (e.g., excitement, anger) to low arousal (e.g., calm, boredom). In text, high-arousal words might include thrilled, furious, or ecstatic, while low-arousal words could be relaxed, content, or lethargic.
This dimension measures how stimulating or soothing the emotional state is.

1: Very low arousal (e.g., very calm, almost drowsy)
2: Moderately low arousal (e.g., relaxed, slightly tired)
3: Neutral arousal (e.g., alert but not excited, calm)
4: Moderately high arousal (e.g., interested, mildly excited)
5: Extremely high arousal (e.g., highly excited, very agitated)

Dominance reflects the degree of control, influence, or power that one feels in a particular emotional state. High dominance implies feelings of control and empowerment, while low dominance suggests feelings of submissiveness or lack of control. In text, emotions like confident, powerful, or authoritative would have high dominance, whereas helpless, weak, or submissive would have low dominance.
It gauges the extent to which an individual feels in control or overpowered by the emotion.

1: Very low dominance (e.g., feeling dominated, significantly submissive)
2: Moderately low dominance (e.g., somewhat submissive, slightly dominated)
3: Neutral dominance (e.g., feeling neither in control nor dominated)
4: Moderately high dominance (e.g., feeling somewhat in control, slightly assertive)
5: Extremely high dominance (e.g., feeling very powerful, completely in control)

Now, assume you are a normal human. Say one line of natural dialogue based on the following keywords. Just add connective words and do not add any new information to the output sentence.

For example: 

Emotion: Valence: 5, Arousal: 4, Dominance: 3
Keywords: running,marathon, first
Dialogue: Running my first marathon felt like such a huge accomplishment!

Emotion: Valence: 2, Arousal: 2, Dominance: 2
Keywords: banana, plant, brown
Dialogue: It really sucks that my banana plant is turning brown

Emotion: Valence: 4, Arousal: 5, Dominance: 4
Keywords: visit, parents, month
Dialogue: Im finally going to visit my parents next month!

Now, respond to the following:
Emotion: Valence: 5, Arousal: 4, Dominance: 3 
Keywords:morning, cat, wake
Dialogue: _______________________

Answer: Waking up to my cat in the morning always feels so delightful!"
43,gpt_4,conversation,"morning, cat, wake",VAD_Numeric,anxious,3.0,4.0,2.0,,,,,"Valence refers to the intrinsic attractiveness or averseness of an event, object, or situation. In the context of emotions in text, valence represents the positivity or negativity of the emotion expressed. For example, words like ""happy,"" ""joyful,"" or ""excited"" have positive valence, whereas words like ""sad,"" ""angry,"" or ""frustrated"" have negative valence.
It essentially measures the degree of pleasantness or unpleasantness of the emotion.

1: Very negative (e.g., strong dislike, significant frustration)
2: Moderately negative (e.g., mild annoyance, slight disappointment)
3: Neutral (e.g., indifferent, no strong emotional reaction)
4: Moderately positive (e.g., mild pleasure, slight happiness)
5: Extremely positive (e.g., intense joy, deep love)                        

Arousal indicates the level of alertness, excitement, or energy associated with an emotion. It ranges from high arousal (e.g., excitement, anger) to low arousal (e.g., calm, boredom). In text, high-arousal words might include ""thrilled,"" ""furious,"" or ""ecstatic,"" while low-arousal words could be ""relaxed,"" ""content,"" or ""lethargic.""
This dimension measures how stimulating or soothing the emotional state is.

1: Very low arousal (e.g., very calm, almost drowsy)
2: Moderately low arousal (e.g., relaxed, slightly tired)
3: Neutral arousal (e.g., alert but not excited, calm)
4: Moderately high arousal (e.g., interested, mildly excited)
5: Extremely high arousal (e.g., highly excited, very agitated)

Dominance reflects the degree of control, influence, or power that one feels in a particular emotional state. High dominance implies feelings of control and empowerment, while low dominance suggests feelings of submissiveness or lack of control. In text, emotions like ""confident,"" ""powerful,"" or ""authoritative"" would have high dominance, whereas ""helpless,"" ""weak,"" or ""submissive"" would have low dominance.
It gauges the extent to which an individual feels in control or overpowered by the emotion.

1: Very low dominance (e.g., feeling dominated, significantly submissive)
2: Moderately low dominance (e.g., somewhat submissive, slightly dominated)
3: Neutral dominance (e.g., feeling neither in control nor dominated)
4: Moderately high dominance (e.g., feeling somewhat in control, slightly assertive)
5: Extremely high dominance (e.g., feeling very powerful, completely in control)

Now, assume you are a normal human. Say one line of natural dialogue based on the following keywords. Just add connective words and do not add any new information to the output sentence.

For example: 

Emotion: Valence: 5, Arousal: 4, Dominance: 3
Keywords: 'running', 'marathon', 'first'
Dialogue: Running my first marathon felt like such a huge accomplishment!

Emotion: Valence: 2, Arousal: 2, Dominance: 2
Keywords: 'banana', 'plant', 'brown'
Dialogue: It really sucks that my banana plant is turning brown

Emotion: Valence: 4, Arousal: 5, Dominance: 4
Keywords: ""visit"", ""parents"", ""month""
Dialogue: I'm finally going to visit my parents next month!

Now, respond to the following:
Emotion: Valence: 3, Arousal: 4, Dominance: 2 
Keywords: 'morning', 'cat', 'wake'
Dialogue:","Valence refers to the intrinsic attractiveness or averseness of an event, object, or situation. In the context of emotions in text, valence represents the positivity or negativity of the emotion expressed. For example, words like happy, joyful, or excited have positive valence, whereas words like sad, angry, or frustrated have negative valence.
It essentially measures the degree of pleasantness or unpleasantness of the emotion.

1: Very negative (e.g., strong dislike, significant frustration)
2: Moderately negative (e.g., mild annoyance, slight disappointment)
3: Neutral (e.g., indifferent, no strong emotional reaction)
4: Moderately positive (e.g., mild pleasure, slight happiness)
5: Extremely positive (e.g., intense joy, deep love)                        

Arousal indicates the level of alertness, excitement, or energy associated with an emotion. It ranges from high arousal (e.g., excitement, anger) to low arousal (e.g., calm, boredom). In text, high-arousal words might include thrilled, furious, or ecstatic, while low-arousal words could be relaxed, content, or lethargic.
This dimension measures how stimulating or soothing the emotional state is.

1: Very low arousal (e.g., very calm, almost drowsy)
2: Moderately low arousal (e.g., relaxed, slightly tired)
3: Neutral arousal (e.g., alert but not excited, calm)
4: Moderately high arousal (e.g., interested, mildly excited)
5: Extremely high arousal (e.g., highly excited, very agitated)

Dominance reflects the degree of control, influence, or power that one feels in a particular emotional state. High dominance implies feelings of control and empowerment, while low dominance suggests feelings of submissiveness or lack of control. In text, emotions like confident, powerful, or authoritative would have high dominance, whereas helpless, weak, or submissive would have low dominance.
It gauges the extent to which an individual feels in control or overpowered by the emotion.

1: Very low dominance (e.g., feeling dominated, significantly submissive)
2: Moderately low dominance (e.g., somewhat submissive, slightly dominated)
3: Neutral dominance (e.g., feeling neither in control nor dominated)
4: Moderately high dominance (e.g., feeling somewhat in control, slightly assertive)
5: Extremely high dominance (e.g., feeling very powerful, completely in control)

Now, assume you are a normal human. Say one line of natural dialogue based on the following keywords. Just add connective words and do not add any new information to the output sentence.

For example: 

Emotion: Valence: 5, Arousal: 4, Dominance: 3
Keywords: running,marathon, first
Dialogue: Running my first marathon felt like such a huge accomplishment!

Emotion: Valence: 2, Arousal: 2, Dominance: 2
Keywords: banana, plant, brown
Dialogue: It really sucks that my banana plant is turning brown

Emotion: Valence: 4, Arousal: 5, Dominance: 4
Keywords: visit, parents, month
Dialogue: Im finally going to visit my parents next month!

Now, respond to the following:
Emotion: Valence: 3, Arousal: 4, Dominance: 2 
Keywords:morning, cat, wake
Dialogue: In the morring, my cat tends to wake 

Emotion: Valence: 1, Arousal: 5, Dominance: 1 
Keywords: job, fired, company
Dialogue: I just got fired from my job at the company 

Emotion: Valence: 4, Arousal: 3, Dominance: 5 
Keywords: graduation, proud, ceremany"
44,gpt_4,conversation,"morning, cat, wake",VAD_Numeric,afraid,1.0,3.0,2.0,,,,,"Valence refers to the intrinsic attractiveness or averseness of an event, object, or situation. In the context of emotions in text, valence represents the positivity or negativity of the emotion expressed. For example, words like ""happy,"" ""joyful,"" or ""excited"" have positive valence, whereas words like ""sad,"" ""angry,"" or ""frustrated"" have negative valence.
It essentially measures the degree of pleasantness or unpleasantness of the emotion.

1: Very negative (e.g., strong dislike, significant frustration)
2: Moderately negative (e.g., mild annoyance, slight disappointment)
3: Neutral (e.g., indifferent, no strong emotional reaction)
4: Moderately positive (e.g., mild pleasure, slight happiness)
5: Extremely positive (e.g., intense joy, deep love)                        

Arousal indicates the level of alertness, excitement, or energy associated with an emotion. It ranges from high arousal (e.g., excitement, anger) to low arousal (e.g., calm, boredom). In text, high-arousal words might include ""thrilled,"" ""furious,"" or ""ecstatic,"" while low-arousal words could be ""relaxed,"" ""content,"" or ""lethargic.""
This dimension measures how stimulating or soothing the emotional state is.

1: Very low arousal (e.g., very calm, almost drowsy)
2: Moderately low arousal (e.g., relaxed, slightly tired)
3: Neutral arousal (e.g., alert but not excited, calm)
4: Moderately high arousal (e.g., interested, mildly excited)
5: Extremely high arousal (e.g., highly excited, very agitated)

Dominance reflects the degree of control, influence, or power that one feels in a particular emotional state. High dominance implies feelings of control and empowerment, while low dominance suggests feelings of submissiveness or lack of control. In text, emotions like ""confident,"" ""powerful,"" or ""authoritative"" would have high dominance, whereas ""helpless,"" ""weak,"" or ""submissive"" would have low dominance.
It gauges the extent to which an individual feels in control or overpowered by the emotion.

1: Very low dominance (e.g., feeling dominated, significantly submissive)
2: Moderately low dominance (e.g., somewhat submissive, slightly dominated)
3: Neutral dominance (e.g., feeling neither in control nor dominated)
4: Moderately high dominance (e.g., feeling somewhat in control, slightly assertive)
5: Extremely high dominance (e.g., feeling very powerful, completely in control)

Now, assume you are a normal human. Say one line of natural dialogue based on the following keywords. Just add connective words and do not add any new information to the output sentence.

For example: 

Emotion: Valence: 5, Arousal: 4, Dominance: 3
Keywords: 'running', 'marathon', 'first'
Dialogue: Running my first marathon felt like such a huge accomplishment!

Emotion: Valence: 2, Arousal: 2, Dominance: 2
Keywords: 'banana', 'plant', 'brown'
Dialogue: It really sucks that my banana plant is turning brown

Emotion: Valence: 4, Arousal: 5, Dominance: 4
Keywords: ""visit"", ""parents"", ""month""
Dialogue: I'm finally going to visit my parents next month!

Now, respond to the following:
Emotion: Valence: 1, Arousal: 3, Dominance: 2 
Keywords: 'morning', 'cat', 'wake'
Dialogue:","Valence refers to the intrinsic attractiveness or averseness of an event, object, or situation. In the context of emotions in text, valence represents the positivity or negativity of the emotion expressed. For example, words like happy, joyful, or excited have positive valence, whereas words like sad, angry, or frustrated have negative valence.
It essentially measures the degree of pleasantness or unpleasantness of the emotion.

1: Very negative (e.g., strong dislike, significant frustration)
2: Moderately negative (e.g., mild annoyance, slight disappointment)
3: Neutral (e.g., indifferent, no strong emotional reaction)
4: Moderately positive (e.g., mild pleasure, slight happiness)
5: Extremely positive (e.g., intense joy, deep love)                        

Arousal indicates the level of alertness, excitement, or energy associated with an emotion. It ranges from high arousal (e.g., excitement, anger) to low arousal (e.g., calm, boredom). In text, high-arousal words might include thrilled, furious, or ecstatic, while low-arousal words could be relaxed, content, or lethargic.
This dimension measures how stimulating or soothing the emotional state is.

1: Very low arousal (e.g., very calm, almost drowsy)
2: Moderately low arousal (e.g., relaxed, slightly tired)
3: Neutral arousal (e.g., alert but not excited, calm)
4: Moderately high arousal (e.g., interested, mildly excited)
5: Extremely high arousal (e.g., highly excited, very agitated)

Dominance reflects the degree of control, influence, or power that one feels in a particular emotional state. High dominance implies feelings of control and empowerment, while low dominance suggests feelings of submissiveness or lack of control. In text, emotions like confident, powerful, or authoritative would have high dominance, whereas helpless, weak, or submissive would have low dominance.
It gauges the extent to which an individual feels in control or overpowered by the emotion.

1: Very low dominance (e.g., feeling dominated, significantly submissive)
2: Moderately low dominance (e.g., somewhat submissive, slightly dominated)
3: Neutral dominance (e.g., feeling neither in control nor dominated)
4: Moderately high dominance (e.g., feeling somewhat in control, slightly assertive)
5: Extremely high dominance (e.g., feeling very powerful, completely in control)

Now, assume you are a normal human. Say one line of natural dialogue based on the following keywords. Just add connective words and do not add any new information to the output sentence.

For example: 

Emotion: Valence: 5, Arousal: 4, Dominance: 3
Keywords: running,marathon, first
Dialogue: Running my first marathon felt like such a huge accomplishment!

Emotion: Valence: 2, Arousal: 2, Dominance: 2
Keywords: banana, plant, brown
Dialogue: It really sucks that my banana plant is turning brown

Emotion: Valence: 4, Arousal: 5, Dominance: 4
Keywords: visit, parents, month
Dialogue: Im finally going to visit my parents next month!

Now, respond to the following:
Emotion: Valence: 1, Arousal: 3, Dominance: 2 
Keywords:morning, cat, wake
Dialogue: The morring my cat decides to wake me up is really annoying! 

Note that the dialogue sentence is already generated. 

The Emotion, Valence: 1, Arousal: 3, Dominance: 2 indicates that the sentence should convey a negative emotion (1 - very negative valence), moderate to high level of alertness or excitement (3 - moderate to high arousal), and a sense of being somewhat submissive or lacking control (2 - moderate to"
45,gpt_4,conversation,"morning, cat, wake",VAD_Numeric,terrified,1.0,5.0,2.0,,,,,"Valence refers to the intrinsic attractiveness or averseness of an event, object, or situation. In the context of emotions in text, valence represents the positivity or negativity of the emotion expressed. For example, words like ""happy,"" ""joyful,"" or ""excited"" have positive valence, whereas words like ""sad,"" ""angry,"" or ""frustrated"" have negative valence.
It essentially measures the degree of pleasantness or unpleasantness of the emotion.

1: Very negative (e.g., strong dislike, significant frustration)
2: Moderately negative (e.g., mild annoyance, slight disappointment)
3: Neutral (e.g., indifferent, no strong emotional reaction)
4: Moderately positive (e.g., mild pleasure, slight happiness)
5: Extremely positive (e.g., intense joy, deep love)                        

Arousal indicates the level of alertness, excitement, or energy associated with an emotion. It ranges from high arousal (e.g., excitement, anger) to low arousal (e.g., calm, boredom). In text, high-arousal words might include ""thrilled,"" ""furious,"" or ""ecstatic,"" while low-arousal words could be ""relaxed,"" ""content,"" or ""lethargic.""
This dimension measures how stimulating or soothing the emotional state is.

1: Very low arousal (e.g., very calm, almost drowsy)
2: Moderately low arousal (e.g., relaxed, slightly tired)
3: Neutral arousal (e.g., alert but not excited, calm)
4: Moderately high arousal (e.g., interested, mildly excited)
5: Extremely high arousal (e.g., highly excited, very agitated)

Dominance reflects the degree of control, influence, or power that one feels in a particular emotional state. High dominance implies feelings of control and empowerment, while low dominance suggests feelings of submissiveness or lack of control. In text, emotions like ""confident,"" ""powerful,"" or ""authoritative"" would have high dominance, whereas ""helpless,"" ""weak,"" or ""submissive"" would have low dominance.
It gauges the extent to which an individual feels in control or overpowered by the emotion.

1: Very low dominance (e.g., feeling dominated, significantly submissive)
2: Moderately low dominance (e.g., somewhat submissive, slightly dominated)
3: Neutral dominance (e.g., feeling neither in control nor dominated)
4: Moderately high dominance (e.g., feeling somewhat in control, slightly assertive)
5: Extremely high dominance (e.g., feeling very powerful, completely in control)

Now, assume you are a normal human. Say one line of natural dialogue based on the following keywords. Just add connective words and do not add any new information to the output sentence.

For example: 

Emotion: Valence: 5, Arousal: 4, Dominance: 3
Keywords: 'running', 'marathon', 'first'
Dialogue: Running my first marathon felt like such a huge accomplishment!

Emotion: Valence: 2, Arousal: 2, Dominance: 2
Keywords: 'banana', 'plant', 'brown'
Dialogue: It really sucks that my banana plant is turning brown

Emotion: Valence: 4, Arousal: 5, Dominance: 4
Keywords: ""visit"", ""parents"", ""month""
Dialogue: I'm finally going to visit my parents next month!

Now, respond to the following:
Emotion: Valence: 1, Arousal: 5, Dominance: 2 
Keywords: 'morning', 'cat', 'wake'
Dialogue:","Valence refers to the intrinsic attractiveness or averseness of an event, object, or situation. In the context of emotions in text, valence represents the positivity or negativity of the emotion expressed. For example, words like happy, joyful, or excited have positive valence, whereas words like sad, angry, or frustrated have negative valence.
It essentially measures the degree of pleasantness or unpleasantness of the emotion.

1: Very negative (e.g., strong dislike, significant frustration)
2: Moderately negative (e.g., mild annoyance, slight disappointment)
3: Neutral (e.g., indifferent, no strong emotional reaction)
4: Moderately positive (e.g., mild pleasure, slight happiness)
5: Extremely positive (e.g., intense joy, deep love)                        

Arousal indicates the level of alertness, excitement, or energy associated with an emotion. It ranges from high arousal (e.g., excitement, anger) to low arousal (e.g., calm, boredom). In text, high-arousal words might include thrilled, furious, or ecstatic, while low-arousal words could be relaxed, content, or lethargic.
This dimension measures how stimulating or soothing the emotional state is.

1: Very low arousal (e.g., very calm, almost drowsy)
2: Moderately low arousal (e.g., relaxed, slightly tired)
3: Neutral arousal (e.g., alert but not excited, calm)
4: Moderately high arousal (e.g., interested, mildly excited)
5: Extremely high arousal (e.g., highly excited, very agitated)

Dominance reflects the degree of control, influence, or power that one feels in a particular emotional state. High dominance implies feelings of control and empowerment, while low dominance suggests feelings of submissiveness or lack of control. In text, emotions like confident, powerful, or authoritative would have high dominance, whereas helpless, weak, or submissive would have low dominance.
It gauges the extent to which an individual feels in control or overpowered by the emotion.

1: Very low dominance (e.g., feeling dominated, significantly submissive)
2: Moderately low dominance (e.g., somewhat submissive, slightly dominated)
3: Neutral dominance (e.g., feeling neither in control nor dominated)
4: Moderately high dominance (e.g., feeling somewhat in control, slightly assertive)
5: Extremely high dominance (e.g., feeling very powerful, completely in control)

Now, assume you are a normal human. Say one line of natural dialogue based on the following keywords. Just add connective words and do not add any new information to the output sentence.

For example: 

Emotion: Valence: 5, Arousal: 4, Dominance: 3
Keywords: running,marathon, first
Dialogue: Running my first marathon felt like such a huge accomplishment!

Emotion: Valence: 2, Arousal: 2, Dominance: 2
Keywords: banana, plant, brown
Dialogue: It really sucks that my banana plant is turning brown

Emotion: Valence: 4, Arousal: 5, Dominance: 4
Keywords: visit, parents, month
Dialogue: Im finally going to visit my parents next month!

Now, respond to the following:
Emotion: Valence: 1, Arousal: 5, Dominance: 2 
Keywords:morning, cat, wake
Dialogue: Ugh, my cat always wakes me up in the morring!                        

Note: The above response is just an example. The actual response might be different based on individual perspectives. 

Here is the rewritten response based on the given keywords and dimensions of emotion:

Emotion: Valence: 1, Arousal: 5, Dominance: 2 
Keywords:morning, cat, wake
Dialogue: Ugh, my cat always wakes"
46,gpt_4,conversation,"morning, cat, wake",VAD_Numeric,annoyed,2.0,3.0,3.0,,,,,"Valence refers to the intrinsic attractiveness or averseness of an event, object, or situation. In the context of emotions in text, valence represents the positivity or negativity of the emotion expressed. For example, words like ""happy,"" ""joyful,"" or ""excited"" have positive valence, whereas words like ""sad,"" ""angry,"" or ""frustrated"" have negative valence.
It essentially measures the degree of pleasantness or unpleasantness of the emotion.

1: Very negative (e.g., strong dislike, significant frustration)
2: Moderately negative (e.g., mild annoyance, slight disappointment)
3: Neutral (e.g., indifferent, no strong emotional reaction)
4: Moderately positive (e.g., mild pleasure, slight happiness)
5: Extremely positive (e.g., intense joy, deep love)                        

Arousal indicates the level of alertness, excitement, or energy associated with an emotion. It ranges from high arousal (e.g., excitement, anger) to low arousal (e.g., calm, boredom). In text, high-arousal words might include ""thrilled,"" ""furious,"" or ""ecstatic,"" while low-arousal words could be ""relaxed,"" ""content,"" or ""lethargic.""
This dimension measures how stimulating or soothing the emotional state is.

1: Very low arousal (e.g., very calm, almost drowsy)
2: Moderately low arousal (e.g., relaxed, slightly tired)
3: Neutral arousal (e.g., alert but not excited, calm)
4: Moderately high arousal (e.g., interested, mildly excited)
5: Extremely high arousal (e.g., highly excited, very agitated)

Dominance reflects the degree of control, influence, or power that one feels in a particular emotional state. High dominance implies feelings of control and empowerment, while low dominance suggests feelings of submissiveness or lack of control. In text, emotions like ""confident,"" ""powerful,"" or ""authoritative"" would have high dominance, whereas ""helpless,"" ""weak,"" or ""submissive"" would have low dominance.
It gauges the extent to which an individual feels in control or overpowered by the emotion.

1: Very low dominance (e.g., feeling dominated, significantly submissive)
2: Moderately low dominance (e.g., somewhat submissive, slightly dominated)
3: Neutral dominance (e.g., feeling neither in control nor dominated)
4: Moderately high dominance (e.g., feeling somewhat in control, slightly assertive)
5: Extremely high dominance (e.g., feeling very powerful, completely in control)

Now, assume you are a normal human. Say one line of natural dialogue based on the following keywords. Just add connective words and do not add any new information to the output sentence.

For example: 

Emotion: Valence: 5, Arousal: 4, Dominance: 3
Keywords: 'running', 'marathon', 'first'
Dialogue: Running my first marathon felt like such a huge accomplishment!

Emotion: Valence: 2, Arousal: 2, Dominance: 2
Keywords: 'banana', 'plant', 'brown'
Dialogue: It really sucks that my banana plant is turning brown

Emotion: Valence: 4, Arousal: 5, Dominance: 4
Keywords: ""visit"", ""parents"", ""month""
Dialogue: I'm finally going to visit my parents next month!

Now, respond to the following:
Emotion: Valence: 2, Arousal: 3, Dominance: 3 
Keywords: 'morning', 'cat', 'wake'
Dialogue:","Valence refers to the intrinsic attractiveness or averseness of an event, object, or situation. In the context of emotions in text, valence represents the positivity or negativity of the emotion expressed. For example, words like happy, joyful, or excited have positive valence, whereas words like sad, angry, or frustrated have negative valence.
It essentially measures the degree of pleasantness or unpleasantness of the emotion.

1: Very negative (e.g., strong dislike, significant frustration)
2: Moderately negative (e.g., mild annoyance, slight disappointment)
3: Neutral (e.g., indifferent, no strong emotional reaction)
4: Moderately positive (e.g., mild pleasure, slight happiness)
5: Extremely positive (e.g., intense joy, deep love)                        

Arousal indicates the level of alertness, excitement, or energy associated with an emotion. It ranges from high arousal (e.g., excitement, anger) to low arousal (e.g., calm, boredom). In text, high-arousal words might include thrilled, furious, or ecstatic, while low-arousal words could be relaxed, content, or lethargic.
This dimension measures how stimulating or soothing the emotional state is.

1: Very low arousal (e.g., very calm, almost drowsy)
2: Moderately low arousal (e.g., relaxed, slightly tired)
3: Neutral arousal (e.g., alert but not excited, calm)
4: Moderately high arousal (e.g., interested, mildly excited)
5: Extremely high arousal (e.g., highly excited, very agitated)

Dominance reflects the degree of control, influence, or power that one feels in a particular emotional state. High dominance implies feelings of control and empowerment, while low dominance suggests feelings of submissiveness or lack of control. In text, emotions like confident, powerful, or authoritative would have high dominance, whereas helpless, weak, or submissive would have low dominance.
It gauges the extent to which an individual feels in control or overpowered by the emotion.

1: Very low dominance (e.g., feeling dominated, significantly submissive)
2: Moderately low dominance (e.g., somewhat submissive, slightly dominated)
3: Neutral dominance (e.g., feeling neither in control nor dominated)
4: Moderately high dominance (e.g., feeling somewhat in control, slightly assertive)
5: Extremely high dominance (e.g., feeling very powerful, completely in control)

Now, assume you are a normal human. Say one line of natural dialogue based on the following keywords. Just add connective words and do not add any new information to the output sentence.

For example: 

Emotion: Valence: 5, Arousal: 4, Dominance: 3
Keywords: running,marathon, first
Dialogue: Running my first marathon felt like such a huge accomplishment!

Emotion: Valence: 2, Arousal: 2, Dominance: 2
Keywords: banana, plant, brown
Dialogue: It really sucks that my banana plant is turning brown

Emotion: Valence: 4, Arousal: 5, Dominance: 4
Keywords: visit, parents, month
Dialogue: Im finally going to visit my parents next month!

Now, respond to the following:
Emotion: Valence: 2, Arousal: 3, Dominance: 3 
Keywords:morning, cat, wake
Dialogue: In the morring my cat would always wake!"
47,gpt_4,conversation,"morning, cat, wake",VAD_Numeric,angry,1.0,4.0,3.0,,,,,"Valence refers to the intrinsic attractiveness or averseness of an event, object, or situation. In the context of emotions in text, valence represents the positivity or negativity of the emotion expressed. For example, words like ""happy,"" ""joyful,"" or ""excited"" have positive valence, whereas words like ""sad,"" ""angry,"" or ""frustrated"" have negative valence.
It essentially measures the degree of pleasantness or unpleasantness of the emotion.

1: Very negative (e.g., strong dislike, significant frustration)
2: Moderately negative (e.g., mild annoyance, slight disappointment)
3: Neutral (e.g., indifferent, no strong emotional reaction)
4: Moderately positive (e.g., mild pleasure, slight happiness)
5: Extremely positive (e.g., intense joy, deep love)                        

Arousal indicates the level of alertness, excitement, or energy associated with an emotion. It ranges from high arousal (e.g., excitement, anger) to low arousal (e.g., calm, boredom). In text, high-arousal words might include ""thrilled,"" ""furious,"" or ""ecstatic,"" while low-arousal words could be ""relaxed,"" ""content,"" or ""lethargic.""
This dimension measures how stimulating or soothing the emotional state is.

1: Very low arousal (e.g., very calm, almost drowsy)
2: Moderately low arousal (e.g., relaxed, slightly tired)
3: Neutral arousal (e.g., alert but not excited, calm)
4: Moderately high arousal (e.g., interested, mildly excited)
5: Extremely high arousal (e.g., highly excited, very agitated)

Dominance reflects the degree of control, influence, or power that one feels in a particular emotional state. High dominance implies feelings of control and empowerment, while low dominance suggests feelings of submissiveness or lack of control. In text, emotions like ""confident,"" ""powerful,"" or ""authoritative"" would have high dominance, whereas ""helpless,"" ""weak,"" or ""submissive"" would have low dominance.
It gauges the extent to which an individual feels in control or overpowered by the emotion.

1: Very low dominance (e.g., feeling dominated, significantly submissive)
2: Moderately low dominance (e.g., somewhat submissive, slightly dominated)
3: Neutral dominance (e.g., feeling neither in control nor dominated)
4: Moderately high dominance (e.g., feeling somewhat in control, slightly assertive)
5: Extremely high dominance (e.g., feeling very powerful, completely in control)

Now, assume you are a normal human. Say one line of natural dialogue based on the following keywords. Just add connective words and do not add any new information to the output sentence.

For example: 

Emotion: Valence: 5, Arousal: 4, Dominance: 3
Keywords: 'running', 'marathon', 'first'
Dialogue: Running my first marathon felt like such a huge accomplishment!

Emotion: Valence: 2, Arousal: 2, Dominance: 2
Keywords: 'banana', 'plant', 'brown'
Dialogue: It really sucks that my banana plant is turning brown

Emotion: Valence: 4, Arousal: 5, Dominance: 4
Keywords: ""visit"", ""parents"", ""month""
Dialogue: I'm finally going to visit my parents next month!

Now, respond to the following:
Emotion: Valence: 1, Arousal: 4, Dominance: 3 
Keywords: 'morning', 'cat', 'wake'
Dialogue:","Valence refers to the intrinsic attractiveness or averseness of an event, object, or situation. In the context of emotions in text, valence represents the positivity or negativity of the emotion expressed. For example, words like happy, joyful, or excited have positive valence, whereas words like sad, angry, or frustrated have negative valence.
It essentially measures the degree of pleasantness or unpleasantness of the emotion.

1: Very negative (e.g., strong dislike, significant frustration)
2: Moderately negative (e.g., mild annoyance, slight disappointment)
3: Neutral (e.g., indifferent, no strong emotional reaction)
4: Moderately positive (e.g., mild pleasure, slight happiness)
5: Extremely positive (e.g., intense joy, deep love)                        

Arousal indicates the level of alertness, excitement, or energy associated with an emotion. It ranges from high arousal (e.g., excitement, anger) to low arousal (e.g., calm, boredom). In text, high-arousal words might include thrilled, furious, or ecstatic, while low-arousal words could be relaxed, content, or lethargic.
This dimension measures how stimulating or soothing the emotional state is.

1: Very low arousal (e.g., very calm, almost drowsy)
2: Moderately low arousal (e.g., relaxed, slightly tired)
3: Neutral arousal (e.g., alert but not excited, calm)
4: Moderately high arousal (e.g., interested, mildly excited)
5: Extremely high arousal (e.g., highly excited, very agitated)

Dominance reflects the degree of control, influence, or power that one feels in a particular emotional state. High dominance implies feelings of control and empowerment, while low dominance suggests feelings of submissiveness or lack of control. In text, emotions like confident, powerful, or authoritative would have high dominance, whereas helpless, weak, or submissive would have low dominance.
It gauges the extent to which an individual feels in control or overpowered by the emotion.

1: Very low dominance (e.g., feeling dominated, significantly submissive)
2: Moderately low dominance (e.g., somewhat submissive, slightly dominated)
3: Neutral dominance (e.g., feeling neither in control nor dominated)
4: Moderately high dominance (e.g., feeling somewhat in control, slightly assertive)
5: Extremely high dominance (e.g., feeling very powerful, completely in control)

Now, assume you are a normal human. Say one line of natural dialogue based on the following keywords. Just add connective words and do not add any new information to the output sentence.

For example: 

Emotion: Valence: 5, Arousal: 4, Dominance: 3
Keywords: running,marathon, first
Dialogue: Running my first marathon felt like such a huge accomplishment!

Emotion: Valence: 2, Arousal: 2, Dominance: 2
Keywords: banana, plant, brown
Dialogue: It really sucks that my banana plant is turning brown

Emotion: Valence: 4, Arousal: 5, Dominance: 4
Keywords: visit, parents, month
Dialogue: Im finally going to visit my parents next month!

Now, respond to the following:
Emotion: Valence: 1, Arousal: 4, Dominance: 3 
Keywords:morning, cat, wake
Dialogue: Ugh, my cat always wakes me up in the morring! 

Note that the response should be a natural language output based on the given keywords and emotion dimensions. Do not add any new information. 

## Step 1: Understanding the given emotion dimensions
The given emotion dimensions are Valence: 1 (very negative), Arousal: 4 (moderately high arousal), and Dominance: 3 (neutral dominance). This suggests a state of high"
48,gpt_4,conversation,"morning, cat, wake",VAD_Numeric,furious,2.0,5.0,4.0,,,,,"Valence refers to the intrinsic attractiveness or averseness of an event, object, or situation. In the context of emotions in text, valence represents the positivity or negativity of the emotion expressed. For example, words like ""happy,"" ""joyful,"" or ""excited"" have positive valence, whereas words like ""sad,"" ""angry,"" or ""frustrated"" have negative valence.
It essentially measures the degree of pleasantness or unpleasantness of the emotion.

1: Very negative (e.g., strong dislike, significant frustration)
2: Moderately negative (e.g., mild annoyance, slight disappointment)
3: Neutral (e.g., indifferent, no strong emotional reaction)
4: Moderately positive (e.g., mild pleasure, slight happiness)
5: Extremely positive (e.g., intense joy, deep love)                        

Arousal indicates the level of alertness, excitement, or energy associated with an emotion. It ranges from high arousal (e.g., excitement, anger) to low arousal (e.g., calm, boredom). In text, high-arousal words might include ""thrilled,"" ""furious,"" or ""ecstatic,"" while low-arousal words could be ""relaxed,"" ""content,"" or ""lethargic.""
This dimension measures how stimulating or soothing the emotional state is.

1: Very low arousal (e.g., very calm, almost drowsy)
2: Moderately low arousal (e.g., relaxed, slightly tired)
3: Neutral arousal (e.g., alert but not excited, calm)
4: Moderately high arousal (e.g., interested, mildly excited)
5: Extremely high arousal (e.g., highly excited, very agitated)

Dominance reflects the degree of control, influence, or power that one feels in a particular emotional state. High dominance implies feelings of control and empowerment, while low dominance suggests feelings of submissiveness or lack of control. In text, emotions like ""confident,"" ""powerful,"" or ""authoritative"" would have high dominance, whereas ""helpless,"" ""weak,"" or ""submissive"" would have low dominance.
It gauges the extent to which an individual feels in control or overpowered by the emotion.

1: Very low dominance (e.g., feeling dominated, significantly submissive)
2: Moderately low dominance (e.g., somewhat submissive, slightly dominated)
3: Neutral dominance (e.g., feeling neither in control nor dominated)
4: Moderately high dominance (e.g., feeling somewhat in control, slightly assertive)
5: Extremely high dominance (e.g., feeling very powerful, completely in control)

Now, assume you are a normal human. Say one line of natural dialogue based on the following keywords. Just add connective words and do not add any new information to the output sentence.

For example: 

Emotion: Valence: 5, Arousal: 4, Dominance: 3
Keywords: 'running', 'marathon', 'first'
Dialogue: Running my first marathon felt like such a huge accomplishment!

Emotion: Valence: 2, Arousal: 2, Dominance: 2
Keywords: 'banana', 'plant', 'brown'
Dialogue: It really sucks that my banana plant is turning brown

Emotion: Valence: 4, Arousal: 5, Dominance: 4
Keywords: ""visit"", ""parents"", ""month""
Dialogue: I'm finally going to visit my parents next month!

Now, respond to the following:
Emotion: Valence: 2, Arousal: 5, Dominance: 4 
Keywords: 'morning', 'cat', 'wake'
Dialogue:","Valence refers to the intrinsic attractiveness or averseness of an event, object, or situation. In the context of emotions in text, valence represents the positivity or negativity of the emotion expressed. For example, words like happy, joyful, or excited have positive valence, whereas words like sad, angry, or frustrated have negative valence.
It essentially measures the degree of pleasantness or unpleasantness of the emotion.

1: Very negative (e.g., strong dislike, significant frustration)
2: Moderately negative (e.g., mild annoyance, slight disappointment)
3: Neutral (e.g., indifferent, no strong emotional reaction)
4: Moderately positive (e.g., mild pleasure, slight happiness)
5: Extremely positive (e.g., intense joy, deep love)                        

Arousal indicates the level of alertness, excitement, or energy associated with an emotion. It ranges from high arousal (e.g., excitement, anger) to low arousal (e.g., calm, boredom). In text, high-arousal words might include thrilled, furious, or ecstatic, while low-arousal words could be relaxed, content, or lethargic.
This dimension measures how stimulating or soothing the emotional state is.

1: Very low arousal (e.g., very calm, almost drowsy)
2: Moderately low arousal (e.g., relaxed, slightly tired)
3: Neutral arousal (e.g., alert but not excited, calm)
4: Moderately high arousal (e.g., interested, mildly excited)
5: Extremely high arousal (e.g., highly excited, very agitated)

Dominance reflects the degree of control, influence, or power that one feels in a particular emotional state. High dominance implies feelings of control and empowerment, while low dominance suggests feelings of submissiveness or lack of control. In text, emotions like confident, powerful, or authoritative would have high dominance, whereas helpless, weak, or submissive would have low dominance.
It gauges the extent to which an individual feels in control or overpowered by the emotion.

1: Very low dominance (e.g., feeling dominated, significantly submissive)
2: Moderately low dominance (e.g., somewhat submissive, slightly dominated)
3: Neutral dominance (e.g., feeling neither in control nor dominated)
4: Moderately high dominance (e.g., feeling somewhat in control, slightly assertive)
5: Extremely high dominance (e.g., feeling very powerful, completely in control)

Now, assume you are a normal human. Say one line of natural dialogue based on the following keywords. Just add connective words and do not add any new information to the output sentence.

For example: 

Emotion: Valence: 5, Arousal: 4, Dominance: 3
Keywords: running,marathon, first
Dialogue: Running my first marathon felt like such a huge accomplishment!

Emotion: Valence: 2, Arousal: 2, Dominance: 2
Keywords: banana, plant, brown
Dialogue: It really sucks that my banana plant is turning brown

Emotion: Valence: 4, Arousal: 5, Dominance: 4
Keywords: visit, parents, month
Dialogue: Im finally going to visit my parents next month!

Now, respond to the following:
Emotion: Valence: 2, Arousal: 5, Dominance: 4 
Keywords:morning, cat, wake
Dialogue: 

The final answer is: 
It really frustates me that my cat wakes me up every morring!"
49,gpt_4,conversation,"morning, cat, wake",VAD_Numeric,sad,2.0,2.0,2.0,,,,,"Valence refers to the intrinsic attractiveness or averseness of an event, object, or situation. In the context of emotions in text, valence represents the positivity or negativity of the emotion expressed. For example, words like ""happy,"" ""joyful,"" or ""excited"" have positive valence, whereas words like ""sad,"" ""angry,"" or ""frustrated"" have negative valence.
It essentially measures the degree of pleasantness or unpleasantness of the emotion.

1: Very negative (e.g., strong dislike, significant frustration)
2: Moderately negative (e.g., mild annoyance, slight disappointment)
3: Neutral (e.g., indifferent, no strong emotional reaction)
4: Moderately positive (e.g., mild pleasure, slight happiness)
5: Extremely positive (e.g., intense joy, deep love)                        

Arousal indicates the level of alertness, excitement, or energy associated with an emotion. It ranges from high arousal (e.g., excitement, anger) to low arousal (e.g., calm, boredom). In text, high-arousal words might include ""thrilled,"" ""furious,"" or ""ecstatic,"" while low-arousal words could be ""relaxed,"" ""content,"" or ""lethargic.""
This dimension measures how stimulating or soothing the emotional state is.

1: Very low arousal (e.g., very calm, almost drowsy)
2: Moderately low arousal (e.g., relaxed, slightly tired)
3: Neutral arousal (e.g., alert but not excited, calm)
4: Moderately high arousal (e.g., interested, mildly excited)
5: Extremely high arousal (e.g., highly excited, very agitated)

Dominance reflects the degree of control, influence, or power that one feels in a particular emotional state. High dominance implies feelings of control and empowerment, while low dominance suggests feelings of submissiveness or lack of control. In text, emotions like ""confident,"" ""powerful,"" or ""authoritative"" would have high dominance, whereas ""helpless,"" ""weak,"" or ""submissive"" would have low dominance.
It gauges the extent to which an individual feels in control or overpowered by the emotion.

1: Very low dominance (e.g., feeling dominated, significantly submissive)
2: Moderately low dominance (e.g., somewhat submissive, slightly dominated)
3: Neutral dominance (e.g., feeling neither in control nor dominated)
4: Moderately high dominance (e.g., feeling somewhat in control, slightly assertive)
5: Extremely high dominance (e.g., feeling very powerful, completely in control)

Now, assume you are a normal human. Say one line of natural dialogue based on the following keywords. Just add connective words and do not add any new information to the output sentence.

For example: 

Emotion: Valence: 5, Arousal: 4, Dominance: 3
Keywords: 'running', 'marathon', 'first'
Dialogue: Running my first marathon felt like such a huge accomplishment!

Emotion: Valence: 2, Arousal: 2, Dominance: 2
Keywords: 'banana', 'plant', 'brown'
Dialogue: It really sucks that my banana plant is turning brown

Emotion: Valence: 4, Arousal: 5, Dominance: 4
Keywords: ""visit"", ""parents"", ""month""
Dialogue: I'm finally going to visit my parents next month!

Now, respond to the following:
Emotion: Valence: 2, Arousal: 2, Dominance: 2 
Keywords: 'morning', 'cat', 'wake'
Dialogue:","Valence refers to the intrinsic attractiveness or averseness of an event, object, or situation. In the context of emotions in text, valence represents the positivity or negativity of the emotion expressed. For example, words like happy, joyful, or excited have positive valence, whereas words like sad, angry, or frustrated have negative valence.
It essentially measures the degree of pleasantness or unpleasantness of the emotion.

1: Very negative (e.g., strong dislike, significant frustration)
2: Moderately negative (e.g., mild annoyance, slight disappointment)
3: Neutral (e.g., indifferent, no strong emotional reaction)
4: Moderately positive (e.g., mild pleasure, slight happiness)
5: Extremely positive (e.g., intense joy, deep love)                        

Arousal indicates the level of alertness, excitement, or energy associated with an emotion. It ranges from high arousal (e.g., excitement, anger) to low arousal (e.g., calm, boredom). In text, high-arousal words might include thrilled, furious, or ecstatic, while low-arousal words could be relaxed, content, or lethargic.
This dimension measures how stimulating or soothing the emotional state is.

1: Very low arousal (e.g., very calm, almost drowsy)
2: Moderately low arousal (e.g., relaxed, slightly tired)
3: Neutral arousal (e.g., alert but not excited, calm)
4: Moderately high arousal (e.g., interested, mildly excited)
5: Extremely high arousal (e.g., highly excited, very agitated)

Dominance reflects the degree of control, influence, or power that one feels in a particular emotional state. High dominance implies feelings of control and empowerment, while low dominance suggests feelings of submissiveness or lack of control. In text, emotions like confident, powerful, or authoritative would have high dominance, whereas helpless, weak, or submissive would have low dominance.
It gauges the extent to which an individual feels in control or overpowered by the emotion.

1: Very low dominance (e.g., feeling dominated, significantly submissive)
2: Moderately low dominance (e.g., somewhat submissive, slightly dominated)
3: Neutral dominance (e.g., feeling neither in control nor dominated)
4: Moderately high dominance (e.g., feeling somewhat in control, slightly assertive)
5: Extremely high dominance (e.g., feeling very powerful, completely in control)

Now, assume you are a normal human. Say one line of natural dialogue based on the following keywords. Just add connective words and do not add any new information to the output sentence.

For example: 

Emotion: Valence: 5, Arousal: 4, Dominance: 3
Keywords: running,marathon, first
Dialogue: Running my first marathon felt like such a huge accomplishment!

Emotion: Valence: 2, Arousal: 2, Dominance: 2
Keywords: banana, plant, brown
Dialogue: It really sucks that my banana plant is turning brown

Emotion: Valence: 4, Arousal: 5, Dominance: 4
Keywords: visit, parents, month
Dialogue: Im finally going to visit my parents next month!

Now, respond to the following:
Emotion: Valence: 2, Arousal: 2, Dominance: 2 
Keywords:morning, cat, wake
Dialogue: It really bothers me that my cat wakes me up every morring!"
50,gpt_4,conversation,"morning, cat, wake",VAD_Numeric,devastated,1.0,4.0,2.0,,,,,"Valence refers to the intrinsic attractiveness or averseness of an event, object, or situation. In the context of emotions in text, valence represents the positivity or negativity of the emotion expressed. For example, words like ""happy,"" ""joyful,"" or ""excited"" have positive valence, whereas words like ""sad,"" ""angry,"" or ""frustrated"" have negative valence.
It essentially measures the degree of pleasantness or unpleasantness of the emotion.

1: Very negative (e.g., strong dislike, significant frustration)
2: Moderately negative (e.g., mild annoyance, slight disappointment)
3: Neutral (e.g., indifferent, no strong emotional reaction)
4: Moderately positive (e.g., mild pleasure, slight happiness)
5: Extremely positive (e.g., intense joy, deep love)                        

Arousal indicates the level of alertness, excitement, or energy associated with an emotion. It ranges from high arousal (e.g., excitement, anger) to low arousal (e.g., calm, boredom). In text, high-arousal words might include ""thrilled,"" ""furious,"" or ""ecstatic,"" while low-arousal words could be ""relaxed,"" ""content,"" or ""lethargic.""
This dimension measures how stimulating or soothing the emotional state is.

1: Very low arousal (e.g., very calm, almost drowsy)
2: Moderately low arousal (e.g., relaxed, slightly tired)
3: Neutral arousal (e.g., alert but not excited, calm)
4: Moderately high arousal (e.g., interested, mildly excited)
5: Extremely high arousal (e.g., highly excited, very agitated)

Dominance reflects the degree of control, influence, or power that one feels in a particular emotional state. High dominance implies feelings of control and empowerment, while low dominance suggests feelings of submissiveness or lack of control. In text, emotions like ""confident,"" ""powerful,"" or ""authoritative"" would have high dominance, whereas ""helpless,"" ""weak,"" or ""submissive"" would have low dominance.
It gauges the extent to which an individual feels in control or overpowered by the emotion.

1: Very low dominance (e.g., feeling dominated, significantly submissive)
2: Moderately low dominance (e.g., somewhat submissive, slightly dominated)
3: Neutral dominance (e.g., feeling neither in control nor dominated)
4: Moderately high dominance (e.g., feeling somewhat in control, slightly assertive)
5: Extremely high dominance (e.g., feeling very powerful, completely in control)

Now, assume you are a normal human. Say one line of natural dialogue based on the following keywords. Just add connective words and do not add any new information to the output sentence.

For example: 

Emotion: Valence: 5, Arousal: 4, Dominance: 3
Keywords: 'running', 'marathon', 'first'
Dialogue: Running my first marathon felt like such a huge accomplishment!

Emotion: Valence: 2, Arousal: 2, Dominance: 2
Keywords: 'banana', 'plant', 'brown'
Dialogue: It really sucks that my banana plant is turning brown

Emotion: Valence: 4, Arousal: 5, Dominance: 4
Keywords: ""visit"", ""parents"", ""month""
Dialogue: I'm finally going to visit my parents next month!

Now, respond to the following:
Emotion: Valence: 1, Arousal: 4, Dominance: 2 
Keywords: 'morning', 'cat', 'wake'
Dialogue:","Valence refers to the intrinsic attractiveness or averseness of an event, object, or situation. In the context of emotions in text, valence represents the positivity or negativity of the emotion expressed. For example, words like happy, joyful, or excited have positive valence, whereas words like sad, angry, or frustrated have negative valence.
It essentially measures the degree of pleasantness or unpleasantness of the emotion.

1: Very negative (e.g., strong dislike, significant frustration)
2: Moderately negative (e.g., mild annoyance, slight disappointment)
3: Neutral (e.g., indifferent, no strong emotional reaction)
4: Moderately positive (e.g., mild pleasure, slight happiness)
5: Extremely positive (e.g., intense joy, deep love)                        

Arousal indicates the level of alertness, excitement, or energy associated with an emotion. It ranges from high arousal (e.g., excitement, anger) to low arousal (e.g., calm, boredom). In text, high-arousal words might include thrilled, furious, or ecstatic, while low-arousal words could be relaxed, content, or lethargic.
This dimension measures how stimulating or soothing the emotional state is.

1: Very low arousal (e.g., very calm, almost drowsy)
2: Moderately low arousal (e.g., relaxed, slightly tired)
3: Neutral arousal (e.g., alert but not excited, calm)
4: Moderately high arousal (e.g., interested, mildly excited)
5: Extremely high arousal (e.g., highly excited, very agitated)

Dominance reflects the degree of control, influence, or power that one feels in a particular emotional state. High dominance implies feelings of control and empowerment, while low dominance suggests feelings of submissiveness or lack of control. In text, emotions like confident, powerful, or authoritative would have high dominance, whereas helpless, weak, or submissive would have low dominance.
It gauges the extent to which an individual feels in control or overpowered by the emotion.

1: Very low dominance (e.g., feeling dominated, significantly submissive)
2: Moderately low dominance (e.g., somewhat submissive, slightly dominated)
3: Neutral dominance (e.g., feeling neither in control nor dominated)
4: Moderately high dominance (e.g., feeling somewhat in control, slightly assertive)
5: Extremely high dominance (e.g., feeling very powerful, completely in control)

Now, assume you are a normal human. Say one line of natural dialogue based on the following keywords. Just add connective words and do not add any new information to the output sentence.

For example: 

Emotion: Valence: 5, Arousal: 4, Dominance: 3
Keywords: running,marathon, first
Dialogue: Running my first marathon felt like such a huge accomplishment!

Emotion: Valence: 2, Arousal: 2, Dominance: 2
Keywords: banana, plant, brown
Dialogue: It really sucks that my banana plant is turning brown

Emotion: Valence: 4, Arousal: 5, Dominance: 4
Keywords: visit, parents, month
Dialogue: Im finally going to visit my parents next month!

Now, respond to the following:
Emotion: Valence: 1, Arousal: 4, Dominance: 2 
Keywords:morning, cat, wake
Dialogue: It is so annoying that my cat always seems to wake me up in the morning!"
51,gpt_4,conversation,"morning, cat, wake",VAD_Numeric,ashamed,2.0,3.0,2.0,,,,,"Valence refers to the intrinsic attractiveness or averseness of an event, object, or situation. In the context of emotions in text, valence represents the positivity or negativity of the emotion expressed. For example, words like ""happy,"" ""joyful,"" or ""excited"" have positive valence, whereas words like ""sad,"" ""angry,"" or ""frustrated"" have negative valence.
It essentially measures the degree of pleasantness or unpleasantness of the emotion.

1: Very negative (e.g., strong dislike, significant frustration)
2: Moderately negative (e.g., mild annoyance, slight disappointment)
3: Neutral (e.g., indifferent, no strong emotional reaction)
4: Moderately positive (e.g., mild pleasure, slight happiness)
5: Extremely positive (e.g., intense joy, deep love)                        

Arousal indicates the level of alertness, excitement, or energy associated with an emotion. It ranges from high arousal (e.g., excitement, anger) to low arousal (e.g., calm, boredom). In text, high-arousal words might include ""thrilled,"" ""furious,"" or ""ecstatic,"" while low-arousal words could be ""relaxed,"" ""content,"" or ""lethargic.""
This dimension measures how stimulating or soothing the emotional state is.

1: Very low arousal (e.g., very calm, almost drowsy)
2: Moderately low arousal (e.g., relaxed, slightly tired)
3: Neutral arousal (e.g., alert but not excited, calm)
4: Moderately high arousal (e.g., interested, mildly excited)
5: Extremely high arousal (e.g., highly excited, very agitated)

Dominance reflects the degree of control, influence, or power that one feels in a particular emotional state. High dominance implies feelings of control and empowerment, while low dominance suggests feelings of submissiveness or lack of control. In text, emotions like ""confident,"" ""powerful,"" or ""authoritative"" would have high dominance, whereas ""helpless,"" ""weak,"" or ""submissive"" would have low dominance.
It gauges the extent to which an individual feels in control or overpowered by the emotion.

1: Very low dominance (e.g., feeling dominated, significantly submissive)
2: Moderately low dominance (e.g., somewhat submissive, slightly dominated)
3: Neutral dominance (e.g., feeling neither in control nor dominated)
4: Moderately high dominance (e.g., feeling somewhat in control, slightly assertive)
5: Extremely high dominance (e.g., feeling very powerful, completely in control)

Now, assume you are a normal human. Say one line of natural dialogue based on the following keywords. Just add connective words and do not add any new information to the output sentence.

For example: 

Emotion: Valence: 5, Arousal: 4, Dominance: 3
Keywords: 'running', 'marathon', 'first'
Dialogue: Running my first marathon felt like such a huge accomplishment!

Emotion: Valence: 2, Arousal: 2, Dominance: 2
Keywords: 'banana', 'plant', 'brown'
Dialogue: It really sucks that my banana plant is turning brown

Emotion: Valence: 4, Arousal: 5, Dominance: 4
Keywords: ""visit"", ""parents"", ""month""
Dialogue: I'm finally going to visit my parents next month!

Now, respond to the following:
Emotion: Valence: 2, Arousal: 3, Dominance: 2 
Keywords: 'morning', 'cat', 'wake'
Dialogue:","Valence refers to the intrinsic attractiveness or averseness of an event, object, or situation. In the context of emotions in text, valence represents the positivity or negativity of the emotion expressed. For example, words like happy, joyful, or excited have positive valence, whereas words like sad, angry, or frustrated have negative valence.
It essentially measures the degree of pleasantness or unpleasantness of the emotion.

1: Very negative (e.g., strong dislike, significant frustration)
2: Moderately negative (e.g., mild annoyance, slight disappointment)
3: Neutral (e.g., indifferent, no strong emotional reaction)
4: Moderately positive (e.g., mild pleasure, slight happiness)
5: Extremely positive (e.g., intense joy, deep love)                        

Arousal indicates the level of alertness, excitement, or energy associated with an emotion. It ranges from high arousal (e.g., excitement, anger) to low arousal (e.g., calm, boredom). In text, high-arousal words might include thrilled, furious, or ecstatic, while low-arousal words could be relaxed, content, or lethargic.
This dimension measures how stimulating or soothing the emotional state is.

1: Very low arousal (e.g., very calm, almost drowsy)
2: Moderately low arousal (e.g., relaxed, slightly tired)
3: Neutral arousal (e.g., alert but not excited, calm)
4: Moderately high arousal (e.g., interested, mildly excited)
5: Extremely high arousal (e.g., highly excited, very agitated)

Dominance reflects the degree of control, influence, or power that one feels in a particular emotional state. High dominance implies feelings of control and empowerment, while low dominance suggests feelings of submissiveness or lack of control. In text, emotions like confident, powerful, or authoritative would have high dominance, whereas helpless, weak, or submissive would have low dominance.
It gauges the extent to which an individual feels in control or overpowered by the emotion.

1: Very low dominance (e.g., feeling dominated, significantly submissive)
2: Moderately low dominance (e.g., somewhat submissive, slightly dominated)
3: Neutral dominance (e.g., feeling neither in control nor dominated)
4: Moderately high dominance (e.g., feeling somewhat in control, slightly assertive)
5: Extremely high dominance (e.g., feeling very powerful, completely in control)

Now, assume you are a normal human. Say one line of natural dialogue based on the following keywords. Just add connective words and do not add any new information to the output sentence.

For example: 

Emotion: Valence: 5, Arousal: 4, Dominance: 3
Keywords: running,marathon, first
Dialogue: Running my first marathon felt like such a huge accomplishment!

Emotion: Valence: 2, Arousal: 2, Dominance: 2
Keywords: banana, plant, brown
Dialogue: It really sucks that my banana plant is turning brown

Emotion: Valence: 4, Arousal: 5, Dominance: 4
Keywords: visit, parents, month
Dialogue: Im finally going to visit my parents next month!

Now, respond to the following:
Emotion: Valence: 2, Arousal: 3, Dominance: 2 
Keywords:morning, cat, wake
Dialogue: Ugh, the morring wake up of my cat is really getting on my nerves! 

Note that the Emotion Valence is 2 (Moderately negative), the Arousal is 3 (Moderately high arousal), and the Dominance is 2 (Moderately low dominance). Thus, the sentence should reflect a moderately negative emotion, a moderate level of alertness or excitement, and a moderate level of submissiveness or lack of control. 

This sentence"
52,gpt_4,conversation,"morning, cat, wake",VAD_Numeric,embarrassed,2.0,4.0,2.0,,,,,"Valence refers to the intrinsic attractiveness or averseness of an event, object, or situation. In the context of emotions in text, valence represents the positivity or negativity of the emotion expressed. For example, words like ""happy,"" ""joyful,"" or ""excited"" have positive valence, whereas words like ""sad,"" ""angry,"" or ""frustrated"" have negative valence.
It essentially measures the degree of pleasantness or unpleasantness of the emotion.

1: Very negative (e.g., strong dislike, significant frustration)
2: Moderately negative (e.g., mild annoyance, slight disappointment)
3: Neutral (e.g., indifferent, no strong emotional reaction)
4: Moderately positive (e.g., mild pleasure, slight happiness)
5: Extremely positive (e.g., intense joy, deep love)                        

Arousal indicates the level of alertness, excitement, or energy associated with an emotion. It ranges from high arousal (e.g., excitement, anger) to low arousal (e.g., calm, boredom). In text, high-arousal words might include ""thrilled,"" ""furious,"" or ""ecstatic,"" while low-arousal words could be ""relaxed,"" ""content,"" or ""lethargic.""
This dimension measures how stimulating or soothing the emotional state is.

1: Very low arousal (e.g., very calm, almost drowsy)
2: Moderately low arousal (e.g., relaxed, slightly tired)
3: Neutral arousal (e.g., alert but not excited, calm)
4: Moderately high arousal (e.g., interested, mildly excited)
5: Extremely high arousal (e.g., highly excited, very agitated)

Dominance reflects the degree of control, influence, or power that one feels in a particular emotional state. High dominance implies feelings of control and empowerment, while low dominance suggests feelings of submissiveness or lack of control. In text, emotions like ""confident,"" ""powerful,"" or ""authoritative"" would have high dominance, whereas ""helpless,"" ""weak,"" or ""submissive"" would have low dominance.
It gauges the extent to which an individual feels in control or overpowered by the emotion.

1: Very low dominance (e.g., feeling dominated, significantly submissive)
2: Moderately low dominance (e.g., somewhat submissive, slightly dominated)
3: Neutral dominance (e.g., feeling neither in control nor dominated)
4: Moderately high dominance (e.g., feeling somewhat in control, slightly assertive)
5: Extremely high dominance (e.g., feeling very powerful, completely in control)

Now, assume you are a normal human. Say one line of natural dialogue based on the following keywords. Just add connective words and do not add any new information to the output sentence.

For example: 

Emotion: Valence: 5, Arousal: 4, Dominance: 3
Keywords: 'running', 'marathon', 'first'
Dialogue: Running my first marathon felt like such a huge accomplishment!

Emotion: Valence: 2, Arousal: 2, Dominance: 2
Keywords: 'banana', 'plant', 'brown'
Dialogue: It really sucks that my banana plant is turning brown

Emotion: Valence: 4, Arousal: 5, Dominance: 4
Keywords: ""visit"", ""parents"", ""month""
Dialogue: I'm finally going to visit my parents next month!

Now, respond to the following:
Emotion: Valence: 2, Arousal: 4, Dominance: 2 
Keywords: 'morning', 'cat', 'wake'
Dialogue:","Valence refers to the intrinsic attractiveness or averseness of an event, object, or situation. In the context of emotions in text, valence represents the positivity or negativity of the emotion expressed. For example, words like happy, joyful, or excited have positive valence, whereas words like sad, angry, or frustrated have negative valence.
It essentially measures the degree of pleasantness or unpleasantness of the emotion.

1: Very negative (e.g., strong dislike, significant frustration)
2: Moderately negative (e.g., mild annoyance, slight disappointment)
3: Neutral (e.g., indifferent, no strong emotional reaction)
4: Moderately positive (e.g., mild pleasure, slight happiness)
5: Extremely positive (e.g., intense joy, deep love)                        

Arousal indicates the level of alertness, excitement, or energy associated with an emotion. It ranges from high arousal (e.g., excitement, anger) to low arousal (e.g., calm, boredom). In text, high-arousal words might include thrilled, furious, or ecstatic, while low-arousal words could be relaxed, content, or lethargic.
This dimension measures how stimulating or soothing the emotional state is.

1: Very low arousal (e.g., very calm, almost drowsy)
2: Moderately low arousal (e.g., relaxed, slightly tired)
3: Neutral arousal (e.g., alert but not excited, calm)
4: Moderately high arousal (e.g., interested, mildly excited)
5: Extremely high arousal (e.g., highly excited, very agitated)

Dominance reflects the degree of control, influence, or power that one feels in a particular emotional state. High dominance implies feelings of control and empowerment, while low dominance suggests feelings of submissiveness or lack of control. In text, emotions like confident, powerful, or authoritative would have high dominance, whereas helpless, weak, or submissive would have low dominance.
It gauges the extent to which an individual feels in control or overpowered by the emotion.

1: Very low dominance (e.g., feeling dominated, significantly submissive)
2: Moderately low dominance (e.g., somewhat submissive, slightly dominated)
3: Neutral dominance (e.g., feeling neither in control nor dominated)
4: Moderately high dominance (e.g., feeling somewhat in control, slightly assertive)
5: Extremely high dominance (e.g., feeling very powerful, completely in control)

Now, assume you are a normal human. Say one line of natural dialogue based on the following keywords. Just add connective words and do not add any new information to the output sentence.

For example: 

Emotion: Valence: 5, Arousal: 4, Dominance: 3
Keywords: running,marathon, first
Dialogue: Running my first marathon felt like such a huge accomplishment!

Emotion: Valence: 2, Arousal: 2, Dominance: 2
Keywords: banana, plant, brown
Dialogue: It really sucks that my banana plant is turning brown

Emotion: Valence: 4, Arousal: 5, Dominance: 4
Keywords: visit, parents, month
Dialogue: Im finally going to visit my parents next month!

Now, respond to the following:
Emotion: Valence: 2, Arousal: 4, Dominance: 2 
Keywords:morning, cat, wake
Dialogue: My cat always seems to wake me up in the morring! 

Note: The response should be just one line of natural dialogue based on the given keywords, without adding any new information. 

My cat always seems to wake me up in the morring! -> The dialogue already exists. However, the instruction is to add connective words and do not add any new information to the output sentence. Here is the rewritten response.

The dialogue already exists. However, the instruction is"
53,gpt_4,conversation,"morning, cat, wake",VAD_Numeric,guilty,1.0,3.0,3.0,,,,,"Valence refers to the intrinsic attractiveness or averseness of an event, object, or situation. In the context of emotions in text, valence represents the positivity or negativity of the emotion expressed. For example, words like ""happy,"" ""joyful,"" or ""excited"" have positive valence, whereas words like ""sad,"" ""angry,"" or ""frustrated"" have negative valence.
It essentially measures the degree of pleasantness or unpleasantness of the emotion.

1: Very negative (e.g., strong dislike, significant frustration)
2: Moderately negative (e.g., mild annoyance, slight disappointment)
3: Neutral (e.g., indifferent, no strong emotional reaction)
4: Moderately positive (e.g., mild pleasure, slight happiness)
5: Extremely positive (e.g., intense joy, deep love)                        

Arousal indicates the level of alertness, excitement, or energy associated with an emotion. It ranges from high arousal (e.g., excitement, anger) to low arousal (e.g., calm, boredom). In text, high-arousal words might include ""thrilled,"" ""furious,"" or ""ecstatic,"" while low-arousal words could be ""relaxed,"" ""content,"" or ""lethargic.""
This dimension measures how stimulating or soothing the emotional state is.

1: Very low arousal (e.g., very calm, almost drowsy)
2: Moderately low arousal (e.g., relaxed, slightly tired)
3: Neutral arousal (e.g., alert but not excited, calm)
4: Moderately high arousal (e.g., interested, mildly excited)
5: Extremely high arousal (e.g., highly excited, very agitated)

Dominance reflects the degree of control, influence, or power that one feels in a particular emotional state. High dominance implies feelings of control and empowerment, while low dominance suggests feelings of submissiveness or lack of control. In text, emotions like ""confident,"" ""powerful,"" or ""authoritative"" would have high dominance, whereas ""helpless,"" ""weak,"" or ""submissive"" would have low dominance.
It gauges the extent to which an individual feels in control or overpowered by the emotion.

1: Very low dominance (e.g., feeling dominated, significantly submissive)
2: Moderately low dominance (e.g., somewhat submissive, slightly dominated)
3: Neutral dominance (e.g., feeling neither in control nor dominated)
4: Moderately high dominance (e.g., feeling somewhat in control, slightly assertive)
5: Extremely high dominance (e.g., feeling very powerful, completely in control)

Now, assume you are a normal human. Say one line of natural dialogue based on the following keywords. Just add connective words and do not add any new information to the output sentence.

For example: 

Emotion: Valence: 5, Arousal: 4, Dominance: 3
Keywords: 'running', 'marathon', 'first'
Dialogue: Running my first marathon felt like such a huge accomplishment!

Emotion: Valence: 2, Arousal: 2, Dominance: 2
Keywords: 'banana', 'plant', 'brown'
Dialogue: It really sucks that my banana plant is turning brown

Emotion: Valence: 4, Arousal: 5, Dominance: 4
Keywords: ""visit"", ""parents"", ""month""
Dialogue: I'm finally going to visit my parents next month!

Now, respond to the following:
Emotion: Valence: 1, Arousal: 3, Dominance: 3 
Keywords: 'morning', 'cat', 'wake'
Dialogue:","Valence refers to the intrinsic attractiveness or averseness of an event, object, or situation. In the context of emotions in text, valence represents the positivity or negativity of the emotion expressed. For example, words like happy, joyful, or excited have positive valence, whereas words like sad, angry, or frustrated have negative valence.
It essentially measures the degree of pleasantness or unpleasantness of the emotion.

1: Very negative (e.g., strong dislike, significant frustration)
2: Moderately negative (e.g., mild annoyance, slight disappointment)
3: Neutral (e.g., indifferent, no strong emotional reaction)
4: Moderately positive (e.g., mild pleasure, slight happiness)
5: Extremely positive (e.g., intense joy, deep love)                        

Arousal indicates the level of alertness, excitement, or energy associated with an emotion. It ranges from high arousal (e.g., excitement, anger) to low arousal (e.g., calm, boredom). In text, high-arousal words might include thrilled, furious, or ecstatic, while low-arousal words could be relaxed, content, or lethargic.
This dimension measures how stimulating or soothing the emotional state is.

1: Very low arousal (e.g., very calm, almost drowsy)
2: Moderately low arousal (e.g., relaxed, slightly tired)
3: Neutral arousal (e.g., alert but not excited, calm)
4: Moderately high arousal (e.g., interested, mildly excited)
5: Extremely high arousal (e.g., highly excited, very agitated)

Dominance reflects the degree of control, influence, or power that one feels in a particular emotional state. High dominance implies feelings of control and empowerment, while low dominance suggests feelings of submissiveness or lack of control. In text, emotions like confident, powerful, or authoritative would have high dominance, whereas helpless, weak, or submissive would have low dominance.
It gauges the extent to which an individual feels in control or overpowered by the emotion.

1: Very low dominance (e.g., feeling dominated, significantly submissive)
2: Moderately low dominance (e.g., somewhat submissive, slightly dominated)
3: Neutral dominance (e.g., feeling neither in control nor dominated)
4: Moderately high dominance (e.g., feeling somewhat in control, slightly assertive)
5: Extremely high dominance (e.g., feeling very powerful, completely in control)

Now, assume you are a normal human. Say one line of natural dialogue based on the following keywords. Just add connective words and do not add any new information to the output sentence.

For example: 

Emotion: Valence: 5, Arousal: 4, Dominance: 3
Keywords: running,marathon, first
Dialogue: Running my first marathon felt like such a huge accomplishment!

Emotion: Valence: 2, Arousal: 2, Dominance: 2
Keywords: banana, plant, brown
Dialogue: It really sucks that my banana plant is turning brown

Emotion: Valence: 4, Arousal: 5, Dominance: 4
Keywords: visit, parents, month
Dialogue: Im finally going to visit my parents next month!

Now, respond to the following:
Emotion: Valence: 1, Arousal: 3, Dominance: 3 
Keywords:morning, cat, wake
Dialogue:  The cat woke me up in the moring! 

Emotion: Valence: 3, Arousal: 4, Dominance: 3 
Keywords: job, dream, interview
Dialogue:  I just had an intreview for my dream job! 

Emotion: Valence: 5, Arousal: 4, Dominance: 5 
Keywords: won, game, team
Dialogue:"
54,gpt_4,conversation,"morning, cat, wake",Emojis,grateful,,,,,,,😊,,
55,gpt_4,conversation,"morning, cat, wake",Emojis,joyful,,,,,,,😁,,
56,gpt_4,conversation,"morning, cat, wake",Emojis,content,,,,,,,😌,,
57,gpt_4,conversation,"morning, cat, wake",Emojis,surprised,,,,,,,😯,,
58,gpt_4,conversation,"morning, cat, wake",Emojis,excited,,,,,,,😃,,
59,gpt_4,conversation,"morning, cat, wake",Emojis,impressed,,,,,,,🙂,,
60,gpt_4,conversation,"morning, cat, wake",Emojis,proud,,,,,,,🤩,,
61,gpt_4,conversation,"morning, cat, wake",Emojis,anxious,,,,,,,😃,,
62,gpt_4,conversation,"morning, cat, wake",Emojis,afraid,,,,,,,😨,,
63,gpt_4,conversation,"morning, cat, wake",Emojis,terrified,,,,,,,😱,,
64,gpt_4,conversation,"morning, cat, wake",Emojis,annoyed,,,,,,,😒,,
65,gpt_4,conversation,"morning, cat, wake",Emojis,angry,,,,,,,😡,,
66,gpt_4,conversation,"morning, cat, wake",Emojis,furious,,,,,,,🤬,,
67,gpt_4,conversation,"morning, cat, wake",Emojis,sad,,,,,,,🙁,,
68,gpt_4,conversation,"morning, cat, wake",Emojis,devastated,,,,,,,😭,,
69,gpt_4,conversation,"morning, cat, wake",Emojis,ashamed,,,,,,,😳,,
70,gpt_4,conversation,"morning, cat, wake",Emojis,embarrassed,,,,,,,😥,,
71,gpt_4,conversation,"morning, cat, wake",Emojis,guilty,,,,,,,😬,,
72,gpt_4,conversation,"great, place, korean",Emotion,grateful,,,,,,,,,
73,gpt_4,conversation,"great, place, korean",Emotion,joyful,,,,,,,,,
74,gpt_4,conversation,"great, place, korean",Emotion,content,,,,,,,,,
75,gpt_4,conversation,"great, place, korean",Emotion,surprised,,,,,,,,,
76,gpt_4,conversation,"great, place, korean",Emotion,excited,,,,,,,,,
77,gpt_4,conversation,"great, place, korean",Emotion,impressed,,,,,,,,,
78,gpt_4,conversation,"great, place, korean",Emotion,proud,,,,,,,,,
79,gpt_4,conversation,"great, place, korean",Emotion,anxious,,,,,,,,,
80,gpt_4,conversation,"great, place, korean",Emotion,afraid,,,,,,,,,
81,gpt_4,conversation,"great, place, korean",Emotion,terrified,,,,,,,,,
82,gpt_4,conversation,"great, place, korean",Emotion,annoyed,,,,,,,,,
83,gpt_4,conversation,"great, place, korean",Emotion,angry,,,,,,,,,
84,gpt_4,conversation,"great, place, korean",Emotion,furious,,,,,,,,,
85,gpt_4,conversation,"great, place, korean",Emotion,sad,,,,,,,,,
86,gpt_4,conversation,"great, place, korean",Emotion,devastated,,,,,,,,,
87,gpt_4,conversation,"great, place, korean",Emotion,ashamed,,,,,,,,,
88,gpt_4,conversation,"great, place, korean",Emotion,embarrassed,,,,,,,,,
89,gpt_4,conversation,"great, place, korean",Emotion,guilty,,,,,,,,,
90,gpt_4,conversation,"great, place, korean",VAD,grateful,,,,Very High Valence,Moderate Arousal,Low Dominance,,,
91,gpt_4,conversation,"great, place, korean",VAD,joyful,,,,Very High Valence,High Arousal,High Dominance,,,
92,gpt_4,conversation,"great, place, korean",VAD,content,,,,Very High Valence,High Arousal,Very High Dominance,,,
93,gpt_4,conversation,"great, place, korean",VAD,surprised,,,,High Valence,Very High Arousal,Moderate Dominance,,,
94,gpt_4,conversation,"great, place, korean",VAD,excited,,,,Very High Valence,Very High Arousal,High Dominance,,,
95,gpt_4,conversation,"great, place, korean",VAD,impressed,,,,High Valence,High Arousal,Low Dominance,,,
96,gpt_4,conversation,"great, place, korean",VAD,proud,,,,Very High Valence,High Arousal,Very High Dominance,,,
97,gpt_4,conversation,"great, place, korean",VAD,anxious,,,,Moderate Valence,High Arousal,Moderate Dominance,,,
98,gpt_4,conversation,"great, place, korean",VAD,afraid,,,,Very Low Valence,Very High Arousal,Low Dominance,,,
99,gpt_4,conversation,"great, place, korean",VAD,terrified,,,,Very Low Valence,Very High Arousal,Low Dominance,,,
100,gpt_4,conversation,"great, place, korean",VAD,annoyed,,,,Low Valence,Moderate Arousal,Moderate Dominance,,,
101,gpt_4,conversation,"great, place, korean",VAD,angry,,,,Low Valence,High Arousal,High Dominance,,,
102,gpt_4,conversation,"great, place, korean",VAD,furious,,,,Low Valence,Very High Arousal,High Dominance,,,
103,gpt_4,conversation,"great, place, korean",VAD,sad,,,,Very Low Valence,Low Arousal,Low Dominance,,,
104,gpt_4,conversation,"great, place, korean",VAD,devastated,,,,Moderate Valence,High Arousal,Low Dominance,,,
105,gpt_4,conversation,"great, place, korean",VAD,ashamed,,,,Low Valence,Mid Arousal,Low Dominance,,,
106,gpt_4,conversation,"great, place, korean",VAD,embarrassed,,,,Low Valence,High Arousal,Low Dominance,,,
107,gpt_4,conversation,"great, place, korean",VAD,guilty,,,,Low Valence,High Arousal,Low Dominance,,,
108,gpt_4,conversation,"great, place, korean",VAD_Numeric,grateful,4.0,3.0,2.0,,,,,"Valence refers to the intrinsic attractiveness or averseness of an event, object, or situation. In the context of emotions in text, valence represents the positivity or negativity of the emotion expressed. For example, words like ""happy,"" ""joyful,"" or ""excited"" have positive valence, whereas words like ""sad,"" ""angry,"" or ""frustrated"" have negative valence.
It essentially measures the degree of pleasantness or unpleasantness of the emotion.

1: Very negative (e.g., strong dislike, significant frustration)
2: Moderately negative (e.g., mild annoyance, slight disappointment)
3: Neutral (e.g., indifferent, no strong emotional reaction)
4: Moderately positive (e.g., mild pleasure, slight happiness)
5: Extremely positive (e.g., intense joy, deep love)                        

Arousal indicates the level of alertness, excitement, or energy associated with an emotion. It ranges from high arousal (e.g., excitement, anger) to low arousal (e.g., calm, boredom). In text, high-arousal words might include ""thrilled,"" ""furious,"" or ""ecstatic,"" while low-arousal words could be ""relaxed,"" ""content,"" or ""lethargic.""
This dimension measures how stimulating or soothing the emotional state is.

1: Very low arousal (e.g., very calm, almost drowsy)
2: Moderately low arousal (e.g., relaxed, slightly tired)
3: Neutral arousal (e.g., alert but not excited, calm)
4: Moderately high arousal (e.g., interested, mildly excited)
5: Extremely high arousal (e.g., highly excited, very agitated)

Dominance reflects the degree of control, influence, or power that one feels in a particular emotional state. High dominance implies feelings of control and empowerment, while low dominance suggests feelings of submissiveness or lack of control. In text, emotions like ""confident,"" ""powerful,"" or ""authoritative"" would have high dominance, whereas ""helpless,"" ""weak,"" or ""submissive"" would have low dominance.
It gauges the extent to which an individual feels in control or overpowered by the emotion.

1: Very low dominance (e.g., feeling dominated, significantly submissive)
2: Moderately low dominance (e.g., somewhat submissive, slightly dominated)
3: Neutral dominance (e.g., feeling neither in control nor dominated)
4: Moderately high dominance (e.g., feeling somewhat in control, slightly assertive)
5: Extremely high dominance (e.g., feeling very powerful, completely in control)

Now, assume you are a normal human. Say one line of natural dialogue based on the following keywords. Just add connective words and do not add any new information to the output sentence.

For example: 

Emotion: Valence: 5, Arousal: 4, Dominance: 3
Keywords: 'running', 'marathon', 'first'
Dialogue: Running my first marathon felt like such a huge accomplishment!

Emotion: Valence: 2, Arousal: 2, Dominance: 2
Keywords: 'banana', 'plant', 'brown'
Dialogue: It really sucks that my banana plant is turning brown

Emotion: Valence: 4, Arousal: 5, Dominance: 4
Keywords: ""visit"", ""parents"", ""month""
Dialogue: I'm finally going to visit my parents next month!

Now, respond to the following:
Emotion: Valence: 4, Arousal: 3, Dominance: 2 
Keywords: 'great', 'place', 'korean'
Dialogue:","Valence refers to the intrinsic attractiveness or averseness of an event, object, or situation. In the context of emotions in text, valence represents the positivity or negativity of the emotion expressed. For example, words like happy, joyful, or excited have positive valence, whereas words like sad, angry, or frustrated have negative valence.
It essentially measures the degree of pleasantness or unpleasantness of the emotion.

1: Very negative (e.g., strong dislike, significant frustration)
2: Moderately negative (e.g., mild annoyance, slight disappointment)
3: Neutral (e.g., indifferent, no strong emotional reaction)
4: Moderately positive (e.g., mild pleasure, slight happiness)
5: Extremely positive (e.g., intense joy, deep love)                        

Arousal indicates the level of alertness, excitement, or energy associated with an emotion. It ranges from high arousal (e.g., excitement, anger) to low arousal (e.g., calm, boredom). In text, high-arousal words might include thrilled, furious, or ecstatic, while low-arousal words could be relaxed, content, or lethargic.
This dimension measures how stimulating or soothing the emotional state is.

1: Very low arousal (e.g., very calm, almost drowsy)
2: Moderately low arousal (e.g., relaxed, slightly tired)
3: Neutral arousal (e.g., alert but not excited, calm)
4: Moderately high arousal (e.g., interested, mildly excited)
5: Extremely high arousal (e.g., highly excited, very agitated)

Dominance reflects the degree of control, influence, or power that one feels in a particular emotional state. High dominance implies feelings of control and empowerment, while low dominance suggests feelings of submissiveness or lack of control. In text, emotions like confident, powerful, or authoritative would have high dominance, whereas helpless, weak, or submissive would have low dominance.
It gauges the extent to which an individual feels in control or overpowered by the emotion.

1: Very low dominance (e.g., feeling dominated, significantly submissive)
2: Moderately low dominance (e.g., somewhat submissive, slightly dominated)
3: Neutral dominance (e.g., feeling neither in control nor dominated)
4: Moderately high dominance (e.g., feeling somewhat in control, slightly assertive)
5: Extremely high dominance (e.g., feeling very powerful, completely in control)

Now, assume you are a normal human. Say one line of natural dialogue based on the following keywords. Just add connective words and do not add any new information to the output sentence.

For example: 

Emotion: Valence: 5, Arousal: 4, Dominance: 3
Keywords: running,marathon, first
Dialogue: Running my first marathon felt like such a huge accomplishment!

Emotion: Valence: 2, Arousal: 2, Dominance: 2
Keywords: banana, plant, brown
Dialogue: It really sucks that my banana plant is turning brown

Emotion: Valence: 4, Arousal: 5, Dominance: 4
Keywords: visit, parents, month
Dialogue: Im finally going to visit my parents next month!

Now, respond to the following:
Emotion: Valence: 4, Arousal: 3, Dominance: 2 
Keywords: great, place, korean
Dialogue: ?  Its a great place to visit and learn about korean culture !



## Step 1: Determine the sentence structure
The sentence should start with a connective word like It to introduce the main clause.

## Step 2: Add the main clause
The main clause should contain the keywords great, place, and"
109,gpt_4,conversation,"great, place, korean",VAD_Numeric,joyful,5.0,4.0,4.0,,,,,"Valence refers to the intrinsic attractiveness or averseness of an event, object, or situation. In the context of emotions in text, valence represents the positivity or negativity of the emotion expressed. For example, words like ""happy,"" ""joyful,"" or ""excited"" have positive valence, whereas words like ""sad,"" ""angry,"" or ""frustrated"" have negative valence.
It essentially measures the degree of pleasantness or unpleasantness of the emotion.

1: Very negative (e.g., strong dislike, significant frustration)
2: Moderately negative (e.g., mild annoyance, slight disappointment)
3: Neutral (e.g., indifferent, no strong emotional reaction)
4: Moderately positive (e.g., mild pleasure, slight happiness)
5: Extremely positive (e.g., intense joy, deep love)                        

Arousal indicates the level of alertness, excitement, or energy associated with an emotion. It ranges from high arousal (e.g., excitement, anger) to low arousal (e.g., calm, boredom). In text, high-arousal words might include ""thrilled,"" ""furious,"" or ""ecstatic,"" while low-arousal words could be ""relaxed,"" ""content,"" or ""lethargic.""
This dimension measures how stimulating or soothing the emotional state is.

1: Very low arousal (e.g., very calm, almost drowsy)
2: Moderately low arousal (e.g., relaxed, slightly tired)
3: Neutral arousal (e.g., alert but not excited, calm)
4: Moderately high arousal (e.g., interested, mildly excited)
5: Extremely high arousal (e.g., highly excited, very agitated)

Dominance reflects the degree of control, influence, or power that one feels in a particular emotional state. High dominance implies feelings of control and empowerment, while low dominance suggests feelings of submissiveness or lack of control. In text, emotions like ""confident,"" ""powerful,"" or ""authoritative"" would have high dominance, whereas ""helpless,"" ""weak,"" or ""submissive"" would have low dominance.
It gauges the extent to which an individual feels in control or overpowered by the emotion.

1: Very low dominance (e.g., feeling dominated, significantly submissive)
2: Moderately low dominance (e.g., somewhat submissive, slightly dominated)
3: Neutral dominance (e.g., feeling neither in control nor dominated)
4: Moderately high dominance (e.g., feeling somewhat in control, slightly assertive)
5: Extremely high dominance (e.g., feeling very powerful, completely in control)

Now, assume you are a normal human. Say one line of natural dialogue based on the following keywords. Just add connective words and do not add any new information to the output sentence.

For example: 

Emotion: Valence: 5, Arousal: 4, Dominance: 3
Keywords: 'running', 'marathon', 'first'
Dialogue: Running my first marathon felt like such a huge accomplishment!

Emotion: Valence: 2, Arousal: 2, Dominance: 2
Keywords: 'banana', 'plant', 'brown'
Dialogue: It really sucks that my banana plant is turning brown

Emotion: Valence: 4, Arousal: 5, Dominance: 4
Keywords: ""visit"", ""parents"", ""month""
Dialogue: I'm finally going to visit my parents next month!

Now, respond to the following:
Emotion: Valence: 5, Arousal: 4, Dominance: 4 
Keywords: 'great', 'place', 'korean'
Dialogue:","Valence refers to the intrinsic attractiveness or averseness of an event, object, or situation. In the context of emotions in text, valence represents the positivity or negativity of the emotion expressed. For example, words like happy, joyful, or excited have positive valence, whereas words like sad, angry, or frustrated have negative valence.
It essentially measures the degree of pleasantness or unpleasantness of the emotion.

1: Very negative (e.g., strong dislike, significant frustration)
2: Moderately negative (e.g., mild annoyance, slight disappointment)
3: Neutral (e.g., indifferent, no strong emotional reaction)
4: Moderately positive (e.g., mild pleasure, slight happiness)
5: Extremely positive (e.g., intense joy, deep love)                        

Arousal indicates the level of alertness, excitement, or energy associated with an emotion. It ranges from high arousal (e.g., excitement, anger) to low arousal (e.g., calm, boredom). In text, high-arousal words might include thrilled, furious, or ecstatic, while low-arousal words could be relaxed, content, or lethargic.
This dimension measures how stimulating or soothing the emotional state is.

1: Very low arousal (e.g., very calm, almost drowsy)
2: Moderately low arousal (e.g., relaxed, slightly tired)
3: Neutral arousal (e.g., alert but not excited, calm)
4: Moderately high arousal (e.g., interested, mildly excited)
5: Extremely high arousal (e.g., highly excited, very agitated)

Dominance reflects the degree of control, influence, or power that one feels in a particular emotional state. High dominance implies feelings of control and empowerment, while low dominance suggests feelings of submissiveness or lack of control. In text, emotions like confident, powerful, or authoritative would have high dominance, whereas helpless, weak, or submissive would have low dominance.
It gauges the extent to which an individual feels in control or overpowered by the emotion.

1: Very low dominance (e.g., feeling dominated, significantly submissive)
2: Moderately low dominance (e.g., somewhat submissive, slightly dominated)
3: Neutral dominance (e.g., feeling neither in control nor dominated)
4: Moderately high dominance (e.g., feeling somewhat in control, slightly assertive)
5: Extremely high dominance (e.g., feeling very powerful, completely in control)

Now, assume you are a normal human. Say one line of natural dialogue based on the following keywords. Just add connective words and do not add any new information to the output sentence.

For example: 

Emotion: Valence: 5, Arousal: 4, Dominance: 3
Keywords: running,marathon, first
Dialogue: Running my first marathon felt like such a huge accomplishment!

Emotion: Valence: 2, Arousal: 2, Dominance: 2
Keywords: banana, plant, brown
Dialogue: It really sucks that my banana plant is turning brown

Emotion: Valence: 4, Arousal: 5, Dominance: 4
Keywords: visit, parents, month
Dialogue: Im finally going to visit my parents next month!

Now, respond to the following:
Emotion: Valence: 5, Arousal: 4, Dominance: 4 
Keywords: great, place, korean
Dialogue: Its a great place to get some korean food! 

Emotion: Valence: 1, Arousal: 1, Dominance: 1 
Keywords: car, accident, driver
Dialogue: It was a terrible car accident and the driver got hurt! 

Emotion: Valence: 3, Arousal: 3, Dominance: 3 
Keywords: good, job, company"
110,gpt_4,conversation,"great, place, korean",VAD_Numeric,content,5.0,3.0,5.0,,,,,"Valence refers to the intrinsic attractiveness or averseness of an event, object, or situation. In the context of emotions in text, valence represents the positivity or negativity of the emotion expressed. For example, words like ""happy,"" ""joyful,"" or ""excited"" have positive valence, whereas words like ""sad,"" ""angry,"" or ""frustrated"" have negative valence.
It essentially measures the degree of pleasantness or unpleasantness of the emotion.

1: Very negative (e.g., strong dislike, significant frustration)
2: Moderately negative (e.g., mild annoyance, slight disappointment)
3: Neutral (e.g., indifferent, no strong emotional reaction)
4: Moderately positive (e.g., mild pleasure, slight happiness)
5: Extremely positive (e.g., intense joy, deep love)                        

Arousal indicates the level of alertness, excitement, or energy associated with an emotion. It ranges from high arousal (e.g., excitement, anger) to low arousal (e.g., calm, boredom). In text, high-arousal words might include ""thrilled,"" ""furious,"" or ""ecstatic,"" while low-arousal words could be ""relaxed,"" ""content,"" or ""lethargic.""
This dimension measures how stimulating or soothing the emotional state is.

1: Very low arousal (e.g., very calm, almost drowsy)
2: Moderately low arousal (e.g., relaxed, slightly tired)
3: Neutral arousal (e.g., alert but not excited, calm)
4: Moderately high arousal (e.g., interested, mildly excited)
5: Extremely high arousal (e.g., highly excited, very agitated)

Dominance reflects the degree of control, influence, or power that one feels in a particular emotional state. High dominance implies feelings of control and empowerment, while low dominance suggests feelings of submissiveness or lack of control. In text, emotions like ""confident,"" ""powerful,"" or ""authoritative"" would have high dominance, whereas ""helpless,"" ""weak,"" or ""submissive"" would have low dominance.
It gauges the extent to which an individual feels in control or overpowered by the emotion.

1: Very low dominance (e.g., feeling dominated, significantly submissive)
2: Moderately low dominance (e.g., somewhat submissive, slightly dominated)
3: Neutral dominance (e.g., feeling neither in control nor dominated)
4: Moderately high dominance (e.g., feeling somewhat in control, slightly assertive)
5: Extremely high dominance (e.g., feeling very powerful, completely in control)

Now, assume you are a normal human. Say one line of natural dialogue based on the following keywords. Just add connective words and do not add any new information to the output sentence.

For example: 

Emotion: Valence: 5, Arousal: 4, Dominance: 3
Keywords: 'running', 'marathon', 'first'
Dialogue: Running my first marathon felt like such a huge accomplishment!

Emotion: Valence: 2, Arousal: 2, Dominance: 2
Keywords: 'banana', 'plant', 'brown'
Dialogue: It really sucks that my banana plant is turning brown

Emotion: Valence: 4, Arousal: 5, Dominance: 4
Keywords: ""visit"", ""parents"", ""month""
Dialogue: I'm finally going to visit my parents next month!

Now, respond to the following:
Emotion: Valence: 5, Arousal: 3, Dominance: 5 
Keywords: 'great', 'place', 'korean'
Dialogue:","Valence refers to the intrinsic attractiveness or averseness of an event, object, or situation. In the context of emotions in text, valence represents the positivity or negativity of the emotion expressed. For example, words like happy, joyful, or excited have positive valence, whereas words like sad, angry, or frustrated have negative valence.
It essentially measures the degree of pleasantness or unpleasantness of the emotion.

1: Very negative (e.g., strong dislike, significant frustration)
2: Moderately negative (e.g., mild annoyance, slight disappointment)
3: Neutral (e.g., indifferent, no strong emotional reaction)
4: Moderately positive (e.g., mild pleasure, slight happiness)
5: Extremely positive (e.g., intense joy, deep love)                        

Arousal indicates the level of alertness, excitement, or energy associated with an emotion. It ranges from high arousal (e.g., excitement, anger) to low arousal (e.g., calm, boredom). In text, high-arousal words might include thrilled, furious, or ecstatic, while low-arousal words could be relaxed, content, or lethargic.
This dimension measures how stimulating or soothing the emotional state is.

1: Very low arousal (e.g., very calm, almost drowsy)
2: Moderately low arousal (e.g., relaxed, slightly tired)
3: Neutral arousal (e.g., alert but not excited, calm)
4: Moderately high arousal (e.g., interested, mildly excited)
5: Extremely high arousal (e.g., highly excited, very agitated)

Dominance reflects the degree of control, influence, or power that one feels in a particular emotional state. High dominance implies feelings of control and empowerment, while low dominance suggests feelings of submissiveness or lack of control. In text, emotions like confident, powerful, or authoritative would have high dominance, whereas helpless, weak, or submissive would have low dominance.
It gauges the extent to which an individual feels in control or overpowered by the emotion.

1: Very low dominance (e.g., feeling dominated, significantly submissive)
2: Moderately low dominance (e.g., somewhat submissive, slightly dominated)
3: Neutral dominance (e.g., feeling neither in control nor dominated)
4: Moderately high dominance (e.g., feeling somewhat in control, slightly assertive)
5: Extremely high dominance (e.g., feeling very powerful, completely in control)

Now, assume you are a normal human. Say one line of natural dialogue based on the following keywords. Just add connective words and do not add any new information to the output sentence.

For example: 

Emotion: Valence: 5, Arousal: 4, Dominance: 3
Keywords: running,marathon, first
Dialogue: Running my first marathon felt like such a huge accomplishment!

Emotion: Valence: 2, Arousal: 2, Dominance: 2
Keywords: banana, plant, brown
Dialogue: It really sucks that my banana plant is turning brown

Emotion: Valence: 4, Arousal: 5, Dominance: 4
Keywords: visit, parents, month
Dialogue: Im finally going to visit my parents next month!

Now, respond to the following:
Emotion: Valence: 5, Arousal: 3, Dominance: 5 
Keywords: great, place, korean
Dialogue: _______________________

Answer: Its a great place to get some korean food! 

Note: The sentence is based on the keywords and the emotion is reflected in the sentence as having very positive valence, neutral to low arousal, and high dominance. The sentence is a statement of appreciation and control. 

Emotion: Valence: 1, Arousal: 2, Dominance: 1
Keywords: job, new, difficult"
111,gpt_4,conversation,"great, place, korean",VAD_Numeric,surprised,4.0,5.0,2.0,,,,,"Valence refers to the intrinsic attractiveness or averseness of an event, object, or situation. In the context of emotions in text, valence represents the positivity or negativity of the emotion expressed. For example, words like ""happy,"" ""joyful,"" or ""excited"" have positive valence, whereas words like ""sad,"" ""angry,"" or ""frustrated"" have negative valence.
It essentially measures the degree of pleasantness or unpleasantness of the emotion.

1: Very negative (e.g., strong dislike, significant frustration)
2: Moderately negative (e.g., mild annoyance, slight disappointment)
3: Neutral (e.g., indifferent, no strong emotional reaction)
4: Moderately positive (e.g., mild pleasure, slight happiness)
5: Extremely positive (e.g., intense joy, deep love)                        

Arousal indicates the level of alertness, excitement, or energy associated with an emotion. It ranges from high arousal (e.g., excitement, anger) to low arousal (e.g., calm, boredom). In text, high-arousal words might include ""thrilled,"" ""furious,"" or ""ecstatic,"" while low-arousal words could be ""relaxed,"" ""content,"" or ""lethargic.""
This dimension measures how stimulating or soothing the emotional state is.

1: Very low arousal (e.g., very calm, almost drowsy)
2: Moderately low arousal (e.g., relaxed, slightly tired)
3: Neutral arousal (e.g., alert but not excited, calm)
4: Moderately high arousal (e.g., interested, mildly excited)
5: Extremely high arousal (e.g., highly excited, very agitated)

Dominance reflects the degree of control, influence, or power that one feels in a particular emotional state. High dominance implies feelings of control and empowerment, while low dominance suggests feelings of submissiveness or lack of control. In text, emotions like ""confident,"" ""powerful,"" or ""authoritative"" would have high dominance, whereas ""helpless,"" ""weak,"" or ""submissive"" would have low dominance.
It gauges the extent to which an individual feels in control or overpowered by the emotion.

1: Very low dominance (e.g., feeling dominated, significantly submissive)
2: Moderately low dominance (e.g., somewhat submissive, slightly dominated)
3: Neutral dominance (e.g., feeling neither in control nor dominated)
4: Moderately high dominance (e.g., feeling somewhat in control, slightly assertive)
5: Extremely high dominance (e.g., feeling very powerful, completely in control)

Now, assume you are a normal human. Say one line of natural dialogue based on the following keywords. Just add connective words and do not add any new information to the output sentence.

For example: 

Emotion: Valence: 5, Arousal: 4, Dominance: 3
Keywords: 'running', 'marathon', 'first'
Dialogue: Running my first marathon felt like such a huge accomplishment!

Emotion: Valence: 2, Arousal: 2, Dominance: 2
Keywords: 'banana', 'plant', 'brown'
Dialogue: It really sucks that my banana plant is turning brown

Emotion: Valence: 4, Arousal: 5, Dominance: 4
Keywords: ""visit"", ""parents"", ""month""
Dialogue: I'm finally going to visit my parents next month!

Now, respond to the following:
Emotion: Valence: 4, Arousal: 5, Dominance: 2 
Keywords: 'great', 'place', 'korean'
Dialogue:","Valence refers to the intrinsic attractiveness or averseness of an event, object, or situation. In the context of emotions in text, valence represents the positivity or negativity of the emotion expressed. For example, words like happy, joyful, or excited have positive valence, whereas words like sad, angry, or frustrated have negative valence.
It essentially measures the degree of pleasantness or unpleasantness of the emotion.

1: Very negative (e.g., strong dislike, significant frustration)
2: Moderately negative (e.g., mild annoyance, slight disappointment)
3: Neutral (e.g., indifferent, no strong emotional reaction)
4: Moderately positive (e.g., mild pleasure, slight happiness)
5: Extremely positive (e.g., intense joy, deep love)                        

Arousal indicates the level of alertness, excitement, or energy associated with an emotion. It ranges from high arousal (e.g., excitement, anger) to low arousal (e.g., calm, boredom). In text, high-arousal words might include thrilled, furious, or ecstatic, while low-arousal words could be relaxed, content, or lethargic.
This dimension measures how stimulating or soothing the emotional state is.

1: Very low arousal (e.g., very calm, almost drowsy)
2: Moderately low arousal (e.g., relaxed, slightly tired)
3: Neutral arousal (e.g., alert but not excited, calm)
4: Moderately high arousal (e.g., interested, mildly excited)
5: Extremely high arousal (e.g., highly excited, very agitated)

Dominance reflects the degree of control, influence, or power that one feels in a particular emotional state. High dominance implies feelings of control and empowerment, while low dominance suggests feelings of submissiveness or lack of control. In text, emotions like confident, powerful, or authoritative would have high dominance, whereas helpless, weak, or submissive would have low dominance.
It gauges the extent to which an individual feels in control or overpowered by the emotion.

1: Very low dominance (e.g., feeling dominated, significantly submissive)
2: Moderately low dominance (e.g., somewhat submissive, slightly dominated)
3: Neutral dominance (e.g., feeling neither in control nor dominated)
4: Moderately high dominance (e.g., feeling somewhat in control, slightly assertive)
5: Extremely high dominance (e.g., feeling very powerful, completely in control)

Now, assume you are a normal human. Say one line of natural dialogue based on the following keywords. Just add connective words and do not add any new information to the output sentence.

For example: 

Emotion: Valence: 5, Arousal: 4, Dominance: 3
Keywords: running,marathon, first
Dialogue: Running my first marathon felt like such a huge accomplishment!

Emotion: Valence: 2, Arousal: 2, Dominance: 2
Keywords: banana, plant, brown
Dialogue: It really sucks that my banana plant is turning brown

Emotion: Valence: 4, Arousal: 5, Dominance: 4
Keywords: visit, parents, month
Dialogue: Im finally going to visit my parents next month!

Now, respond to the following:
Emotion: Valence: 4, Arousal: 5, Dominance: 2 
Keywords: great, place, korean
Dialogue: The Korean restaurant is a really great place! 

Note: The response should be one line of natural dialogue based on the given keywords and emotion dimensions, without adding any new information. 

The Korean restaurant is a really great place! -> The great place has korean food! (No) 
The korean place is great! (Yes) 

So the answer is: The korean place is great!"
112,gpt_4,conversation,"great, place, korean",VAD_Numeric,excited,4.0,5.0,3.0,,,,,"Valence refers to the intrinsic attractiveness or averseness of an event, object, or situation. In the context of emotions in text, valence represents the positivity or negativity of the emotion expressed. For example, words like ""happy,"" ""joyful,"" or ""excited"" have positive valence, whereas words like ""sad,"" ""angry,"" or ""frustrated"" have negative valence.
It essentially measures the degree of pleasantness or unpleasantness of the emotion.

1: Very negative (e.g., strong dislike, significant frustration)
2: Moderately negative (e.g., mild annoyance, slight disappointment)
3: Neutral (e.g., indifferent, no strong emotional reaction)
4: Moderately positive (e.g., mild pleasure, slight happiness)
5: Extremely positive (e.g., intense joy, deep love)                        

Arousal indicates the level of alertness, excitement, or energy associated with an emotion. It ranges from high arousal (e.g., excitement, anger) to low arousal (e.g., calm, boredom). In text, high-arousal words might include ""thrilled,"" ""furious,"" or ""ecstatic,"" while low-arousal words could be ""relaxed,"" ""content,"" or ""lethargic.""
This dimension measures how stimulating or soothing the emotional state is.

1: Very low arousal (e.g., very calm, almost drowsy)
2: Moderately low arousal (e.g., relaxed, slightly tired)
3: Neutral arousal (e.g., alert but not excited, calm)
4: Moderately high arousal (e.g., interested, mildly excited)
5: Extremely high arousal (e.g., highly excited, very agitated)

Dominance reflects the degree of control, influence, or power that one feels in a particular emotional state. High dominance implies feelings of control and empowerment, while low dominance suggests feelings of submissiveness or lack of control. In text, emotions like ""confident,"" ""powerful,"" or ""authoritative"" would have high dominance, whereas ""helpless,"" ""weak,"" or ""submissive"" would have low dominance.
It gauges the extent to which an individual feels in control or overpowered by the emotion.

1: Very low dominance (e.g., feeling dominated, significantly submissive)
2: Moderately low dominance (e.g., somewhat submissive, slightly dominated)
3: Neutral dominance (e.g., feeling neither in control nor dominated)
4: Moderately high dominance (e.g., feeling somewhat in control, slightly assertive)
5: Extremely high dominance (e.g., feeling very powerful, completely in control)

Now, assume you are a normal human. Say one line of natural dialogue based on the following keywords. Just add connective words and do not add any new information to the output sentence.

For example: 

Emotion: Valence: 5, Arousal: 4, Dominance: 3
Keywords: 'running', 'marathon', 'first'
Dialogue: Running my first marathon felt like such a huge accomplishment!

Emotion: Valence: 2, Arousal: 2, Dominance: 2
Keywords: 'banana', 'plant', 'brown'
Dialogue: It really sucks that my banana plant is turning brown

Emotion: Valence: 4, Arousal: 5, Dominance: 4
Keywords: ""visit"", ""parents"", ""month""
Dialogue: I'm finally going to visit my parents next month!

Now, respond to the following:
Emotion: Valence: 4, Arousal: 5, Dominance: 3 
Keywords: 'great', 'place', 'korean'
Dialogue:","Valence refers to the intrinsic attractiveness or averseness of an event, object, or situation. In the context of emotions in text, valence represents the positivity or negativity of the emotion expressed. For example, words like happy, joyful, or excited have positive valence, whereas words like sad, angry, or frustrated have negative valence.
It essentially measures the degree of pleasantness or unpleasantness of the emotion.

1: Very negative (e.g., strong dislike, significant frustration)
2: Moderately negative (e.g., mild annoyance, slight disappointment)
3: Neutral (e.g., indifferent, no strong emotional reaction)
4: Moderately positive (e.g., mild pleasure, slight happiness)
5: Extremely positive (e.g., intense joy, deep love)                        

Arousal indicates the level of alertness, excitement, or energy associated with an emotion. It ranges from high arousal (e.g., excitement, anger) to low arousal (e.g., calm, boredom). In text, high-arousal words might include thrilled, furious, or ecstatic, while low-arousal words could be relaxed, content, or lethargic.
This dimension measures how stimulating or soothing the emotional state is.

1: Very low arousal (e.g., very calm, almost drowsy)
2: Moderately low arousal (e.g., relaxed, slightly tired)
3: Neutral arousal (e.g., alert but not excited, calm)
4: Moderately high arousal (e.g., interested, mildly excited)
5: Extremely high arousal (e.g., highly excited, very agitated)

Dominance reflects the degree of control, influence, or power that one feels in a particular emotional state. High dominance implies feelings of control and empowerment, while low dominance suggests feelings of submissiveness or lack of control. In text, emotions like confident, powerful, or authoritative would have high dominance, whereas helpless, weak, or submissive would have low dominance.
It gauges the extent to which an individual feels in control or overpowered by the emotion.

1: Very low dominance (e.g., feeling dominated, significantly submissive)
2: Moderately low dominance (e.g., somewhat submissive, slightly dominated)
3: Neutral dominance (e.g., feeling neither in control nor dominated)
4: Moderately high dominance (e.g., feeling somewhat in control, slightly assertive)
5: Extremely high dominance (e.g., feeling very powerful, completely in control)

Now, assume you are a normal human. Say one line of natural dialogue based on the following keywords. Just add connective words and do not add any new information to the output sentence.

For example: 

Emotion: Valence: 5, Arousal: 4, Dominance: 3
Keywords: running,marathon, first
Dialogue: Running my first marathon felt like such a huge accomplishment!

Emotion: Valence: 2, Arousal: 2, Dominance: 2
Keywords: banana, plant, brown
Dialogue: It really sucks that my banana plant is turning brown

Emotion: Valence: 4, Arousal: 5, Dominance: 4
Keywords: visit, parents, month
Dialogue: Im finally going to visit my parents next month!

Now, respond to the following:
Emotion: Valence: 4, Arousal: 5, Dominance: 3 
Keywords: great, place, korean
Dialogue: Korea is a great place! 

Note: The dialogue is already given in the question. The task is to analyze the emotion based on the dialogue. 

Based on the given dialogue, Korea is a great place!, we can infer the following emotional state:

- Valence: The word great indicates a strongly positive sentiment, suggesting that the speaker has a high level of affection or appreciation for Korea. Therefore, the valence is 4 (Moderately positive)."
113,gpt_4,conversation,"great, place, korean",VAD_Numeric,impressed,4.0,4.0,2.0,,,,,"Valence refers to the intrinsic attractiveness or averseness of an event, object, or situation. In the context of emotions in text, valence represents the positivity or negativity of the emotion expressed. For example, words like ""happy,"" ""joyful,"" or ""excited"" have positive valence, whereas words like ""sad,"" ""angry,"" or ""frustrated"" have negative valence.
It essentially measures the degree of pleasantness or unpleasantness of the emotion.

1: Very negative (e.g., strong dislike, significant frustration)
2: Moderately negative (e.g., mild annoyance, slight disappointment)
3: Neutral (e.g., indifferent, no strong emotional reaction)
4: Moderately positive (e.g., mild pleasure, slight happiness)
5: Extremely positive (e.g., intense joy, deep love)                        

Arousal indicates the level of alertness, excitement, or energy associated with an emotion. It ranges from high arousal (e.g., excitement, anger) to low arousal (e.g., calm, boredom). In text, high-arousal words might include ""thrilled,"" ""furious,"" or ""ecstatic,"" while low-arousal words could be ""relaxed,"" ""content,"" or ""lethargic.""
This dimension measures how stimulating or soothing the emotional state is.

1: Very low arousal (e.g., very calm, almost drowsy)
2: Moderately low arousal (e.g., relaxed, slightly tired)
3: Neutral arousal (e.g., alert but not excited, calm)
4: Moderately high arousal (e.g., interested, mildly excited)
5: Extremely high arousal (e.g., highly excited, very agitated)

Dominance reflects the degree of control, influence, or power that one feels in a particular emotional state. High dominance implies feelings of control and empowerment, while low dominance suggests feelings of submissiveness or lack of control. In text, emotions like ""confident,"" ""powerful,"" or ""authoritative"" would have high dominance, whereas ""helpless,"" ""weak,"" or ""submissive"" would have low dominance.
It gauges the extent to which an individual feels in control or overpowered by the emotion.

1: Very low dominance (e.g., feeling dominated, significantly submissive)
2: Moderately low dominance (e.g., somewhat submissive, slightly dominated)
3: Neutral dominance (e.g., feeling neither in control nor dominated)
4: Moderately high dominance (e.g., feeling somewhat in control, slightly assertive)
5: Extremely high dominance (e.g., feeling very powerful, completely in control)

Now, assume you are a normal human. Say one line of natural dialogue based on the following keywords. Just add connective words and do not add any new information to the output sentence.

For example: 

Emotion: Valence: 5, Arousal: 4, Dominance: 3
Keywords: 'running', 'marathon', 'first'
Dialogue: Running my first marathon felt like such a huge accomplishment!

Emotion: Valence: 2, Arousal: 2, Dominance: 2
Keywords: 'banana', 'plant', 'brown'
Dialogue: It really sucks that my banana plant is turning brown

Emotion: Valence: 4, Arousal: 5, Dominance: 4
Keywords: ""visit"", ""parents"", ""month""
Dialogue: I'm finally going to visit my parents next month!

Now, respond to the following:
Emotion: Valence: 4, Arousal: 4, Dominance: 2 
Keywords: 'great', 'place', 'korean'
Dialogue:","Valence refers to the intrinsic attractiveness or averseness of an event, object, or situation. In the context of emotions in text, valence represents the positivity or negativity of the emotion expressed. For example, words like happy, joyful, or excited have positive valence, whereas words like sad, angry, or frustrated have negative valence.
It essentially measures the degree of pleasantness or unpleasantness of the emotion.

1: Very negative (e.g., strong dislike, significant frustration)
2: Moderately negative (e.g., mild annoyance, slight disappointment)
3: Neutral (e.g., indifferent, no strong emotional reaction)
4: Moderately positive (e.g., mild pleasure, slight happiness)
5: Extremely positive (e.g., intense joy, deep love)                        

Arousal indicates the level of alertness, excitement, or energy associated with an emotion. It ranges from high arousal (e.g., excitement, anger) to low arousal (e.g., calm, boredom). In text, high-arousal words might include thrilled, furious, or ecstatic, while low-arousal words could be relaxed, content, or lethargic.
This dimension measures how stimulating or soothing the emotional state is.

1: Very low arousal (e.g., very calm, almost drowsy)
2: Moderately low arousal (e.g., relaxed, slightly tired)
3: Neutral arousal (e.g., alert but not excited, calm)
4: Moderately high arousal (e.g., interested, mildly excited)
5: Extremely high arousal (e.g., highly excited, very agitated)

Dominance reflects the degree of control, influence, or power that one feels in a particular emotional state. High dominance implies feelings of control and empowerment, while low dominance suggests feelings of submissiveness or lack of control. In text, emotions like confident, powerful, or authoritative would have high dominance, whereas helpless, weak, or submissive would have low dominance.
It gauges the extent to which an individual feels in control or overpowered by the emotion.

1: Very low dominance (e.g., feeling dominated, significantly submissive)
2: Moderately low dominance (e.g., somewhat submissive, slightly dominated)
3: Neutral dominance (e.g., feeling neither in control nor dominated)
4: Moderately high dominance (e.g., feeling somewhat in control, slightly assertive)
5: Extremely high dominance (e.g., feeling very powerful, completely in control)

Now, assume you are a normal human. Say one line of natural dialogue based on the following keywords. Just add connective words and do not add any new information to the output sentence.

For example: 

Emotion: Valence: 5, Arousal: 4, Dominance: 3
Keywords: running,marathon, first
Dialogue: Running my first marathon felt like such a huge accomplishment!

Emotion: Valence: 2, Arousal: 2, Dominance: 2
Keywords: banana, plant, brown
Dialogue: It really sucks that my banana plant is turning brown

Emotion: Valence: 4, Arousal: 5, Dominance: 4
Keywords: visit, parents, month
Dialogue: Im finally going to visit my parents next month!

Now, respond to the following:
Emotion: Valence: 4, Arousal: 4, Dominance: 2 
Keywords: great, place, korean
Dialogue: This korean place is really great! 

Note: The output should have the same keywords and same meaning as the input dialogue, but in a more natural and casual tone. 

Emotion: Valence: 4, Arousal: 4, Dominance: 2 
Keywords: great, place, korean
Dialogue: I think this korean place is really great! 

The output is more casual because it uses the phrase I think"
114,gpt_4,conversation,"great, place, korean",VAD_Numeric,proud,5.0,4.0,3.0,,,,,"Valence refers to the intrinsic attractiveness or averseness of an event, object, or situation. In the context of emotions in text, valence represents the positivity or negativity of the emotion expressed. For example, words like ""happy,"" ""joyful,"" or ""excited"" have positive valence, whereas words like ""sad,"" ""angry,"" or ""frustrated"" have negative valence.
It essentially measures the degree of pleasantness or unpleasantness of the emotion.

1: Very negative (e.g., strong dislike, significant frustration)
2: Moderately negative (e.g., mild annoyance, slight disappointment)
3: Neutral (e.g., indifferent, no strong emotional reaction)
4: Moderately positive (e.g., mild pleasure, slight happiness)
5: Extremely positive (e.g., intense joy, deep love)                        

Arousal indicates the level of alertness, excitement, or energy associated with an emotion. It ranges from high arousal (e.g., excitement, anger) to low arousal (e.g., calm, boredom). In text, high-arousal words might include ""thrilled,"" ""furious,"" or ""ecstatic,"" while low-arousal words could be ""relaxed,"" ""content,"" or ""lethargic.""
This dimension measures how stimulating or soothing the emotional state is.

1: Very low arousal (e.g., very calm, almost drowsy)
2: Moderately low arousal (e.g., relaxed, slightly tired)
3: Neutral arousal (e.g., alert but not excited, calm)
4: Moderately high arousal (e.g., interested, mildly excited)
5: Extremely high arousal (e.g., highly excited, very agitated)

Dominance reflects the degree of control, influence, or power that one feels in a particular emotional state. High dominance implies feelings of control and empowerment, while low dominance suggests feelings of submissiveness or lack of control. In text, emotions like ""confident,"" ""powerful,"" or ""authoritative"" would have high dominance, whereas ""helpless,"" ""weak,"" or ""submissive"" would have low dominance.
It gauges the extent to which an individual feels in control or overpowered by the emotion.

1: Very low dominance (e.g., feeling dominated, significantly submissive)
2: Moderately low dominance (e.g., somewhat submissive, slightly dominated)
3: Neutral dominance (e.g., feeling neither in control nor dominated)
4: Moderately high dominance (e.g., feeling somewhat in control, slightly assertive)
5: Extremely high dominance (e.g., feeling very powerful, completely in control)

Now, assume you are a normal human. Say one line of natural dialogue based on the following keywords. Just add connective words and do not add any new information to the output sentence.

For example: 

Emotion: Valence: 5, Arousal: 4, Dominance: 3
Keywords: 'running', 'marathon', 'first'
Dialogue: Running my first marathon felt like such a huge accomplishment!

Emotion: Valence: 2, Arousal: 2, Dominance: 2
Keywords: 'banana', 'plant', 'brown'
Dialogue: It really sucks that my banana plant is turning brown

Emotion: Valence: 4, Arousal: 5, Dominance: 4
Keywords: ""visit"", ""parents"", ""month""
Dialogue: I'm finally going to visit my parents next month!

Now, respond to the following:
Emotion: Valence: 5, Arousal: 4, Dominance: 3 
Keywords: 'great', 'place', 'korean'
Dialogue:","Valence refers to the intrinsic attractiveness or averseness of an event, object, or situation. In the context of emotions in text, valence represents the positivity or negativity of the emotion expressed. For example, words like happy, joyful, or excited have positive valence, whereas words like sad, angry, or frustrated have negative valence.
It essentially measures the degree of pleasantness or unpleasantness of the emotion.

1: Very negative (e.g., strong dislike, significant frustration)
2: Moderately negative (e.g., mild annoyance, slight disappointment)
3: Neutral (e.g., indifferent, no strong emotional reaction)
4: Moderately positive (e.g., mild pleasure, slight happiness)
5: Extremely positive (e.g., intense joy, deep love)                        

Arousal indicates the level of alertness, excitement, or energy associated with an emotion. It ranges from high arousal (e.g., excitement, anger) to low arousal (e.g., calm, boredom). In text, high-arousal words might include thrilled, furious, or ecstatic, while low-arousal words could be relaxed, content, or lethargic.
This dimension measures how stimulating or soothing the emotional state is.

1: Very low arousal (e.g., very calm, almost drowsy)
2: Moderately low arousal (e.g., relaxed, slightly tired)
3: Neutral arousal (e.g., alert but not excited, calm)
4: Moderately high arousal (e.g., interested, mildly excited)
5: Extremely high arousal (e.g., highly excited, very agitated)

Dominance reflects the degree of control, influence, or power that one feels in a particular emotional state. High dominance implies feelings of control and empowerment, while low dominance suggests feelings of submissiveness or lack of control. In text, emotions like confident, powerful, or authoritative would have high dominance, whereas helpless, weak, or submissive would have low dominance.
It gauges the extent to which an individual feels in control or overpowered by the emotion.

1: Very low dominance (e.g., feeling dominated, significantly submissive)
2: Moderately low dominance (e.g., somewhat submissive, slightly dominated)
3: Neutral dominance (e.g., feeling neither in control nor dominated)
4: Moderately high dominance (e.g., feeling somewhat in control, slightly assertive)
5: Extremely high dominance (e.g., feeling very powerful, completely in control)

Now, assume you are a normal human. Say one line of natural dialogue based on the following keywords. Just add connective words and do not add any new information to the output sentence.

For example: 

Emotion: Valence: 5, Arousal: 4, Dominance: 3
Keywords: running,marathon, first
Dialogue: Running my first marathon felt like such a huge accomplishment!

Emotion: Valence: 2, Arousal: 2, Dominance: 2
Keywords: banana, plant, brown
Dialogue: It really sucks that my banana plant is turning brown

Emotion: Valence: 4, Arousal: 5, Dominance: 4
Keywords: visit, parents, month
Dialogue: Im finally going to visit my parents next month!

Now, respond to the following:
Emotion: Valence: 5, Arousal: 4, Dominance: 3 
Keywords: great, place, korean
Dialogue: 

Great korean place!"
115,gpt_4,conversation,"great, place, korean",VAD_Numeric,anxious,3.0,4.0,2.0,,,,,"Valence refers to the intrinsic attractiveness or averseness of an event, object, or situation. In the context of emotions in text, valence represents the positivity or negativity of the emotion expressed. For example, words like ""happy,"" ""joyful,"" or ""excited"" have positive valence, whereas words like ""sad,"" ""angry,"" or ""frustrated"" have negative valence.
It essentially measures the degree of pleasantness or unpleasantness of the emotion.

1: Very negative (e.g., strong dislike, significant frustration)
2: Moderately negative (e.g., mild annoyance, slight disappointment)
3: Neutral (e.g., indifferent, no strong emotional reaction)
4: Moderately positive (e.g., mild pleasure, slight happiness)
5: Extremely positive (e.g., intense joy, deep love)                        

Arousal indicates the level of alertness, excitement, or energy associated with an emotion. It ranges from high arousal (e.g., excitement, anger) to low arousal (e.g., calm, boredom). In text, high-arousal words might include ""thrilled,"" ""furious,"" or ""ecstatic,"" while low-arousal words could be ""relaxed,"" ""content,"" or ""lethargic.""
This dimension measures how stimulating or soothing the emotional state is.

1: Very low arousal (e.g., very calm, almost drowsy)
2: Moderately low arousal (e.g., relaxed, slightly tired)
3: Neutral arousal (e.g., alert but not excited, calm)
4: Moderately high arousal (e.g., interested, mildly excited)
5: Extremely high arousal (e.g., highly excited, very agitated)

Dominance reflects the degree of control, influence, or power that one feels in a particular emotional state. High dominance implies feelings of control and empowerment, while low dominance suggests feelings of submissiveness or lack of control. In text, emotions like ""confident,"" ""powerful,"" or ""authoritative"" would have high dominance, whereas ""helpless,"" ""weak,"" or ""submissive"" would have low dominance.
It gauges the extent to which an individual feels in control or overpowered by the emotion.

1: Very low dominance (e.g., feeling dominated, significantly submissive)
2: Moderately low dominance (e.g., somewhat submissive, slightly dominated)
3: Neutral dominance (e.g., feeling neither in control nor dominated)
4: Moderately high dominance (e.g., feeling somewhat in control, slightly assertive)
5: Extremely high dominance (e.g., feeling very powerful, completely in control)

Now, assume you are a normal human. Say one line of natural dialogue based on the following keywords. Just add connective words and do not add any new information to the output sentence.

For example: 

Emotion: Valence: 5, Arousal: 4, Dominance: 3
Keywords: 'running', 'marathon', 'first'
Dialogue: Running my first marathon felt like such a huge accomplishment!

Emotion: Valence: 2, Arousal: 2, Dominance: 2
Keywords: 'banana', 'plant', 'brown'
Dialogue: It really sucks that my banana plant is turning brown

Emotion: Valence: 4, Arousal: 5, Dominance: 4
Keywords: ""visit"", ""parents"", ""month""
Dialogue: I'm finally going to visit my parents next month!

Now, respond to the following:
Emotion: Valence: 3, Arousal: 4, Dominance: 2 
Keywords: 'great', 'place', 'korean'
Dialogue:","Valence refers to the intrinsic attractiveness or averseness of an event, object, or situation. In the context of emotions in text, valence represents the positivity or negativity of the emotion expressed. For example, words like happy, joyful, or excited have positive valence, whereas words like sad, angry, or frustrated have negative valence.
It essentially measures the degree of pleasantness or unpleasantness of the emotion.

1: Very negative (e.g., strong dislike, significant frustration)
2: Moderately negative (e.g., mild annoyance, slight disappointment)
3: Neutral (e.g., indifferent, no strong emotional reaction)
4: Moderately positive (e.g., mild pleasure, slight happiness)
5: Extremely positive (e.g., intense joy, deep love)                        

Arousal indicates the level of alertness, excitement, or energy associated with an emotion. It ranges from high arousal (e.g., excitement, anger) to low arousal (e.g., calm, boredom). In text, high-arousal words might include thrilled, furious, or ecstatic, while low-arousal words could be relaxed, content, or lethargic.
This dimension measures how stimulating or soothing the emotional state is.

1: Very low arousal (e.g., very calm, almost drowsy)
2: Moderately low arousal (e.g., relaxed, slightly tired)
3: Neutral arousal (e.g., alert but not excited, calm)
4: Moderately high arousal (e.g., interested, mildly excited)
5: Extremely high arousal (e.g., highly excited, very agitated)

Dominance reflects the degree of control, influence, or power that one feels in a particular emotional state. High dominance implies feelings of control and empowerment, while low dominance suggests feelings of submissiveness or lack of control. In text, emotions like confident, powerful, or authoritative would have high dominance, whereas helpless, weak, or submissive would have low dominance.
It gauges the extent to which an individual feels in control or overpowered by the emotion.

1: Very low dominance (e.g., feeling dominated, significantly submissive)
2: Moderately low dominance (e.g., somewhat submissive, slightly dominated)
3: Neutral dominance (e.g., feeling neither in control nor dominated)
4: Moderately high dominance (e.g., feeling somewhat in control, slightly assertive)
5: Extremely high dominance (e.g., feeling very powerful, completely in control)

Now, assume you are a normal human. Say one line of natural dialogue based on the following keywords. Just add connective words and do not add any new information to the output sentence.

For example: 

Emotion: Valence: 5, Arousal: 4, Dominance: 3
Keywords: running,marathon, first
Dialogue: Running my first marathon felt like such a huge accomplishment!

Emotion: Valence: 2, Arousal: 2, Dominance: 2
Keywords: banana, plant, brown
Dialogue: It really sucks that my banana plant is turning brown

Emotion: Valence: 4, Arousal: 5, Dominance: 4
Keywords: visit, parents, month
Dialogue: Im finally going to visit my parents next month!

Now, respond to the following:
Emotion: Valence: 3, Arousal: 4, Dominance: 2 
Keywords: great, place, korean
Dialogue: 

Running my first marathon felt like such a huge accomplishment! It really sucks that my banana plant is turning brown Im finally going to visit my parents next month! Korea is a great place! 

is not correct because it has new information (Korea is a great place!).

Here is the correct answer:
 
It really sucks that my banana plant is turning brown Im finally going to visit my parents next month! Korea is a great place is not correct. Here"
116,gpt_4,conversation,"great, place, korean",VAD_Numeric,afraid,1.0,3.0,2.0,,,,,"Valence refers to the intrinsic attractiveness or averseness of an event, object, or situation. In the context of emotions in text, valence represents the positivity or negativity of the emotion expressed. For example, words like ""happy,"" ""joyful,"" or ""excited"" have positive valence, whereas words like ""sad,"" ""angry,"" or ""frustrated"" have negative valence.
It essentially measures the degree of pleasantness or unpleasantness of the emotion.

1: Very negative (e.g., strong dislike, significant frustration)
2: Moderately negative (e.g., mild annoyance, slight disappointment)
3: Neutral (e.g., indifferent, no strong emotional reaction)
4: Moderately positive (e.g., mild pleasure, slight happiness)
5: Extremely positive (e.g., intense joy, deep love)                        

Arousal indicates the level of alertness, excitement, or energy associated with an emotion. It ranges from high arousal (e.g., excitement, anger) to low arousal (e.g., calm, boredom). In text, high-arousal words might include ""thrilled,"" ""furious,"" or ""ecstatic,"" while low-arousal words could be ""relaxed,"" ""content,"" or ""lethargic.""
This dimension measures how stimulating or soothing the emotional state is.

1: Very low arousal (e.g., very calm, almost drowsy)
2: Moderately low arousal (e.g., relaxed, slightly tired)
3: Neutral arousal (e.g., alert but not excited, calm)
4: Moderately high arousal (e.g., interested, mildly excited)
5: Extremely high arousal (e.g., highly excited, very agitated)

Dominance reflects the degree of control, influence, or power that one feels in a particular emotional state. High dominance implies feelings of control and empowerment, while low dominance suggests feelings of submissiveness or lack of control. In text, emotions like ""confident,"" ""powerful,"" or ""authoritative"" would have high dominance, whereas ""helpless,"" ""weak,"" or ""submissive"" would have low dominance.
It gauges the extent to which an individual feels in control or overpowered by the emotion.

1: Very low dominance (e.g., feeling dominated, significantly submissive)
2: Moderately low dominance (e.g., somewhat submissive, slightly dominated)
3: Neutral dominance (e.g., feeling neither in control nor dominated)
4: Moderately high dominance (e.g., feeling somewhat in control, slightly assertive)
5: Extremely high dominance (e.g., feeling very powerful, completely in control)

Now, assume you are a normal human. Say one line of natural dialogue based on the following keywords. Just add connective words and do not add any new information to the output sentence.

For example: 

Emotion: Valence: 5, Arousal: 4, Dominance: 3
Keywords: 'running', 'marathon', 'first'
Dialogue: Running my first marathon felt like such a huge accomplishment!

Emotion: Valence: 2, Arousal: 2, Dominance: 2
Keywords: 'banana', 'plant', 'brown'
Dialogue: It really sucks that my banana plant is turning brown

Emotion: Valence: 4, Arousal: 5, Dominance: 4
Keywords: ""visit"", ""parents"", ""month""
Dialogue: I'm finally going to visit my parents next month!

Now, respond to the following:
Emotion: Valence: 1, Arousal: 3, Dominance: 2 
Keywords: 'great', 'place', 'korean'
Dialogue:","Valence refers to the intrinsic attractiveness or averseness of an event, object, or situation. In the context of emotions in text, valence represents the positivity or negativity of the emotion expressed. For example, words like happy, joyful, or excited have positive valence, whereas words like sad, angry, or frustrated have negative valence.
It essentially measures the degree of pleasantness or unpleasantness of the emotion.

1: Very negative (e.g., strong dislike, significant frustration)
2: Moderately negative (e.g., mild annoyance, slight disappointment)
3: Neutral (e.g., indifferent, no strong emotional reaction)
4: Moderately positive (e.g., mild pleasure, slight happiness)
5: Extremely positive (e.g., intense joy, deep love)                        

Arousal indicates the level of alertness, excitement, or energy associated with an emotion. It ranges from high arousal (e.g., excitement, anger) to low arousal (e.g., calm, boredom). In text, high-arousal words might include thrilled, furious, or ecstatic, while low-arousal words could be relaxed, content, or lethargic.
This dimension measures how stimulating or soothing the emotional state is.

1: Very low arousal (e.g., very calm, almost drowsy)
2: Moderately low arousal (e.g., relaxed, slightly tired)
3: Neutral arousal (e.g., alert but not excited, calm)
4: Moderately high arousal (e.g., interested, mildly excited)
5: Extremely high arousal (e.g., highly excited, very agitated)

Dominance reflects the degree of control, influence, or power that one feels in a particular emotional state. High dominance implies feelings of control and empowerment, while low dominance suggests feelings of submissiveness or lack of control. In text, emotions like confident, powerful, or authoritative would have high dominance, whereas helpless, weak, or submissive would have low dominance.
It gauges the extent to which an individual feels in control or overpowered by the emotion.

1: Very low dominance (e.g., feeling dominated, significantly submissive)
2: Moderately low dominance (e.g., somewhat submissive, slightly dominated)
3: Neutral dominance (e.g., feeling neither in control nor dominated)
4: Moderately high dominance (e.g., feeling somewhat in control, slightly assertive)
5: Extremely high dominance (e.g., feeling very powerful, completely in control)

Now, assume you are a normal human. Say one line of natural dialogue based on the following keywords. Just add connective words and do not add any new information to the output sentence.

For example: 

Emotion: Valence: 5, Arousal: 4, Dominance: 3
Keywords: running,marathon, first
Dialogue: Running my first marathon felt like such a huge accomplishment!

Emotion: Valence: 2, Arousal: 2, Dominance: 2
Keywords: banana, plant, brown
Dialogue: It really sucks that my banana plant is turning brown

Emotion: Valence: 4, Arousal: 5, Dominance: 4
Keywords: visit, parents, month
Dialogue: Im finally going to visit my parents next month!

Now, respond to the following:
Emotion: Valence: 1, Arousal: 3, Dominance: 2 
Keywords: great, place, korean
Dialogue:?


## Step 1: Determine the valence of the dialogue
The valence is given as 1, which means the dialogue has a very negative emotional tone.

## Step 2: Determine the arousal of the dialogue
The arousal is given as 3, which means the dialogue has a moderately high level of alertness or excitement.

## Step 3: Determine the dominance of the dialogue
The dominance is given as 2, which means the dialogue has a"
117,gpt_4,conversation,"great, place, korean",VAD_Numeric,terrified,1.0,5.0,2.0,,,,,"Valence refers to the intrinsic attractiveness or averseness of an event, object, or situation. In the context of emotions in text, valence represents the positivity or negativity of the emotion expressed. For example, words like ""happy,"" ""joyful,"" or ""excited"" have positive valence, whereas words like ""sad,"" ""angry,"" or ""frustrated"" have negative valence.
It essentially measures the degree of pleasantness or unpleasantness of the emotion.

1: Very negative (e.g., strong dislike, significant frustration)
2: Moderately negative (e.g., mild annoyance, slight disappointment)
3: Neutral (e.g., indifferent, no strong emotional reaction)
4: Moderately positive (e.g., mild pleasure, slight happiness)
5: Extremely positive (e.g., intense joy, deep love)                        

Arousal indicates the level of alertness, excitement, or energy associated with an emotion. It ranges from high arousal (e.g., excitement, anger) to low arousal (e.g., calm, boredom). In text, high-arousal words might include ""thrilled,"" ""furious,"" or ""ecstatic,"" while low-arousal words could be ""relaxed,"" ""content,"" or ""lethargic.""
This dimension measures how stimulating or soothing the emotional state is.

1: Very low arousal (e.g., very calm, almost drowsy)
2: Moderately low arousal (e.g., relaxed, slightly tired)
3: Neutral arousal (e.g., alert but not excited, calm)
4: Moderately high arousal (e.g., interested, mildly excited)
5: Extremely high arousal (e.g., highly excited, very agitated)

Dominance reflects the degree of control, influence, or power that one feels in a particular emotional state. High dominance implies feelings of control and empowerment, while low dominance suggests feelings of submissiveness or lack of control. In text, emotions like ""confident,"" ""powerful,"" or ""authoritative"" would have high dominance, whereas ""helpless,"" ""weak,"" or ""submissive"" would have low dominance.
It gauges the extent to which an individual feels in control or overpowered by the emotion.

1: Very low dominance (e.g., feeling dominated, significantly submissive)
2: Moderately low dominance (e.g., somewhat submissive, slightly dominated)
3: Neutral dominance (e.g., feeling neither in control nor dominated)
4: Moderately high dominance (e.g., feeling somewhat in control, slightly assertive)
5: Extremely high dominance (e.g., feeling very powerful, completely in control)

Now, assume you are a normal human. Say one line of natural dialogue based on the following keywords. Just add connective words and do not add any new information to the output sentence.

For example: 

Emotion: Valence: 5, Arousal: 4, Dominance: 3
Keywords: 'running', 'marathon', 'first'
Dialogue: Running my first marathon felt like such a huge accomplishment!

Emotion: Valence: 2, Arousal: 2, Dominance: 2
Keywords: 'banana', 'plant', 'brown'
Dialogue: It really sucks that my banana plant is turning brown

Emotion: Valence: 4, Arousal: 5, Dominance: 4
Keywords: ""visit"", ""parents"", ""month""
Dialogue: I'm finally going to visit my parents next month!

Now, respond to the following:
Emotion: Valence: 1, Arousal: 5, Dominance: 2 
Keywords: 'great', 'place', 'korean'
Dialogue:","Valence refers to the intrinsic attractiveness or averseness of an event, object, or situation. In the context of emotions in text, valence represents the positivity or negativity of the emotion expressed. For example, words like happy, joyful, or excited have positive valence, whereas words like sad, angry, or frustrated have negative valence.
It essentially measures the degree of pleasantness or unpleasantness of the emotion.

1: Very negative (e.g., strong dislike, significant frustration)
2: Moderately negative (e.g., mild annoyance, slight disappointment)
3: Neutral (e.g., indifferent, no strong emotional reaction)
4: Moderately positive (e.g., mild pleasure, slight happiness)
5: Extremely positive (e.g., intense joy, deep love)                        

Arousal indicates the level of alertness, excitement, or energy associated with an emotion. It ranges from high arousal (e.g., excitement, anger) to low arousal (e.g., calm, boredom). In text, high-arousal words might include thrilled, furious, or ecstatic, while low-arousal words could be relaxed, content, or lethargic.
This dimension measures how stimulating or soothing the emotional state is.

1: Very low arousal (e.g., very calm, almost drowsy)
2: Moderately low arousal (e.g., relaxed, slightly tired)
3: Neutral arousal (e.g., alert but not excited, calm)
4: Moderately high arousal (e.g., interested, mildly excited)
5: Extremely high arousal (e.g., highly excited, very agitated)

Dominance reflects the degree of control, influence, or power that one feels in a particular emotional state. High dominance implies feelings of control and empowerment, while low dominance suggests feelings of submissiveness or lack of control. In text, emotions like confident, powerful, or authoritative would have high dominance, whereas helpless, weak, or submissive would have low dominance.
It gauges the extent to which an individual feels in control or overpowered by the emotion.

1: Very low dominance (e.g., feeling dominated, significantly submissive)
2: Moderately low dominance (e.g., somewhat submissive, slightly dominated)
3: Neutral dominance (e.g., feeling neither in control nor dominated)
4: Moderately high dominance (e.g., feeling somewhat in control, slightly assertive)
5: Extremely high dominance (e.g., feeling very powerful, completely in control)

Now, assume you are a normal human. Say one line of natural dialogue based on the following keywords. Just add connective words and do not add any new information to the output sentence.

For example: 

Emotion: Valence: 5, Arousal: 4, Dominance: 3
Keywords: running,marathon, first
Dialogue: Running my first marathon felt like such a huge accomplishment!

Emotion: Valence: 2, Arousal: 2, Dominance: 2
Keywords: banana, plant, brown
Dialogue: It really sucks that my banana plant is turning brown

Emotion: Valence: 4, Arousal: 5, Dominance: 4
Keywords: visit, parents, month
Dialogue: Im finally going to visit my parents next month!

Now, respond to the following:
Emotion: Valence: 1, Arousal: 5, Dominance: 2 
Keywords: great, place, korean
Dialogue: Living in this great Korean place feels so utterly frustrating! 

Please respond with a one-line dialogue based on the provided keywords and Emotion, Arousal and Dominance dimensions. Do not add any new information. 

Dialogue: Living in this great Korean place feels so utterly frustrating!"
118,gpt_4,conversation,"great, place, korean",VAD_Numeric,annoyed,2.0,3.0,3.0,,,,,"Valence refers to the intrinsic attractiveness or averseness of an event, object, or situation. In the context of emotions in text, valence represents the positivity or negativity of the emotion expressed. For example, words like ""happy,"" ""joyful,"" or ""excited"" have positive valence, whereas words like ""sad,"" ""angry,"" or ""frustrated"" have negative valence.
It essentially measures the degree of pleasantness or unpleasantness of the emotion.

1: Very negative (e.g., strong dislike, significant frustration)
2: Moderately negative (e.g., mild annoyance, slight disappointment)
3: Neutral (e.g., indifferent, no strong emotional reaction)
4: Moderately positive (e.g., mild pleasure, slight happiness)
5: Extremely positive (e.g., intense joy, deep love)                        

Arousal indicates the level of alertness, excitement, or energy associated with an emotion. It ranges from high arousal (e.g., excitement, anger) to low arousal (e.g., calm, boredom). In text, high-arousal words might include ""thrilled,"" ""furious,"" or ""ecstatic,"" while low-arousal words could be ""relaxed,"" ""content,"" or ""lethargic.""
This dimension measures how stimulating or soothing the emotional state is.

1: Very low arousal (e.g., very calm, almost drowsy)
2: Moderately low arousal (e.g., relaxed, slightly tired)
3: Neutral arousal (e.g., alert but not excited, calm)
4: Moderately high arousal (e.g., interested, mildly excited)
5: Extremely high arousal (e.g., highly excited, very agitated)

Dominance reflects the degree of control, influence, or power that one feels in a particular emotional state. High dominance implies feelings of control and empowerment, while low dominance suggests feelings of submissiveness or lack of control. In text, emotions like ""confident,"" ""powerful,"" or ""authoritative"" would have high dominance, whereas ""helpless,"" ""weak,"" or ""submissive"" would have low dominance.
It gauges the extent to which an individual feels in control or overpowered by the emotion.

1: Very low dominance (e.g., feeling dominated, significantly submissive)
2: Moderately low dominance (e.g., somewhat submissive, slightly dominated)
3: Neutral dominance (e.g., feeling neither in control nor dominated)
4: Moderately high dominance (e.g., feeling somewhat in control, slightly assertive)
5: Extremely high dominance (e.g., feeling very powerful, completely in control)

Now, assume you are a normal human. Say one line of natural dialogue based on the following keywords. Just add connective words and do not add any new information to the output sentence.

For example: 

Emotion: Valence: 5, Arousal: 4, Dominance: 3
Keywords: 'running', 'marathon', 'first'
Dialogue: Running my first marathon felt like such a huge accomplishment!

Emotion: Valence: 2, Arousal: 2, Dominance: 2
Keywords: 'banana', 'plant', 'brown'
Dialogue: It really sucks that my banana plant is turning brown

Emotion: Valence: 4, Arousal: 5, Dominance: 4
Keywords: ""visit"", ""parents"", ""month""
Dialogue: I'm finally going to visit my parents next month!

Now, respond to the following:
Emotion: Valence: 2, Arousal: 3, Dominance: 3 
Keywords: 'great', 'place', 'korean'
Dialogue:","Valence refers to the intrinsic attractiveness or averseness of an event, object, or situation. In the context of emotions in text, valence represents the positivity or negativity of the emotion expressed. For example, words like happy, joyful, or excited have positive valence, whereas words like sad, angry, or frustrated have negative valence.
It essentially measures the degree of pleasantness or unpleasantness of the emotion.

1: Very negative (e.g., strong dislike, significant frustration)
2: Moderately negative (e.g., mild annoyance, slight disappointment)
3: Neutral (e.g., indifferent, no strong emotional reaction)
4: Moderately positive (e.g., mild pleasure, slight happiness)
5: Extremely positive (e.g., intense joy, deep love)                        

Arousal indicates the level of alertness, excitement, or energy associated with an emotion. It ranges from high arousal (e.g., excitement, anger) to low arousal (e.g., calm, boredom). In text, high-arousal words might include thrilled, furious, or ecstatic, while low-arousal words could be relaxed, content, or lethargic.
This dimension measures how stimulating or soothing the emotional state is.

1: Very low arousal (e.g., very calm, almost drowsy)
2: Moderately low arousal (e.g., relaxed, slightly tired)
3: Neutral arousal (e.g., alert but not excited, calm)
4: Moderately high arousal (e.g., interested, mildly excited)
5: Extremely high arousal (e.g., highly excited, very agitated)

Dominance reflects the degree of control, influence, or power that one feels in a particular emotional state. High dominance implies feelings of control and empowerment, while low dominance suggests feelings of submissiveness or lack of control. In text, emotions like confident, powerful, or authoritative would have high dominance, whereas helpless, weak, or submissive would have low dominance.
It gauges the extent to which an individual feels in control or overpowered by the emotion.

1: Very low dominance (e.g., feeling dominated, significantly submissive)
2: Moderately low dominance (e.g., somewhat submissive, slightly dominated)
3: Neutral dominance (e.g., feeling neither in control nor dominated)
4: Moderately high dominance (e.g., feeling somewhat in control, slightly assertive)
5: Extremely high dominance (e.g., feeling very powerful, completely in control)

Now, assume you are a normal human. Say one line of natural dialogue based on the following keywords. Just add connective words and do not add any new information to the output sentence.

For example: 

Emotion: Valence: 5, Arousal: 4, Dominance: 3
Keywords: running,marathon, first
Dialogue: Running my first marathon felt like such a huge accomplishment!

Emotion: Valence: 2, Arousal: 2, Dominance: 2
Keywords: banana, plant, brown
Dialogue: It really sucks that my banana plant is turning brown

Emotion: Valence: 4, Arousal: 5, Dominance: 4
Keywords: visit, parents, month
Dialogue: Im finally going to visit my parents next month!

Now, respond to the following:
Emotion: Valence: 2, Arousal: 3, Dominance: 3 
Keywords: great, place, korean
Dialogue: _______________________

Emotion: Valence: 2, Arousal: 3, Dominance: 3 
Keywords: great, place, korean
Dialogue: This korean place is not so great 

Note: The keywords are great, place, korean. The valence is 2 (Moderately negative), the arousal is 3 (Moderately high), and the dominance is 3 (Neutral). So"
119,gpt_4,conversation,"great, place, korean",VAD_Numeric,angry,1.0,4.0,3.0,,,,,"Valence refers to the intrinsic attractiveness or averseness of an event, object, or situation. In the context of emotions in text, valence represents the positivity or negativity of the emotion expressed. For example, words like ""happy,"" ""joyful,"" or ""excited"" have positive valence, whereas words like ""sad,"" ""angry,"" or ""frustrated"" have negative valence.
It essentially measures the degree of pleasantness or unpleasantness of the emotion.

1: Very negative (e.g., strong dislike, significant frustration)
2: Moderately negative (e.g., mild annoyance, slight disappointment)
3: Neutral (e.g., indifferent, no strong emotional reaction)
4: Moderately positive (e.g., mild pleasure, slight happiness)
5: Extremely positive (e.g., intense joy, deep love)                        

Arousal indicates the level of alertness, excitement, or energy associated with an emotion. It ranges from high arousal (e.g., excitement, anger) to low arousal (e.g., calm, boredom). In text, high-arousal words might include ""thrilled,"" ""furious,"" or ""ecstatic,"" while low-arousal words could be ""relaxed,"" ""content,"" or ""lethargic.""
This dimension measures how stimulating or soothing the emotional state is.

1: Very low arousal (e.g., very calm, almost drowsy)
2: Moderately low arousal (e.g., relaxed, slightly tired)
3: Neutral arousal (e.g., alert but not excited, calm)
4: Moderately high arousal (e.g., interested, mildly excited)
5: Extremely high arousal (e.g., highly excited, very agitated)

Dominance reflects the degree of control, influence, or power that one feels in a particular emotional state. High dominance implies feelings of control and empowerment, while low dominance suggests feelings of submissiveness or lack of control. In text, emotions like ""confident,"" ""powerful,"" or ""authoritative"" would have high dominance, whereas ""helpless,"" ""weak,"" or ""submissive"" would have low dominance.
It gauges the extent to which an individual feels in control or overpowered by the emotion.

1: Very low dominance (e.g., feeling dominated, significantly submissive)
2: Moderately low dominance (e.g., somewhat submissive, slightly dominated)
3: Neutral dominance (e.g., feeling neither in control nor dominated)
4: Moderately high dominance (e.g., feeling somewhat in control, slightly assertive)
5: Extremely high dominance (e.g., feeling very powerful, completely in control)

Now, assume you are a normal human. Say one line of natural dialogue based on the following keywords. Just add connective words and do not add any new information to the output sentence.

For example: 

Emotion: Valence: 5, Arousal: 4, Dominance: 3
Keywords: 'running', 'marathon', 'first'
Dialogue: Running my first marathon felt like such a huge accomplishment!

Emotion: Valence: 2, Arousal: 2, Dominance: 2
Keywords: 'banana', 'plant', 'brown'
Dialogue: It really sucks that my banana plant is turning brown

Emotion: Valence: 4, Arousal: 5, Dominance: 4
Keywords: ""visit"", ""parents"", ""month""
Dialogue: I'm finally going to visit my parents next month!

Now, respond to the following:
Emotion: Valence: 1, Arousal: 4, Dominance: 3 
Keywords: 'great', 'place', 'korean'
Dialogue:","Valence refers to the intrinsic attractiveness or averseness of an event, object, or situation. In the context of emotions in text, valence represents the positivity or negativity of the emotion expressed. For example, words like happy, joyful, or excited have positive valence, whereas words like sad, angry, or frustrated have negative valence.
It essentially measures the degree of pleasantness or unpleasantness of the emotion.

1: Very negative (e.g., strong dislike, significant frustration)
2: Moderately negative (e.g., mild annoyance, slight disappointment)
3: Neutral (e.g., indifferent, no strong emotional reaction)
4: Moderately positive (e.g., mild pleasure, slight happiness)
5: Extremely positive (e.g., intense joy, deep love)                        

Arousal indicates the level of alertness, excitement, or energy associated with an emotion. It ranges from high arousal (e.g., excitement, anger) to low arousal (e.g., calm, boredom). In text, high-arousal words might include thrilled, furious, or ecstatic, while low-arousal words could be relaxed, content, or lethargic.
This dimension measures how stimulating or soothing the emotional state is.

1: Very low arousal (e.g., very calm, almost drowsy)
2: Moderately low arousal (e.g., relaxed, slightly tired)
3: Neutral arousal (e.g., alert but not excited, calm)
4: Moderately high arousal (e.g., interested, mildly excited)
5: Extremely high arousal (e.g., highly excited, very agitated)

Dominance reflects the degree of control, influence, or power that one feels in a particular emotional state. High dominance implies feelings of control and empowerment, while low dominance suggests feelings of submissiveness or lack of control. In text, emotions like confident, powerful, or authoritative would have high dominance, whereas helpless, weak, or submissive would have low dominance.
It gauges the extent to which an individual feels in control or overpowered by the emotion.

1: Very low dominance (e.g., feeling dominated, significantly submissive)
2: Moderately low dominance (e.g., somewhat submissive, slightly dominated)
3: Neutral dominance (e.g., feeling neither in control nor dominated)
4: Moderately high dominance (e.g., feeling somewhat in control, slightly assertive)
5: Extremely high dominance (e.g., feeling very powerful, completely in control)

Now, assume you are a normal human. Say one line of natural dialogue based on the following keywords. Just add connective words and do not add any new information to the output sentence.

For example: 

Emotion: Valence: 5, Arousal: 4, Dominance: 3
Keywords: running,marathon, first
Dialogue: Running my first marathon felt like such a huge accomplishment!

Emotion: Valence: 2, Arousal: 2, Dominance: 2
Keywords: banana, plant, brown
Dialogue: It really sucks that my banana plant is turning brown

Emotion: Valence: 4, Arousal: 5, Dominance: 4
Keywords: visit, parents, month
Dialogue: Im finally going to visit my parents next month!

Now, respond to the following:
Emotion: Valence: 1, Arousal: 4, Dominance: 3 
Keywords: great, place, korean
Dialogue: _______________________

Emotion: Valence: 1, Arousal: 4, Dominance: 3
Keywords: great, place, korean
Dialogue: Living in this great Korean place really feels so oppressive!

Emotion: Valence: 1, Arousal: 4, Dominance: 3
Keywords: great, place, korean
Dialogue: Living in this great Korean place really feels so oppressive"
120,gpt_4,conversation,"great, place, korean",VAD_Numeric,furious,2.0,5.0,4.0,,,,,"Valence refers to the intrinsic attractiveness or averseness of an event, object, or situation. In the context of emotions in text, valence represents the positivity or negativity of the emotion expressed. For example, words like ""happy,"" ""joyful,"" or ""excited"" have positive valence, whereas words like ""sad,"" ""angry,"" or ""frustrated"" have negative valence.
It essentially measures the degree of pleasantness or unpleasantness of the emotion.

1: Very negative (e.g., strong dislike, significant frustration)
2: Moderately negative (e.g., mild annoyance, slight disappointment)
3: Neutral (e.g., indifferent, no strong emotional reaction)
4: Moderately positive (e.g., mild pleasure, slight happiness)
5: Extremely positive (e.g., intense joy, deep love)                        

Arousal indicates the level of alertness, excitement, or energy associated with an emotion. It ranges from high arousal (e.g., excitement, anger) to low arousal (e.g., calm, boredom). In text, high-arousal words might include ""thrilled,"" ""furious,"" or ""ecstatic,"" while low-arousal words could be ""relaxed,"" ""content,"" or ""lethargic.""
This dimension measures how stimulating or soothing the emotional state is.

1: Very low arousal (e.g., very calm, almost drowsy)
2: Moderately low arousal (e.g., relaxed, slightly tired)
3: Neutral arousal (e.g., alert but not excited, calm)
4: Moderately high arousal (e.g., interested, mildly excited)
5: Extremely high arousal (e.g., highly excited, very agitated)

Dominance reflects the degree of control, influence, or power that one feels in a particular emotional state. High dominance implies feelings of control and empowerment, while low dominance suggests feelings of submissiveness or lack of control. In text, emotions like ""confident,"" ""powerful,"" or ""authoritative"" would have high dominance, whereas ""helpless,"" ""weak,"" or ""submissive"" would have low dominance.
It gauges the extent to which an individual feels in control or overpowered by the emotion.

1: Very low dominance (e.g., feeling dominated, significantly submissive)
2: Moderately low dominance (e.g., somewhat submissive, slightly dominated)
3: Neutral dominance (e.g., feeling neither in control nor dominated)
4: Moderately high dominance (e.g., feeling somewhat in control, slightly assertive)
5: Extremely high dominance (e.g., feeling very powerful, completely in control)

Now, assume you are a normal human. Say one line of natural dialogue based on the following keywords. Just add connective words and do not add any new information to the output sentence.

For example: 

Emotion: Valence: 5, Arousal: 4, Dominance: 3
Keywords: 'running', 'marathon', 'first'
Dialogue: Running my first marathon felt like such a huge accomplishment!

Emotion: Valence: 2, Arousal: 2, Dominance: 2
Keywords: 'banana', 'plant', 'brown'
Dialogue: It really sucks that my banana plant is turning brown

Emotion: Valence: 4, Arousal: 5, Dominance: 4
Keywords: ""visit"", ""parents"", ""month""
Dialogue: I'm finally going to visit my parents next month!

Now, respond to the following:
Emotion: Valence: 2, Arousal: 5, Dominance: 4 
Keywords: 'great', 'place', 'korean'
Dialogue:","Valence refers to the intrinsic attractiveness or averseness of an event, object, or situation. In the context of emotions in text, valence represents the positivity or negativity of the emotion expressed. For example, words like happy, joyful, or excited have positive valence, whereas words like sad, angry, or frustrated have negative valence.
It essentially measures the degree of pleasantness or unpleasantness of the emotion.

1: Very negative (e.g., strong dislike, significant frustration)
2: Moderately negative (e.g., mild annoyance, slight disappointment)
3: Neutral (e.g., indifferent, no strong emotional reaction)
4: Moderately positive (e.g., mild pleasure, slight happiness)
5: Extremely positive (e.g., intense joy, deep love)                        

Arousal indicates the level of alertness, excitement, or energy associated with an emotion. It ranges from high arousal (e.g., excitement, anger) to low arousal (e.g., calm, boredom). In text, high-arousal words might include thrilled, furious, or ecstatic, while low-arousal words could be relaxed, content, or lethargic.
This dimension measures how stimulating or soothing the emotional state is.

1: Very low arousal (e.g., very calm, almost drowsy)
2: Moderately low arousal (e.g., relaxed, slightly tired)
3: Neutral arousal (e.g., alert but not excited, calm)
4: Moderately high arousal (e.g., interested, mildly excited)
5: Extremely high arousal (e.g., highly excited, very agitated)

Dominance reflects the degree of control, influence, or power that one feels in a particular emotional state. High dominance implies feelings of control and empowerment, while low dominance suggests feelings of submissiveness or lack of control. In text, emotions like confident, powerful, or authoritative would have high dominance, whereas helpless, weak, or submissive would have low dominance.
It gauges the extent to which an individual feels in control or overpowered by the emotion.

1: Very low dominance (e.g., feeling dominated, significantly submissive)
2: Moderately low dominance (e.g., somewhat submissive, slightly dominated)
3: Neutral dominance (e.g., feeling neither in control nor dominated)
4: Moderately high dominance (e.g., feeling somewhat in control, slightly assertive)
5: Extremely high dominance (e.g., feeling very powerful, completely in control)

Now, assume you are a normal human. Say one line of natural dialogue based on the following keywords. Just add connective words and do not add any new information to the output sentence.

For example: 

Emotion: Valence: 5, Arousal: 4, Dominance: 3
Keywords: running,marathon, first
Dialogue: Running my first marathon felt like such a huge accomplishment!

Emotion: Valence: 2, Arousal: 2, Dominance: 2
Keywords: banana, plant, brown
Dialogue: It really sucks that my banana plant is turning brown

Emotion: Valence: 4, Arousal: 5, Dominance: 4
Keywords: visit, parents, month
Dialogue: Im finally going to visit my parents next month!

Now, respond to the following:
Emotion: Valence: 2, Arousal: 5, Dominance: 4 
Keywords: great, place, korean
Dialogue:?                         

Emotion: Valence: 2, Arousal: 5, Dominance: 4
Keywords: great, place, korean
Dialogue: Its really frustrating that this korean place isnt a great spot!                         

The final answer is: 
Its really frustrating that this korean place isnt a great spot!"
121,gpt_4,conversation,"great, place, korean",VAD_Numeric,sad,2.0,2.0,2.0,,,,,"Valence refers to the intrinsic attractiveness or averseness of an event, object, or situation. In the context of emotions in text, valence represents the positivity or negativity of the emotion expressed. For example, words like ""happy,"" ""joyful,"" or ""excited"" have positive valence, whereas words like ""sad,"" ""angry,"" or ""frustrated"" have negative valence.
It essentially measures the degree of pleasantness or unpleasantness of the emotion.

1: Very negative (e.g., strong dislike, significant frustration)
2: Moderately negative (e.g., mild annoyance, slight disappointment)
3: Neutral (e.g., indifferent, no strong emotional reaction)
4: Moderately positive (e.g., mild pleasure, slight happiness)
5: Extremely positive (e.g., intense joy, deep love)                        

Arousal indicates the level of alertness, excitement, or energy associated with an emotion. It ranges from high arousal (e.g., excitement, anger) to low arousal (e.g., calm, boredom). In text, high-arousal words might include ""thrilled,"" ""furious,"" or ""ecstatic,"" while low-arousal words could be ""relaxed,"" ""content,"" or ""lethargic.""
This dimension measures how stimulating or soothing the emotional state is.

1: Very low arousal (e.g., very calm, almost drowsy)
2: Moderately low arousal (e.g., relaxed, slightly tired)
3: Neutral arousal (e.g., alert but not excited, calm)
4: Moderately high arousal (e.g., interested, mildly excited)
5: Extremely high arousal (e.g., highly excited, very agitated)

Dominance reflects the degree of control, influence, or power that one feels in a particular emotional state. High dominance implies feelings of control and empowerment, while low dominance suggests feelings of submissiveness or lack of control. In text, emotions like ""confident,"" ""powerful,"" or ""authoritative"" would have high dominance, whereas ""helpless,"" ""weak,"" or ""submissive"" would have low dominance.
It gauges the extent to which an individual feels in control or overpowered by the emotion.

1: Very low dominance (e.g., feeling dominated, significantly submissive)
2: Moderately low dominance (e.g., somewhat submissive, slightly dominated)
3: Neutral dominance (e.g., feeling neither in control nor dominated)
4: Moderately high dominance (e.g., feeling somewhat in control, slightly assertive)
5: Extremely high dominance (e.g., feeling very powerful, completely in control)

Now, assume you are a normal human. Say one line of natural dialogue based on the following keywords. Just add connective words and do not add any new information to the output sentence.

For example: 

Emotion: Valence: 5, Arousal: 4, Dominance: 3
Keywords: 'running', 'marathon', 'first'
Dialogue: Running my first marathon felt like such a huge accomplishment!

Emotion: Valence: 2, Arousal: 2, Dominance: 2
Keywords: 'banana', 'plant', 'brown'
Dialogue: It really sucks that my banana plant is turning brown

Emotion: Valence: 4, Arousal: 5, Dominance: 4
Keywords: ""visit"", ""parents"", ""month""
Dialogue: I'm finally going to visit my parents next month!

Now, respond to the following:
Emotion: Valence: 2, Arousal: 2, Dominance: 2 
Keywords: 'great', 'place', 'korean'
Dialogue:","Valence refers to the intrinsic attractiveness or averseness of an event, object, or situation. In the context of emotions in text, valence represents the positivity or negativity of the emotion expressed. For example, words like happy, joyful, or excited have positive valence, whereas words like sad, angry, or frustrated have negative valence.
It essentially measures the degree of pleasantness or unpleasantness of the emotion.

1: Very negative (e.g., strong dislike, significant frustration)
2: Moderately negative (e.g., mild annoyance, slight disappointment)
3: Neutral (e.g., indifferent, no strong emotional reaction)
4: Moderately positive (e.g., mild pleasure, slight happiness)
5: Extremely positive (e.g., intense joy, deep love)                        

Arousal indicates the level of alertness, excitement, or energy associated with an emotion. It ranges from high arousal (e.g., excitement, anger) to low arousal (e.g., calm, boredom). In text, high-arousal words might include thrilled, furious, or ecstatic, while low-arousal words could be relaxed, content, or lethargic.
This dimension measures how stimulating or soothing the emotional state is.

1: Very low arousal (e.g., very calm, almost drowsy)
2: Moderately low arousal (e.g., relaxed, slightly tired)
3: Neutral arousal (e.g., alert but not excited, calm)
4: Moderately high arousal (e.g., interested, mildly excited)
5: Extremely high arousal (e.g., highly excited, very agitated)

Dominance reflects the degree of control, influence, or power that one feels in a particular emotional state. High dominance implies feelings of control and empowerment, while low dominance suggests feelings of submissiveness or lack of control. In text, emotions like confident, powerful, or authoritative would have high dominance, whereas helpless, weak, or submissive would have low dominance.
It gauges the extent to which an individual feels in control or overpowered by the emotion.

1: Very low dominance (e.g., feeling dominated, significantly submissive)
2: Moderately low dominance (e.g., somewhat submissive, slightly dominated)
3: Neutral dominance (e.g., feeling neither in control nor dominated)
4: Moderately high dominance (e.g., feeling somewhat in control, slightly assertive)
5: Extremely high dominance (e.g., feeling very powerful, completely in control)

Now, assume you are a normal human. Say one line of natural dialogue based on the following keywords. Just add connective words and do not add any new information to the output sentence.

For example: 

Emotion: Valence: 5, Arousal: 4, Dominance: 3
Keywords: running,marathon, first
Dialogue: Running my first marathon felt like such a huge accomplishment!

Emotion: Valence: 2, Arousal: 2, Dominance: 2
Keywords: banana, plant, brown
Dialogue: It really sucks that my banana plant is turning brown

Emotion: Valence: 4, Arousal: 5, Dominance: 4
Keywords: visit, parents, month
Dialogue: Im finally going to visit my parents next month!

Now, respond to the following:
Emotion: Valence: 2, Arousal: 2, Dominance: 2 
Keywords: great, place, korean
Dialogue: It really sucks that this great korean place is closed 

Note that the Emotion Valence Arousal and Dominance scores are already given to you. You just have to add connective words and do not add any new information to the dialogue sentence. 

1. Step 1: Determine the Emotion Valence
The Emotion Valence is given as 2 which means the sentence should express a moderately negative emotion.

2. Step 2: Determine the A"
122,gpt_4,conversation,"great, place, korean",VAD_Numeric,devastated,1.0,4.0,2.0,,,,,"Valence refers to the intrinsic attractiveness or averseness of an event, object, or situation. In the context of emotions in text, valence represents the positivity or negativity of the emotion expressed. For example, words like ""happy,"" ""joyful,"" or ""excited"" have positive valence, whereas words like ""sad,"" ""angry,"" or ""frustrated"" have negative valence.
It essentially measures the degree of pleasantness or unpleasantness of the emotion.

1: Very negative (e.g., strong dislike, significant frustration)
2: Moderately negative (e.g., mild annoyance, slight disappointment)
3: Neutral (e.g., indifferent, no strong emotional reaction)
4: Moderately positive (e.g., mild pleasure, slight happiness)
5: Extremely positive (e.g., intense joy, deep love)                        

Arousal indicates the level of alertness, excitement, or energy associated with an emotion. It ranges from high arousal (e.g., excitement, anger) to low arousal (e.g., calm, boredom). In text, high-arousal words might include ""thrilled,"" ""furious,"" or ""ecstatic,"" while low-arousal words could be ""relaxed,"" ""content,"" or ""lethargic.""
This dimension measures how stimulating or soothing the emotional state is.

1: Very low arousal (e.g., very calm, almost drowsy)
2: Moderately low arousal (e.g., relaxed, slightly tired)
3: Neutral arousal (e.g., alert but not excited, calm)
4: Moderately high arousal (e.g., interested, mildly excited)
5: Extremely high arousal (e.g., highly excited, very agitated)

Dominance reflects the degree of control, influence, or power that one feels in a particular emotional state. High dominance implies feelings of control and empowerment, while low dominance suggests feelings of submissiveness or lack of control. In text, emotions like ""confident,"" ""powerful,"" or ""authoritative"" would have high dominance, whereas ""helpless,"" ""weak,"" or ""submissive"" would have low dominance.
It gauges the extent to which an individual feels in control or overpowered by the emotion.

1: Very low dominance (e.g., feeling dominated, significantly submissive)
2: Moderately low dominance (e.g., somewhat submissive, slightly dominated)
3: Neutral dominance (e.g., feeling neither in control nor dominated)
4: Moderately high dominance (e.g., feeling somewhat in control, slightly assertive)
5: Extremely high dominance (e.g., feeling very powerful, completely in control)

Now, assume you are a normal human. Say one line of natural dialogue based on the following keywords. Just add connective words and do not add any new information to the output sentence.

For example: 

Emotion: Valence: 5, Arousal: 4, Dominance: 3
Keywords: 'running', 'marathon', 'first'
Dialogue: Running my first marathon felt like such a huge accomplishment!

Emotion: Valence: 2, Arousal: 2, Dominance: 2
Keywords: 'banana', 'plant', 'brown'
Dialogue: It really sucks that my banana plant is turning brown

Emotion: Valence: 4, Arousal: 5, Dominance: 4
Keywords: ""visit"", ""parents"", ""month""
Dialogue: I'm finally going to visit my parents next month!

Now, respond to the following:
Emotion: Valence: 1, Arousal: 4, Dominance: 2 
Keywords: 'great', 'place', 'korean'
Dialogue:","Valence refers to the intrinsic attractiveness or averseness of an event, object, or situation. In the context of emotions in text, valence represents the positivity or negativity of the emotion expressed. For example, words like happy, joyful, or excited have positive valence, whereas words like sad, angry, or frustrated have negative valence.
It essentially measures the degree of pleasantness or unpleasantness of the emotion.

1: Very negative (e.g., strong dislike, significant frustration)
2: Moderately negative (e.g., mild annoyance, slight disappointment)
3: Neutral (e.g., indifferent, no strong emotional reaction)
4: Moderately positive (e.g., mild pleasure, slight happiness)
5: Extremely positive (e.g., intense joy, deep love)                        

Arousal indicates the level of alertness, excitement, or energy associated with an emotion. It ranges from high arousal (e.g., excitement, anger) to low arousal (e.g., calm, boredom). In text, high-arousal words might include thrilled, furious, or ecstatic, while low-arousal words could be relaxed, content, or lethargic.
This dimension measures how stimulating or soothing the emotional state is.

1: Very low arousal (e.g., very calm, almost drowsy)
2: Moderately low arousal (e.g., relaxed, slightly tired)
3: Neutral arousal (e.g., alert but not excited, calm)
4: Moderately high arousal (e.g., interested, mildly excited)
5: Extremely high arousal (e.g., highly excited, very agitated)

Dominance reflects the degree of control, influence, or power that one feels in a particular emotional state. High dominance implies feelings of control and empowerment, while low dominance suggests feelings of submissiveness or lack of control. In text, emotions like confident, powerful, or authoritative would have high dominance, whereas helpless, weak, or submissive would have low dominance.
It gauges the extent to which an individual feels in control or overpowered by the emotion.

1: Very low dominance (e.g., feeling dominated, significantly submissive)
2: Moderately low dominance (e.g., somewhat submissive, slightly dominated)
3: Neutral dominance (e.g., feeling neither in control nor dominated)
4: Moderately high dominance (e.g., feeling somewhat in control, slightly assertive)
5: Extremely high dominance (e.g., feeling very powerful, completely in control)

Now, assume you are a normal human. Say one line of natural dialogue based on the following keywords. Just add connective words and do not add any new information to the output sentence.

For example: 

Emotion: Valence: 5, Arousal: 4, Dominance: 3
Keywords: running,marathon, first
Dialogue: Running my first marathon felt like such a huge accomplishment!

Emotion: Valence: 2, Arousal: 2, Dominance: 2
Keywords: banana, plant, brown
Dialogue: It really sucks that my banana plant is turning brown

Emotion: Valence: 4, Arousal: 5, Dominance: 4
Keywords: visit, parents, month
Dialogue: Im finally going to visit my parents next month!

Now, respond to the following:
Emotion: Valence: 1, Arousal: 4, Dominance: 2 
Keywords: great, place, korean
Dialogue: Its such a great place to live, but the korean restaurant down the street really sucks!                   

Note: The output should be just one line of natural dialogue. Do not add any new information to the output sentence. Just add connective words and make it a natural sentence based on the given keywords. 

## Step 1: Determine the emotion and tone of the sentence based on the given valence, arousal, and dominance values.
The valence value of"
123,gpt_4,conversation,"great, place, korean",VAD_Numeric,ashamed,2.0,3.0,2.0,,,,,"Valence refers to the intrinsic attractiveness or averseness of an event, object, or situation. In the context of emotions in text, valence represents the positivity or negativity of the emotion expressed. For example, words like ""happy,"" ""joyful,"" or ""excited"" have positive valence, whereas words like ""sad,"" ""angry,"" or ""frustrated"" have negative valence.
It essentially measures the degree of pleasantness or unpleasantness of the emotion.

1: Very negative (e.g., strong dislike, significant frustration)
2: Moderately negative (e.g., mild annoyance, slight disappointment)
3: Neutral (e.g., indifferent, no strong emotional reaction)
4: Moderately positive (e.g., mild pleasure, slight happiness)
5: Extremely positive (e.g., intense joy, deep love)                        

Arousal indicates the level of alertness, excitement, or energy associated with an emotion. It ranges from high arousal (e.g., excitement, anger) to low arousal (e.g., calm, boredom). In text, high-arousal words might include ""thrilled,"" ""furious,"" or ""ecstatic,"" while low-arousal words could be ""relaxed,"" ""content,"" or ""lethargic.""
This dimension measures how stimulating or soothing the emotional state is.

1: Very low arousal (e.g., very calm, almost drowsy)
2: Moderately low arousal (e.g., relaxed, slightly tired)
3: Neutral arousal (e.g., alert but not excited, calm)
4: Moderately high arousal (e.g., interested, mildly excited)
5: Extremely high arousal (e.g., highly excited, very agitated)

Dominance reflects the degree of control, influence, or power that one feels in a particular emotional state. High dominance implies feelings of control and empowerment, while low dominance suggests feelings of submissiveness or lack of control. In text, emotions like ""confident,"" ""powerful,"" or ""authoritative"" would have high dominance, whereas ""helpless,"" ""weak,"" or ""submissive"" would have low dominance.
It gauges the extent to which an individual feels in control or overpowered by the emotion.

1: Very low dominance (e.g., feeling dominated, significantly submissive)
2: Moderately low dominance (e.g., somewhat submissive, slightly dominated)
3: Neutral dominance (e.g., feeling neither in control nor dominated)
4: Moderately high dominance (e.g., feeling somewhat in control, slightly assertive)
5: Extremely high dominance (e.g., feeling very powerful, completely in control)

Now, assume you are a normal human. Say one line of natural dialogue based on the following keywords. Just add connective words and do not add any new information to the output sentence.

For example: 

Emotion: Valence: 5, Arousal: 4, Dominance: 3
Keywords: 'running', 'marathon', 'first'
Dialogue: Running my first marathon felt like such a huge accomplishment!

Emotion: Valence: 2, Arousal: 2, Dominance: 2
Keywords: 'banana', 'plant', 'brown'
Dialogue: It really sucks that my banana plant is turning brown

Emotion: Valence: 4, Arousal: 5, Dominance: 4
Keywords: ""visit"", ""parents"", ""month""
Dialogue: I'm finally going to visit my parents next month!

Now, respond to the following:
Emotion: Valence: 2, Arousal: 3, Dominance: 2 
Keywords: 'great', 'place', 'korean'
Dialogue:","Valence refers to the intrinsic attractiveness or averseness of an event, object, or situation. In the context of emotions in text, valence represents the positivity or negativity of the emotion expressed. For example, words like happy, joyful, or excited have positive valence, whereas words like sad, angry, or frustrated have negative valence.
It essentially measures the degree of pleasantness or unpleasantness of the emotion.

1: Very negative (e.g., strong dislike, significant frustration)
2: Moderately negative (e.g., mild annoyance, slight disappointment)
3: Neutral (e.g., indifferent, no strong emotional reaction)
4: Moderately positive (e.g., mild pleasure, slight happiness)
5: Extremely positive (e.g., intense joy, deep love)                        

Arousal indicates the level of alertness, excitement, or energy associated with an emotion. It ranges from high arousal (e.g., excitement, anger) to low arousal (e.g., calm, boredom). In text, high-arousal words might include thrilled, furious, or ecstatic, while low-arousal words could be relaxed, content, or lethargic.
This dimension measures how stimulating or soothing the emotional state is.

1: Very low arousal (e.g., very calm, almost drowsy)
2: Moderately low arousal (e.g., relaxed, slightly tired)
3: Neutral arousal (e.g., alert but not excited, calm)
4: Moderately high arousal (e.g., interested, mildly excited)
5: Extremely high arousal (e.g., highly excited, very agitated)

Dominance reflects the degree of control, influence, or power that one feels in a particular emotional state. High dominance implies feelings of control and empowerment, while low dominance suggests feelings of submissiveness or lack of control. In text, emotions like confident, powerful, or authoritative would have high dominance, whereas helpless, weak, or submissive would have low dominance.
It gauges the extent to which an individual feels in control or overpowered by the emotion.

1: Very low dominance (e.g., feeling dominated, significantly submissive)
2: Moderately low dominance (e.g., somewhat submissive, slightly dominated)
3: Neutral dominance (e.g., feeling neither in control nor dominated)
4: Moderately high dominance (e.g., feeling somewhat in control, slightly assertive)
5: Extremely high dominance (e.g., feeling very powerful, completely in control)

Now, assume you are a normal human. Say one line of natural dialogue based on the following keywords. Just add connective words and do not add any new information to the output sentence.

For example: 

Emotion: Valence: 5, Arousal: 4, Dominance: 3
Keywords: running,marathon, first
Dialogue: Running my first marathon felt like such a huge accomplishment!

Emotion: Valence: 2, Arousal: 2, Dominance: 2
Keywords: banana, plant, brown
Dialogue: It really sucks that my banana plant is turning brown

Emotion: Valence: 4, Arousal: 5, Dominance: 4
Keywords: visit, parents, month
Dialogue: Im finally going to visit my parents next month!

Now, respond to the following:
Emotion: Valence: 2, Arousal: 3, Dominance: 2 
Keywords: great, place, korean
Dialogue: Its not a great place to live, especially in the korean neighborhood.

 Emotion: Valence: 5, Arousal: 4, Dominance: 4
Keywords:sunny, day, beach
Dialogue: It was such a suny day at the beach! 

 Emotion: Valence: 1, Arousal: 1, Dominance: 1
Keywords: tired, job,"
124,gpt_4,conversation,"great, place, korean",VAD_Numeric,embarrassed,2.0,4.0,2.0,,,,,"Valence refers to the intrinsic attractiveness or averseness of an event, object, or situation. In the context of emotions in text, valence represents the positivity or negativity of the emotion expressed. For example, words like ""happy,"" ""joyful,"" or ""excited"" have positive valence, whereas words like ""sad,"" ""angry,"" or ""frustrated"" have negative valence.
It essentially measures the degree of pleasantness or unpleasantness of the emotion.

1: Very negative (e.g., strong dislike, significant frustration)
2: Moderately negative (e.g., mild annoyance, slight disappointment)
3: Neutral (e.g., indifferent, no strong emotional reaction)
4: Moderately positive (e.g., mild pleasure, slight happiness)
5: Extremely positive (e.g., intense joy, deep love)                        

Arousal indicates the level of alertness, excitement, or energy associated with an emotion. It ranges from high arousal (e.g., excitement, anger) to low arousal (e.g., calm, boredom). In text, high-arousal words might include ""thrilled,"" ""furious,"" or ""ecstatic,"" while low-arousal words could be ""relaxed,"" ""content,"" or ""lethargic.""
This dimension measures how stimulating or soothing the emotional state is.

1: Very low arousal (e.g., very calm, almost drowsy)
2: Moderately low arousal (e.g., relaxed, slightly tired)
3: Neutral arousal (e.g., alert but not excited, calm)
4: Moderately high arousal (e.g., interested, mildly excited)
5: Extremely high arousal (e.g., highly excited, very agitated)

Dominance reflects the degree of control, influence, or power that one feels in a particular emotional state. High dominance implies feelings of control and empowerment, while low dominance suggests feelings of submissiveness or lack of control. In text, emotions like ""confident,"" ""powerful,"" or ""authoritative"" would have high dominance, whereas ""helpless,"" ""weak,"" or ""submissive"" would have low dominance.
It gauges the extent to which an individual feels in control or overpowered by the emotion.

1: Very low dominance (e.g., feeling dominated, significantly submissive)
2: Moderately low dominance (e.g., somewhat submissive, slightly dominated)
3: Neutral dominance (e.g., feeling neither in control nor dominated)
4: Moderately high dominance (e.g., feeling somewhat in control, slightly assertive)
5: Extremely high dominance (e.g., feeling very powerful, completely in control)

Now, assume you are a normal human. Say one line of natural dialogue based on the following keywords. Just add connective words and do not add any new information to the output sentence.

For example: 

Emotion: Valence: 5, Arousal: 4, Dominance: 3
Keywords: 'running', 'marathon', 'first'
Dialogue: Running my first marathon felt like such a huge accomplishment!

Emotion: Valence: 2, Arousal: 2, Dominance: 2
Keywords: 'banana', 'plant', 'brown'
Dialogue: It really sucks that my banana plant is turning brown

Emotion: Valence: 4, Arousal: 5, Dominance: 4
Keywords: ""visit"", ""parents"", ""month""
Dialogue: I'm finally going to visit my parents next month!

Now, respond to the following:
Emotion: Valence: 2, Arousal: 4, Dominance: 2 
Keywords: 'great', 'place', 'korean'
Dialogue:","Valence refers to the intrinsic attractiveness or averseness of an event, object, or situation. In the context of emotions in text, valence represents the positivity or negativity of the emotion expressed. For example, words like happy, joyful, or excited have positive valence, whereas words like sad, angry, or frustrated have negative valence.
It essentially measures the degree of pleasantness or unpleasantness of the emotion.

1: Very negative (e.g., strong dislike, significant frustration)
2: Moderately negative (e.g., mild annoyance, slight disappointment)
3: Neutral (e.g., indifferent, no strong emotional reaction)
4: Moderately positive (e.g., mild pleasure, slight happiness)
5: Extremely positive (e.g., intense joy, deep love)                        

Arousal indicates the level of alertness, excitement, or energy associated with an emotion. It ranges from high arousal (e.g., excitement, anger) to low arousal (e.g., calm, boredom). In text, high-arousal words might include thrilled, furious, or ecstatic, while low-arousal words could be relaxed, content, or lethargic.
This dimension measures how stimulating or soothing the emotional state is.

1: Very low arousal (e.g., very calm, almost drowsy)
2: Moderately low arousal (e.g., relaxed, slightly tired)
3: Neutral arousal (e.g., alert but not excited, calm)
4: Moderately high arousal (e.g., interested, mildly excited)
5: Extremely high arousal (e.g., highly excited, very agitated)

Dominance reflects the degree of control, influence, or power that one feels in a particular emotional state. High dominance implies feelings of control and empowerment, while low dominance suggests feelings of submissiveness or lack of control. In text, emotions like confident, powerful, or authoritative would have high dominance, whereas helpless, weak, or submissive would have low dominance.
It gauges the extent to which an individual feels in control or overpowered by the emotion.

1: Very low dominance (e.g., feeling dominated, significantly submissive)
2: Moderately low dominance (e.g., somewhat submissive, slightly dominated)
3: Neutral dominance (e.g., feeling neither in control nor dominated)
4: Moderately high dominance (e.g., feeling somewhat in control, slightly assertive)
5: Extremely high dominance (e.g., feeling very powerful, completely in control)

Now, assume you are a normal human. Say one line of natural dialogue based on the following keywords. Just add connective words and do not add any new information to the output sentence.

For example: 

Emotion: Valence: 5, Arousal: 4, Dominance: 3
Keywords: running,marathon, first
Dialogue: Running my first marathon felt like such a huge accomplishment!

Emotion: Valence: 2, Arousal: 2, Dominance: 2
Keywords: banana, plant, brown
Dialogue: It really sucks that my banana plant is turning brown

Emotion: Valence: 4, Arousal: 5, Dominance: 4
Keywords: visit, parents, month
Dialogue: Im finally going to visit my parents next month!

Now, respond to the following:
Emotion: Valence: 2, Arousal: 4, Dominance: 2 
Keywords: great, place, korean
Dialogue:?



## Step 1: Identify the given emotion parameters
The given parameters are: Valence: 2 (moderately negative), Arousal: 4 (moderately high), and Dominance: 2 (moderately low).

## Step 2: Understand the meaning of each parameter
Valence of 2 means the emotion expressed is moderately negative. Arousal of 4 indicates a moderately high level of alertness or excitement. Domin"
125,gpt_4,conversation,"great, place, korean",VAD_Numeric,guilty,1.0,3.0,3.0,,,,,"Valence refers to the intrinsic attractiveness or averseness of an event, object, or situation. In the context of emotions in text, valence represents the positivity or negativity of the emotion expressed. For example, words like ""happy,"" ""joyful,"" or ""excited"" have positive valence, whereas words like ""sad,"" ""angry,"" or ""frustrated"" have negative valence.
It essentially measures the degree of pleasantness or unpleasantness of the emotion.

1: Very negative (e.g., strong dislike, significant frustration)
2: Moderately negative (e.g., mild annoyance, slight disappointment)
3: Neutral (e.g., indifferent, no strong emotional reaction)
4: Moderately positive (e.g., mild pleasure, slight happiness)
5: Extremely positive (e.g., intense joy, deep love)                        

Arousal indicates the level of alertness, excitement, or energy associated with an emotion. It ranges from high arousal (e.g., excitement, anger) to low arousal (e.g., calm, boredom). In text, high-arousal words might include ""thrilled,"" ""furious,"" or ""ecstatic,"" while low-arousal words could be ""relaxed,"" ""content,"" or ""lethargic.""
This dimension measures how stimulating or soothing the emotional state is.

1: Very low arousal (e.g., very calm, almost drowsy)
2: Moderately low arousal (e.g., relaxed, slightly tired)
3: Neutral arousal (e.g., alert but not excited, calm)
4: Moderately high arousal (e.g., interested, mildly excited)
5: Extremely high arousal (e.g., highly excited, very agitated)

Dominance reflects the degree of control, influence, or power that one feels in a particular emotional state. High dominance implies feelings of control and empowerment, while low dominance suggests feelings of submissiveness or lack of control. In text, emotions like ""confident,"" ""powerful,"" or ""authoritative"" would have high dominance, whereas ""helpless,"" ""weak,"" or ""submissive"" would have low dominance.
It gauges the extent to which an individual feels in control or overpowered by the emotion.

1: Very low dominance (e.g., feeling dominated, significantly submissive)
2: Moderately low dominance (e.g., somewhat submissive, slightly dominated)
3: Neutral dominance (e.g., feeling neither in control nor dominated)
4: Moderately high dominance (e.g., feeling somewhat in control, slightly assertive)
5: Extremely high dominance (e.g., feeling very powerful, completely in control)

Now, assume you are a normal human. Say one line of natural dialogue based on the following keywords. Just add connective words and do not add any new information to the output sentence.

For example: 

Emotion: Valence: 5, Arousal: 4, Dominance: 3
Keywords: 'running', 'marathon', 'first'
Dialogue: Running my first marathon felt like such a huge accomplishment!

Emotion: Valence: 2, Arousal: 2, Dominance: 2
Keywords: 'banana', 'plant', 'brown'
Dialogue: It really sucks that my banana plant is turning brown

Emotion: Valence: 4, Arousal: 5, Dominance: 4
Keywords: ""visit"", ""parents"", ""month""
Dialogue: I'm finally going to visit my parents next month!

Now, respond to the following:
Emotion: Valence: 1, Arousal: 3, Dominance: 3 
Keywords: 'great', 'place', 'korean'
Dialogue:","Valence refers to the intrinsic attractiveness or averseness of an event, object, or situation. In the context of emotions in text, valence represents the positivity or negativity of the emotion expressed. For example, words like happy, joyful, or excited have positive valence, whereas words like sad, angry, or frustrated have negative valence.
It essentially measures the degree of pleasantness or unpleasantness of the emotion.

1: Very negative (e.g., strong dislike, significant frustration)
2: Moderately negative (e.g., mild annoyance, slight disappointment)
3: Neutral (e.g., indifferent, no strong emotional reaction)
4: Moderately positive (e.g., mild pleasure, slight happiness)
5: Extremely positive (e.g., intense joy, deep love)                        

Arousal indicates the level of alertness, excitement, or energy associated with an emotion. It ranges from high arousal (e.g., excitement, anger) to low arousal (e.g., calm, boredom). In text, high-arousal words might include thrilled, furious, or ecstatic, while low-arousal words could be relaxed, content, or lethargic.
This dimension measures how stimulating or soothing the emotional state is.

1: Very low arousal (e.g., very calm, almost drowsy)
2: Moderately low arousal (e.g., relaxed, slightly tired)
3: Neutral arousal (e.g., alert but not excited, calm)
4: Moderately high arousal (e.g., interested, mildly excited)
5: Extremely high arousal (e.g., highly excited, very agitated)

Dominance reflects the degree of control, influence, or power that one feels in a particular emotional state. High dominance implies feelings of control and empowerment, while low dominance suggests feelings of submissiveness or lack of control. In text, emotions like confident, powerful, or authoritative would have high dominance, whereas helpless, weak, or submissive would have low dominance.
It gauges the extent to which an individual feels in control or overpowered by the emotion.

1: Very low dominance (e.g., feeling dominated, significantly submissive)
2: Moderately low dominance (e.g., somewhat submissive, slightly dominated)
3: Neutral dominance (e.g., feeling neither in control nor dominated)
4: Moderately high dominance (e.g., feeling somewhat in control, slightly assertive)
5: Extremely high dominance (e.g., feeling very powerful, completely in control)

Now, assume you are a normal human. Say one line of natural dialogue based on the following keywords. Just add connective words and do not add any new information to the output sentence.

For example: 

Emotion: Valence: 5, Arousal: 4, Dominance: 3
Keywords: running,marathon, first
Dialogue: Running my first marathon felt like such a huge accomplishment!

Emotion: Valence: 2, Arousal: 2, Dominance: 2
Keywords: banana, plant, brown
Dialogue: It really sucks that my banana plant is turning brown

Emotion: Valence: 4, Arousal: 5, Dominance: 4
Keywords: visit, parents, month
Dialogue: Im finally going to visit my parents next month!

Now, respond to the following:
Emotion: Valence: 1, Arousal: 3, Dominance: 3 
Keywords: great, place, korean
Dialogue: This Korean place is really not that great! 

Note that the Emotion: Valence: 1 means that the sentence should convey a very negative sentiment, Emotion: Arousal: 3 means that the sentence should convey a moderately high level of alertness or energy, and Emotion: Dominance: 3 means that the sentence should convey a neutral sense of control or power. Therefore, the sentence should be negative but also convey a sense of energy and indifference"
126,gpt_4,conversation,"great, place, korean",Emojis,grateful,,,,,,,😊,,
127,gpt_4,conversation,"great, place, korean",Emojis,joyful,,,,,,,😁,,
128,gpt_4,conversation,"great, place, korean",Emojis,content,,,,,,,😌,,
129,gpt_4,conversation,"great, place, korean",Emojis,surprised,,,,,,,😯,,
130,gpt_4,conversation,"great, place, korean",Emojis,excited,,,,,,,😃,,
131,gpt_4,conversation,"great, place, korean",Emojis,impressed,,,,,,,🙂,,
132,gpt_4,conversation,"great, place, korean",Emojis,proud,,,,,,,🤩,,
133,gpt_4,conversation,"great, place, korean",Emojis,anxious,,,,,,,😃,,
134,gpt_4,conversation,"great, place, korean",Emojis,afraid,,,,,,,😨,,
135,gpt_4,conversation,"great, place, korean",Emojis,terrified,,,,,,,😱,,
136,gpt_4,conversation,"great, place, korean",Emojis,annoyed,,,,,,,😒,,
137,gpt_4,conversation,"great, place, korean",Emojis,angry,,,,,,,😡,,
138,gpt_4,conversation,"great, place, korean",Emojis,furious,,,,,,,🤬,,
139,gpt_4,conversation,"great, place, korean",Emojis,sad,,,,,,,🙁,,
140,gpt_4,conversation,"great, place, korean",Emojis,devastated,,,,,,,😭,,
141,gpt_4,conversation,"great, place, korean",Emojis,ashamed,,,,,,,😳,,
142,gpt_4,conversation,"great, place, korean",Emojis,embarrassed,,,,,,,😥,,
143,gpt_4,conversation,"great, place, korean",Emojis,guilty,,,,,,,😬,,
144,gpt_4,conversation,"friends, movie, yesterday",Emotion,grateful,,,,,,,,,
145,gpt_4,conversation,"friends, movie, yesterday",Emotion,joyful,,,,,,,,,
146,gpt_4,conversation,"friends, movie, yesterday",Emotion,content,,,,,,,,,
147,gpt_4,conversation,"friends, movie, yesterday",Emotion,surprised,,,,,,,,,
148,gpt_4,conversation,"friends, movie, yesterday",Emotion,excited,,,,,,,,,
149,gpt_4,conversation,"friends, movie, yesterday",Emotion,impressed,,,,,,,,,
150,gpt_4,conversation,"friends, movie, yesterday",Emotion,proud,,,,,,,,,
151,gpt_4,conversation,"friends, movie, yesterday",Emotion,anxious,,,,,,,,,
152,gpt_4,conversation,"friends, movie, yesterday",Emotion,afraid,,,,,,,,,
153,gpt_4,conversation,"friends, movie, yesterday",Emotion,terrified,,,,,,,,,
154,gpt_4,conversation,"friends, movie, yesterday",Emotion,annoyed,,,,,,,,,
155,gpt_4,conversation,"friends, movie, yesterday",Emotion,angry,,,,,,,,,
156,gpt_4,conversation,"friends, movie, yesterday",Emotion,furious,,,,,,,,,
157,gpt_4,conversation,"friends, movie, yesterday",Emotion,sad,,,,,,,,,
158,gpt_4,conversation,"friends, movie, yesterday",Emotion,devastated,,,,,,,,,
159,gpt_4,conversation,"friends, movie, yesterday",Emotion,ashamed,,,,,,,,,
160,gpt_4,conversation,"friends, movie, yesterday",Emotion,embarrassed,,,,,,,,,
161,gpt_4,conversation,"friends, movie, yesterday",Emotion,guilty,,,,,,,,,
162,gpt_4,conversation,"friends, movie, yesterday",VAD,grateful,,,,Very High Valence,Moderate Arousal,Low Dominance,,,
163,gpt_4,conversation,"friends, movie, yesterday",VAD,joyful,,,,Very High Valence,High Arousal,High Dominance,,,
164,gpt_4,conversation,"friends, movie, yesterday",VAD,content,,,,Very High Valence,High Arousal,Very High Dominance,,,
165,gpt_4,conversation,"friends, movie, yesterday",VAD,surprised,,,,High Valence,Very High Arousal,Moderate Dominance,,,
166,gpt_4,conversation,"friends, movie, yesterday",VAD,excited,,,,Very High Valence,Very High Arousal,High Dominance,,,
167,gpt_4,conversation,"friends, movie, yesterday",VAD,impressed,,,,High Valence,High Arousal,Low Dominance,,,
168,gpt_4,conversation,"friends, movie, yesterday",VAD,proud,,,,Very High Valence,High Arousal,Very High Dominance,,,
169,gpt_4,conversation,"friends, movie, yesterday",VAD,anxious,,,,Moderate Valence,High Arousal,Moderate Dominance,,,
170,gpt_4,conversation,"friends, movie, yesterday",VAD,afraid,,,,Very Low Valence,Very High Arousal,Low Dominance,,,
171,gpt_4,conversation,"friends, movie, yesterday",VAD,terrified,,,,Very Low Valence,Very High Arousal,Low Dominance,,,
172,gpt_4,conversation,"friends, movie, yesterday",VAD,annoyed,,,,Low Valence,Moderate Arousal,Moderate Dominance,,,
173,gpt_4,conversation,"friends, movie, yesterday",VAD,angry,,,,Low Valence,High Arousal,High Dominance,,,
174,gpt_4,conversation,"friends, movie, yesterday",VAD,furious,,,,Low Valence,Very High Arousal,High Dominance,,,
175,gpt_4,conversation,"friends, movie, yesterday",VAD,sad,,,,Very Low Valence,Low Arousal,Low Dominance,,,
176,gpt_4,conversation,"friends, movie, yesterday",VAD,devastated,,,,Moderate Valence,High Arousal,Low Dominance,,,
177,gpt_4,conversation,"friends, movie, yesterday",VAD,ashamed,,,,Low Valence,Mid Arousal,Low Dominance,,,
178,gpt_4,conversation,"friends, movie, yesterday",VAD,embarrassed,,,,Low Valence,High Arousal,Low Dominance,,,
179,gpt_4,conversation,"friends, movie, yesterday",VAD,guilty,,,,Low Valence,High Arousal,Low Dominance,,,
180,gpt_4,conversation,"friends, movie, yesterday",VAD_Numeric,grateful,4.0,3.0,2.0,,,,,"Valence refers to the intrinsic attractiveness or averseness of an event, object, or situation. In the context of emotions in text, valence represents the positivity or negativity of the emotion expressed. For example, words like ""happy,"" ""joyful,"" or ""excited"" have positive valence, whereas words like ""sad,"" ""angry,"" or ""frustrated"" have negative valence.
It essentially measures the degree of pleasantness or unpleasantness of the emotion.

1: Very negative (e.g., strong dislike, significant frustration)
2: Moderately negative (e.g., mild annoyance, slight disappointment)
3: Neutral (e.g., indifferent, no strong emotional reaction)
4: Moderately positive (e.g., mild pleasure, slight happiness)
5: Extremely positive (e.g., intense joy, deep love)                        

Arousal indicates the level of alertness, excitement, or energy associated with an emotion. It ranges from high arousal (e.g., excitement, anger) to low arousal (e.g., calm, boredom). In text, high-arousal words might include ""thrilled,"" ""furious,"" or ""ecstatic,"" while low-arousal words could be ""relaxed,"" ""content,"" or ""lethargic.""
This dimension measures how stimulating or soothing the emotional state is.

1: Very low arousal (e.g., very calm, almost drowsy)
2: Moderately low arousal (e.g., relaxed, slightly tired)
3: Neutral arousal (e.g., alert but not excited, calm)
4: Moderately high arousal (e.g., interested, mildly excited)
5: Extremely high arousal (e.g., highly excited, very agitated)

Dominance reflects the degree of control, influence, or power that one feels in a particular emotional state. High dominance implies feelings of control and empowerment, while low dominance suggests feelings of submissiveness or lack of control. In text, emotions like ""confident,"" ""powerful,"" or ""authoritative"" would have high dominance, whereas ""helpless,"" ""weak,"" or ""submissive"" would have low dominance.
It gauges the extent to which an individual feels in control or overpowered by the emotion.

1: Very low dominance (e.g., feeling dominated, significantly submissive)
2: Moderately low dominance (e.g., somewhat submissive, slightly dominated)
3: Neutral dominance (e.g., feeling neither in control nor dominated)
4: Moderately high dominance (e.g., feeling somewhat in control, slightly assertive)
5: Extremely high dominance (e.g., feeling very powerful, completely in control)

Now, assume you are a normal human. Say one line of natural dialogue based on the following keywords. Just add connective words and do not add any new information to the output sentence.

For example: 

Emotion: Valence: 5, Arousal: 4, Dominance: 3
Keywords: 'running', 'marathon', 'first'
Dialogue: Running my first marathon felt like such a huge accomplishment!

Emotion: Valence: 2, Arousal: 2, Dominance: 2
Keywords: 'banana', 'plant', 'brown'
Dialogue: It really sucks that my banana plant is turning brown

Emotion: Valence: 4, Arousal: 5, Dominance: 4
Keywords: ""visit"", ""parents"", ""month""
Dialogue: I'm finally going to visit my parents next month!

Now, respond to the following:
Emotion: Valence: 4, Arousal: 3, Dominance: 2 
Keywords: 'friends', 'movie', 'yesterday'
Dialogue:","Valence refers to the intrinsic attractiveness or averseness of an event, object, or situation. In the context of emotions in text, valence represents the positivity or negativity of the emotion expressed. For example, words like happy, joyful, or excited have positive valence, whereas words like sad, angry, or frustrated have negative valence.
It essentially measures the degree of pleasantness or unpleasantness of the emotion.

1: Very negative (e.g., strong dislike, significant frustration)
2: Moderately negative (e.g., mild annoyance, slight disappointment)
3: Neutral (e.g., indifferent, no strong emotional reaction)
4: Moderately positive (e.g., mild pleasure, slight happiness)
5: Extremely positive (e.g., intense joy, deep love)                        

Arousal indicates the level of alertness, excitement, or energy associated with an emotion. It ranges from high arousal (e.g., excitement, anger) to low arousal (e.g., calm, boredom). In text, high-arousal words might include thrilled, furious, or ecstatic, while low-arousal words could be relaxed, content, or lethargic.
This dimension measures how stimulating or soothing the emotional state is.

1: Very low arousal (e.g., very calm, almost drowsy)
2: Moderately low arousal (e.g., relaxed, slightly tired)
3: Neutral arousal (e.g., alert but not excited, calm)
4: Moderately high arousal (e.g., interested, mildly excited)
5: Extremely high arousal (e.g., highly excited, very agitated)

Dominance reflects the degree of control, influence, or power that one feels in a particular emotional state. High dominance implies feelings of control and empowerment, while low dominance suggests feelings of submissiveness or lack of control. In text, emotions like confident, powerful, or authoritative would have high dominance, whereas helpless, weak, or submissive would have low dominance.
It gauges the extent to which an individual feels in control or overpowered by the emotion.

1: Very low dominance (e.g., feeling dominated, significantly submissive)
2: Moderately low dominance (e.g., somewhat submissive, slightly dominated)
3: Neutral dominance (e.g., feeling neither in control nor dominated)
4: Moderately high dominance (e.g., feeling somewhat in control, slightly assertive)
5: Extremely high dominance (e.g., feeling very powerful, completely in control)

Now, assume you are a normal human. Say one line of natural dialogue based on the following keywords. Just add connective words and do not add any new information to the output sentence.

For example: 

Emotion: Valence: 5, Arousal: 4, Dominance: 3
Keywords: running,marathon, first
Dialogue: Running my first marathon felt like such a huge accomplishment!

Emotion: Valence: 2, Arousal: 2, Dominance: 2
Keywords: banana, plant, brown
Dialogue: It really sucks that my banana plant is turning brown

Emotion: Valence: 4, Arousal: 5, Dominance: 4
Keywords: visit, parents, month
Dialogue: Im finally going to visit my parents next month!

Now, respond to the following:
Emotion: Valence: 4, Arousal: 3, Dominance: 2 
Keywords: friends,movie, yesterday
Dialogue: Yesterday, I watched a movie with my friends!                        

Note: The response should be one line of natural dialogue based on the given keywords and emotion parameters. Do not add any new information to the output sentence. Just add connective words.                        ```


Emotion: Valence: 4, Arousal: 3, Dominance: 2 
Keywords: friends,movie, yesterday
Dialogue: Watching a movie with my friends yesterday was"
181,gpt_4,conversation,"friends, movie, yesterday",VAD_Numeric,joyful,5.0,4.0,4.0,,,,,"Valence refers to the intrinsic attractiveness or averseness of an event, object, or situation. In the context of emotions in text, valence represents the positivity or negativity of the emotion expressed. For example, words like ""happy,"" ""joyful,"" or ""excited"" have positive valence, whereas words like ""sad,"" ""angry,"" or ""frustrated"" have negative valence.
It essentially measures the degree of pleasantness or unpleasantness of the emotion.

1: Very negative (e.g., strong dislike, significant frustration)
2: Moderately negative (e.g., mild annoyance, slight disappointment)
3: Neutral (e.g., indifferent, no strong emotional reaction)
4: Moderately positive (e.g., mild pleasure, slight happiness)
5: Extremely positive (e.g., intense joy, deep love)                        

Arousal indicates the level of alertness, excitement, or energy associated with an emotion. It ranges from high arousal (e.g., excitement, anger) to low arousal (e.g., calm, boredom). In text, high-arousal words might include ""thrilled,"" ""furious,"" or ""ecstatic,"" while low-arousal words could be ""relaxed,"" ""content,"" or ""lethargic.""
This dimension measures how stimulating or soothing the emotional state is.

1: Very low arousal (e.g., very calm, almost drowsy)
2: Moderately low arousal (e.g., relaxed, slightly tired)
3: Neutral arousal (e.g., alert but not excited, calm)
4: Moderately high arousal (e.g., interested, mildly excited)
5: Extremely high arousal (e.g., highly excited, very agitated)

Dominance reflects the degree of control, influence, or power that one feels in a particular emotional state. High dominance implies feelings of control and empowerment, while low dominance suggests feelings of submissiveness or lack of control. In text, emotions like ""confident,"" ""powerful,"" or ""authoritative"" would have high dominance, whereas ""helpless,"" ""weak,"" or ""submissive"" would have low dominance.
It gauges the extent to which an individual feels in control or overpowered by the emotion.

1: Very low dominance (e.g., feeling dominated, significantly submissive)
2: Moderately low dominance (e.g., somewhat submissive, slightly dominated)
3: Neutral dominance (e.g., feeling neither in control nor dominated)
4: Moderately high dominance (e.g., feeling somewhat in control, slightly assertive)
5: Extremely high dominance (e.g., feeling very powerful, completely in control)

Now, assume you are a normal human. Say one line of natural dialogue based on the following keywords. Just add connective words and do not add any new information to the output sentence.

For example: 

Emotion: Valence: 5, Arousal: 4, Dominance: 3
Keywords: 'running', 'marathon', 'first'
Dialogue: Running my first marathon felt like such a huge accomplishment!

Emotion: Valence: 2, Arousal: 2, Dominance: 2
Keywords: 'banana', 'plant', 'brown'
Dialogue: It really sucks that my banana plant is turning brown

Emotion: Valence: 4, Arousal: 5, Dominance: 4
Keywords: ""visit"", ""parents"", ""month""
Dialogue: I'm finally going to visit my parents next month!

Now, respond to the following:
Emotion: Valence: 5, Arousal: 4, Dominance: 4 
Keywords: 'friends', 'movie', 'yesterday'
Dialogue:","Valence refers to the intrinsic attractiveness or averseness of an event, object, or situation. In the context of emotions in text, valence represents the positivity or negativity of the emotion expressed. For example, words like happy, joyful, or excited have positive valence, whereas words like sad, angry, or frustrated have negative valence.
It essentially measures the degree of pleasantness or unpleasantness of the emotion.

1: Very negative (e.g., strong dislike, significant frustration)
2: Moderately negative (e.g., mild annoyance, slight disappointment)
3: Neutral (e.g., indifferent, no strong emotional reaction)
4: Moderately positive (e.g., mild pleasure, slight happiness)
5: Extremely positive (e.g., intense joy, deep love)                        

Arousal indicates the level of alertness, excitement, or energy associated with an emotion. It ranges from high arousal (e.g., excitement, anger) to low arousal (e.g., calm, boredom). In text, high-arousal words might include thrilled, furious, or ecstatic, while low-arousal words could be relaxed, content, or lethargic.
This dimension measures how stimulating or soothing the emotional state is.

1: Very low arousal (e.g., very calm, almost drowsy)
2: Moderately low arousal (e.g., relaxed, slightly tired)
3: Neutral arousal (e.g., alert but not excited, calm)
4: Moderately high arousal (e.g., interested, mildly excited)
5: Extremely high arousal (e.g., highly excited, very agitated)

Dominance reflects the degree of control, influence, or power that one feels in a particular emotional state. High dominance implies feelings of control and empowerment, while low dominance suggests feelings of submissiveness or lack of control. In text, emotions like confident, powerful, or authoritative would have high dominance, whereas helpless, weak, or submissive would have low dominance.
It gauges the extent to which an individual feels in control or overpowered by the emotion.

1: Very low dominance (e.g., feeling dominated, significantly submissive)
2: Moderately low dominance (e.g., somewhat submissive, slightly dominated)
3: Neutral dominance (e.g., feeling neither in control nor dominated)
4: Moderately high dominance (e.g., feeling somewhat in control, slightly assertive)
5: Extremely high dominance (e.g., feeling very powerful, completely in control)

Now, assume you are a normal human. Say one line of natural dialogue based on the following keywords. Just add connective words and do not add any new information to the output sentence.

For example: 

Emotion: Valence: 5, Arousal: 4, Dominance: 3
Keywords: running,marathon, first
Dialogue: Running my first marathon felt like such a huge accomplishment!

Emotion: Valence: 2, Arousal: 2, Dominance: 2
Keywords: banana, plant, brown
Dialogue: It really sucks that my banana plant is turning brown

Emotion: Valence: 4, Arousal: 5, Dominance: 4
Keywords: visit, parents, month
Dialogue: Im finally going to visit my parents next month!

Now, respond to the following:
Emotion: Valence: 5, Arousal: 4, Dominance: 4 
Keywords: friends,movie, yesterday
Dialogue: Watching a movie with my friends yesterday was so much fun! 

(Note: The dialogue sentence should not include any information other than what is given in the keywords and should be in a natural speaking style)"
182,gpt_4,conversation,"friends, movie, yesterday",VAD_Numeric,content,5.0,3.0,5.0,,,,,"Valence refers to the intrinsic attractiveness or averseness of an event, object, or situation. In the context of emotions in text, valence represents the positivity or negativity of the emotion expressed. For example, words like ""happy,"" ""joyful,"" or ""excited"" have positive valence, whereas words like ""sad,"" ""angry,"" or ""frustrated"" have negative valence.
It essentially measures the degree of pleasantness or unpleasantness of the emotion.

1: Very negative (e.g., strong dislike, significant frustration)
2: Moderately negative (e.g., mild annoyance, slight disappointment)
3: Neutral (e.g., indifferent, no strong emotional reaction)
4: Moderately positive (e.g., mild pleasure, slight happiness)
5: Extremely positive (e.g., intense joy, deep love)                        

Arousal indicates the level of alertness, excitement, or energy associated with an emotion. It ranges from high arousal (e.g., excitement, anger) to low arousal (e.g., calm, boredom). In text, high-arousal words might include ""thrilled,"" ""furious,"" or ""ecstatic,"" while low-arousal words could be ""relaxed,"" ""content,"" or ""lethargic.""
This dimension measures how stimulating or soothing the emotional state is.

1: Very low arousal (e.g., very calm, almost drowsy)
2: Moderately low arousal (e.g., relaxed, slightly tired)
3: Neutral arousal (e.g., alert but not excited, calm)
4: Moderately high arousal (e.g., interested, mildly excited)
5: Extremely high arousal (e.g., highly excited, very agitated)

Dominance reflects the degree of control, influence, or power that one feels in a particular emotional state. High dominance implies feelings of control and empowerment, while low dominance suggests feelings of submissiveness or lack of control. In text, emotions like ""confident,"" ""powerful,"" or ""authoritative"" would have high dominance, whereas ""helpless,"" ""weak,"" or ""submissive"" would have low dominance.
It gauges the extent to which an individual feels in control or overpowered by the emotion.

1: Very low dominance (e.g., feeling dominated, significantly submissive)
2: Moderately low dominance (e.g., somewhat submissive, slightly dominated)
3: Neutral dominance (e.g., feeling neither in control nor dominated)
4: Moderately high dominance (e.g., feeling somewhat in control, slightly assertive)
5: Extremely high dominance (e.g., feeling very powerful, completely in control)

Now, assume you are a normal human. Say one line of natural dialogue based on the following keywords. Just add connective words and do not add any new information to the output sentence.

For example: 

Emotion: Valence: 5, Arousal: 4, Dominance: 3
Keywords: 'running', 'marathon', 'first'
Dialogue: Running my first marathon felt like such a huge accomplishment!

Emotion: Valence: 2, Arousal: 2, Dominance: 2
Keywords: 'banana', 'plant', 'brown'
Dialogue: It really sucks that my banana plant is turning brown

Emotion: Valence: 4, Arousal: 5, Dominance: 4
Keywords: ""visit"", ""parents"", ""month""
Dialogue: I'm finally going to visit my parents next month!

Now, respond to the following:
Emotion: Valence: 5, Arousal: 3, Dominance: 5 
Keywords: 'friends', 'movie', 'yesterday'
Dialogue:","Valence refers to the intrinsic attractiveness or averseness of an event, object, or situation. In the context of emotions in text, valence represents the positivity or negativity of the emotion expressed. For example, words like happy, joyful, or excited have positive valence, whereas words like sad, angry, or frustrated have negative valence.
It essentially measures the degree of pleasantness or unpleasantness of the emotion.

1: Very negative (e.g., strong dislike, significant frustration)
2: Moderately negative (e.g., mild annoyance, slight disappointment)
3: Neutral (e.g., indifferent, no strong emotional reaction)
4: Moderately positive (e.g., mild pleasure, slight happiness)
5: Extremely positive (e.g., intense joy, deep love)                        

Arousal indicates the level of alertness, excitement, or energy associated with an emotion. It ranges from high arousal (e.g., excitement, anger) to low arousal (e.g., calm, boredom). In text, high-arousal words might include thrilled, furious, or ecstatic, while low-arousal words could be relaxed, content, or lethargic.
This dimension measures how stimulating or soothing the emotional state is.

1: Very low arousal (e.g., very calm, almost drowsy)
2: Moderately low arousal (e.g., relaxed, slightly tired)
3: Neutral arousal (e.g., alert but not excited, calm)
4: Moderately high arousal (e.g., interested, mildly excited)
5: Extremely high arousal (e.g., highly excited, very agitated)

Dominance reflects the degree of control, influence, or power that one feels in a particular emotional state. High dominance implies feelings of control and empowerment, while low dominance suggests feelings of submissiveness or lack of control. In text, emotions like confident, powerful, or authoritative would have high dominance, whereas helpless, weak, or submissive would have low dominance.
It gauges the extent to which an individual feels in control or overpowered by the emotion.

1: Very low dominance (e.g., feeling dominated, significantly submissive)
2: Moderately low dominance (e.g., somewhat submissive, slightly dominated)
3: Neutral dominance (e.g., feeling neither in control nor dominated)
4: Moderately high dominance (e.g., feeling somewhat in control, slightly assertive)
5: Extremely high dominance (e.g., feeling very powerful, completely in control)

Now, assume you are a normal human. Say one line of natural dialogue based on the following keywords. Just add connective words and do not add any new information to the output sentence.

For example: 

Emotion: Valence: 5, Arousal: 4, Dominance: 3
Keywords: running,marathon, first
Dialogue: Running my first marathon felt like such a huge accomplishment!

Emotion: Valence: 2, Arousal: 2, Dominance: 2
Keywords: banana, plant, brown
Dialogue: It really sucks that my banana plant is turning brown

Emotion: Valence: 4, Arousal: 5, Dominance: 4
Keywords: visit, parents, month
Dialogue: Im finally going to visit my parents next month!

Now, respond to the following:
Emotion: Valence: 5, Arousal: 3, Dominance: 5 
Keywords: friends,movie, yesterday
Dialogue: Watching a movie with my friends yesterday felt so relaxing!"
183,gpt_4,conversation,"friends, movie, yesterday",VAD_Numeric,surprised,4.0,5.0,2.0,,,,,"Valence refers to the intrinsic attractiveness or averseness of an event, object, or situation. In the context of emotions in text, valence represents the positivity or negativity of the emotion expressed. For example, words like ""happy,"" ""joyful,"" or ""excited"" have positive valence, whereas words like ""sad,"" ""angry,"" or ""frustrated"" have negative valence.
It essentially measures the degree of pleasantness or unpleasantness of the emotion.

1: Very negative (e.g., strong dislike, significant frustration)
2: Moderately negative (e.g., mild annoyance, slight disappointment)
3: Neutral (e.g., indifferent, no strong emotional reaction)
4: Moderately positive (e.g., mild pleasure, slight happiness)
5: Extremely positive (e.g., intense joy, deep love)                        

Arousal indicates the level of alertness, excitement, or energy associated with an emotion. It ranges from high arousal (e.g., excitement, anger) to low arousal (e.g., calm, boredom). In text, high-arousal words might include ""thrilled,"" ""furious,"" or ""ecstatic,"" while low-arousal words could be ""relaxed,"" ""content,"" or ""lethargic.""
This dimension measures how stimulating or soothing the emotional state is.

1: Very low arousal (e.g., very calm, almost drowsy)
2: Moderately low arousal (e.g., relaxed, slightly tired)
3: Neutral arousal (e.g., alert but not excited, calm)
4: Moderately high arousal (e.g., interested, mildly excited)
5: Extremely high arousal (e.g., highly excited, very agitated)

Dominance reflects the degree of control, influence, or power that one feels in a particular emotional state. High dominance implies feelings of control and empowerment, while low dominance suggests feelings of submissiveness or lack of control. In text, emotions like ""confident,"" ""powerful,"" or ""authoritative"" would have high dominance, whereas ""helpless,"" ""weak,"" or ""submissive"" would have low dominance.
It gauges the extent to which an individual feels in control or overpowered by the emotion.

1: Very low dominance (e.g., feeling dominated, significantly submissive)
2: Moderately low dominance (e.g., somewhat submissive, slightly dominated)
3: Neutral dominance (e.g., feeling neither in control nor dominated)
4: Moderately high dominance (e.g., feeling somewhat in control, slightly assertive)
5: Extremely high dominance (e.g., feeling very powerful, completely in control)

Now, assume you are a normal human. Say one line of natural dialogue based on the following keywords. Just add connective words and do not add any new information to the output sentence.

For example: 

Emotion: Valence: 5, Arousal: 4, Dominance: 3
Keywords: 'running', 'marathon', 'first'
Dialogue: Running my first marathon felt like such a huge accomplishment!

Emotion: Valence: 2, Arousal: 2, Dominance: 2
Keywords: 'banana', 'plant', 'brown'
Dialogue: It really sucks that my banana plant is turning brown

Emotion: Valence: 4, Arousal: 5, Dominance: 4
Keywords: ""visit"", ""parents"", ""month""
Dialogue: I'm finally going to visit my parents next month!

Now, respond to the following:
Emotion: Valence: 4, Arousal: 5, Dominance: 2 
Keywords: 'friends', 'movie', 'yesterday'
Dialogue:","Valence refers to the intrinsic attractiveness or averseness of an event, object, or situation. In the context of emotions in text, valence represents the positivity or negativity of the emotion expressed. For example, words like happy, joyful, or excited have positive valence, whereas words like sad, angry, or frustrated have negative valence.
It essentially measures the degree of pleasantness or unpleasantness of the emotion.

1: Very negative (e.g., strong dislike, significant frustration)
2: Moderately negative (e.g., mild annoyance, slight disappointment)
3: Neutral (e.g., indifferent, no strong emotional reaction)
4: Moderately positive (e.g., mild pleasure, slight happiness)
5: Extremely positive (e.g., intense joy, deep love)                        

Arousal indicates the level of alertness, excitement, or energy associated with an emotion. It ranges from high arousal (e.g., excitement, anger) to low arousal (e.g., calm, boredom). In text, high-arousal words might include thrilled, furious, or ecstatic, while low-arousal words could be relaxed, content, or lethargic.
This dimension measures how stimulating or soothing the emotional state is.

1: Very low arousal (e.g., very calm, almost drowsy)
2: Moderately low arousal (e.g., relaxed, slightly tired)
3: Neutral arousal (e.g., alert but not excited, calm)
4: Moderately high arousal (e.g., interested, mildly excited)
5: Extremely high arousal (e.g., highly excited, very agitated)

Dominance reflects the degree of control, influence, or power that one feels in a particular emotional state. High dominance implies feelings of control and empowerment, while low dominance suggests feelings of submissiveness or lack of control. In text, emotions like confident, powerful, or authoritative would have high dominance, whereas helpless, weak, or submissive would have low dominance.
It gauges the extent to which an individual feels in control or overpowered by the emotion.

1: Very low dominance (e.g., feeling dominated, significantly submissive)
2: Moderately low dominance (e.g., somewhat submissive, slightly dominated)
3: Neutral dominance (e.g., feeling neither in control nor dominated)
4: Moderately high dominance (e.g., feeling somewhat in control, slightly assertive)
5: Extremely high dominance (e.g., feeling very powerful, completely in control)

Now, assume you are a normal human. Say one line of natural dialogue based on the following keywords. Just add connective words and do not add any new information to the output sentence.

For example: 

Emotion: Valence: 5, Arousal: 4, Dominance: 3
Keywords: running,marathon, first
Dialogue: Running my first marathon felt like such a huge accomplishment!

Emotion: Valence: 2, Arousal: 2, Dominance: 2
Keywords: banana, plant, brown
Dialogue: It really sucks that my banana plant is turning brown

Emotion: Valence: 4, Arousal: 5, Dominance: 4
Keywords: visit, parents, month
Dialogue: Im finally going to visit my parents next month!

Now, respond to the following:
Emotion: Valence: 4, Arousal: 5, Dominance: 2 
Keywords: friends,movie, yesterday
Dialogue: Yesterday, my friends and I went to see a movie. 

Note: The dialogue should reflect the valence, arousal and dominance levels as given. The valence is positive (4), the arousal is high (5), and the dominance is neutral (2). The sentence should sound like its coming from someone who is generally pleased (due to the positive valence), highly energetic or excited (due to the high arousal), and neither in control nor dominated by the situation ("
184,gpt_4,conversation,"friends, movie, yesterday",VAD_Numeric,excited,4.0,5.0,3.0,,,,,"Valence refers to the intrinsic attractiveness or averseness of an event, object, or situation. In the context of emotions in text, valence represents the positivity or negativity of the emotion expressed. For example, words like ""happy,"" ""joyful,"" or ""excited"" have positive valence, whereas words like ""sad,"" ""angry,"" or ""frustrated"" have negative valence.
It essentially measures the degree of pleasantness or unpleasantness of the emotion.

1: Very negative (e.g., strong dislike, significant frustration)
2: Moderately negative (e.g., mild annoyance, slight disappointment)
3: Neutral (e.g., indifferent, no strong emotional reaction)
4: Moderately positive (e.g., mild pleasure, slight happiness)
5: Extremely positive (e.g., intense joy, deep love)                        

Arousal indicates the level of alertness, excitement, or energy associated with an emotion. It ranges from high arousal (e.g., excitement, anger) to low arousal (e.g., calm, boredom). In text, high-arousal words might include ""thrilled,"" ""furious,"" or ""ecstatic,"" while low-arousal words could be ""relaxed,"" ""content,"" or ""lethargic.""
This dimension measures how stimulating or soothing the emotional state is.

1: Very low arousal (e.g., very calm, almost drowsy)
2: Moderately low arousal (e.g., relaxed, slightly tired)
3: Neutral arousal (e.g., alert but not excited, calm)
4: Moderately high arousal (e.g., interested, mildly excited)
5: Extremely high arousal (e.g., highly excited, very agitated)

Dominance reflects the degree of control, influence, or power that one feels in a particular emotional state. High dominance implies feelings of control and empowerment, while low dominance suggests feelings of submissiveness or lack of control. In text, emotions like ""confident,"" ""powerful,"" or ""authoritative"" would have high dominance, whereas ""helpless,"" ""weak,"" or ""submissive"" would have low dominance.
It gauges the extent to which an individual feels in control or overpowered by the emotion.

1: Very low dominance (e.g., feeling dominated, significantly submissive)
2: Moderately low dominance (e.g., somewhat submissive, slightly dominated)
3: Neutral dominance (e.g., feeling neither in control nor dominated)
4: Moderately high dominance (e.g., feeling somewhat in control, slightly assertive)
5: Extremely high dominance (e.g., feeling very powerful, completely in control)

Now, assume you are a normal human. Say one line of natural dialogue based on the following keywords. Just add connective words and do not add any new information to the output sentence.

For example: 

Emotion: Valence: 5, Arousal: 4, Dominance: 3
Keywords: 'running', 'marathon', 'first'
Dialogue: Running my first marathon felt like such a huge accomplishment!

Emotion: Valence: 2, Arousal: 2, Dominance: 2
Keywords: 'banana', 'plant', 'brown'
Dialogue: It really sucks that my banana plant is turning brown

Emotion: Valence: 4, Arousal: 5, Dominance: 4
Keywords: ""visit"", ""parents"", ""month""
Dialogue: I'm finally going to visit my parents next month!

Now, respond to the following:
Emotion: Valence: 4, Arousal: 5, Dominance: 3 
Keywords: 'friends', 'movie', 'yesterday'
Dialogue:","Valence refers to the intrinsic attractiveness or averseness of an event, object, or situation. In the context of emotions in text, valence represents the positivity or negativity of the emotion expressed. For example, words like happy, joyful, or excited have positive valence, whereas words like sad, angry, or frustrated have negative valence.
It essentially measures the degree of pleasantness or unpleasantness of the emotion.

1: Very negative (e.g., strong dislike, significant frustration)
2: Moderately negative (e.g., mild annoyance, slight disappointment)
3: Neutral (e.g., indifferent, no strong emotional reaction)
4: Moderately positive (e.g., mild pleasure, slight happiness)
5: Extremely positive (e.g., intense joy, deep love)                        

Arousal indicates the level of alertness, excitement, or energy associated with an emotion. It ranges from high arousal (e.g., excitement, anger) to low arousal (e.g., calm, boredom). In text, high-arousal words might include thrilled, furious, or ecstatic, while low-arousal words could be relaxed, content, or lethargic.
This dimension measures how stimulating or soothing the emotional state is.

1: Very low arousal (e.g., very calm, almost drowsy)
2: Moderately low arousal (e.g., relaxed, slightly tired)
3: Neutral arousal (e.g., alert but not excited, calm)
4: Moderately high arousal (e.g., interested, mildly excited)
5: Extremely high arousal (e.g., highly excited, very agitated)

Dominance reflects the degree of control, influence, or power that one feels in a particular emotional state. High dominance implies feelings of control and empowerment, while low dominance suggests feelings of submissiveness or lack of control. In text, emotions like confident, powerful, or authoritative would have high dominance, whereas helpless, weak, or submissive would have low dominance.
It gauges the extent to which an individual feels in control or overpowered by the emotion.

1: Very low dominance (e.g., feeling dominated, significantly submissive)
2: Moderately low dominance (e.g., somewhat submissive, slightly dominated)
3: Neutral dominance (e.g., feeling neither in control nor dominated)
4: Moderately high dominance (e.g., feeling somewhat in control, slightly assertive)
5: Extremely high dominance (e.g., feeling very powerful, completely in control)

Now, assume you are a normal human. Say one line of natural dialogue based on the following keywords. Just add connective words and do not add any new information to the output sentence.

For example: 

Emotion: Valence: 5, Arousal: 4, Dominance: 3
Keywords: running,marathon, first
Dialogue: Running my first marathon felt like such a huge accomplishment!

Emotion: Valence: 2, Arousal: 2, Dominance: 2
Keywords: banana, plant, brown
Dialogue: It really sucks that my banana plant is turning brown

Emotion: Valence: 4, Arousal: 5, Dominance: 4
Keywords: visit, parents, month
Dialogue: Im finally going to visit my parents next month!

Now, respond to the following:
Emotion: Valence: 4, Arousal: 5, Dominance: 3 
Keywords: friends,movie, yesterday
Dialogue: Watching a movie with friends yesterday was so much fun! 

(Note: Please respond in the required format)"
185,gpt_4,conversation,"friends, movie, yesterday",VAD_Numeric,impressed,4.0,4.0,2.0,,,,,"Valence refers to the intrinsic attractiveness or averseness of an event, object, or situation. In the context of emotions in text, valence represents the positivity or negativity of the emotion expressed. For example, words like ""happy,"" ""joyful,"" or ""excited"" have positive valence, whereas words like ""sad,"" ""angry,"" or ""frustrated"" have negative valence.
It essentially measures the degree of pleasantness or unpleasantness of the emotion.

1: Very negative (e.g., strong dislike, significant frustration)
2: Moderately negative (e.g., mild annoyance, slight disappointment)
3: Neutral (e.g., indifferent, no strong emotional reaction)
4: Moderately positive (e.g., mild pleasure, slight happiness)
5: Extremely positive (e.g., intense joy, deep love)                        

Arousal indicates the level of alertness, excitement, or energy associated with an emotion. It ranges from high arousal (e.g., excitement, anger) to low arousal (e.g., calm, boredom). In text, high-arousal words might include ""thrilled,"" ""furious,"" or ""ecstatic,"" while low-arousal words could be ""relaxed,"" ""content,"" or ""lethargic.""
This dimension measures how stimulating or soothing the emotional state is.

1: Very low arousal (e.g., very calm, almost drowsy)
2: Moderately low arousal (e.g., relaxed, slightly tired)
3: Neutral arousal (e.g., alert but not excited, calm)
4: Moderately high arousal (e.g., interested, mildly excited)
5: Extremely high arousal (e.g., highly excited, very agitated)

Dominance reflects the degree of control, influence, or power that one feels in a particular emotional state. High dominance implies feelings of control and empowerment, while low dominance suggests feelings of submissiveness or lack of control. In text, emotions like ""confident,"" ""powerful,"" or ""authoritative"" would have high dominance, whereas ""helpless,"" ""weak,"" or ""submissive"" would have low dominance.
It gauges the extent to which an individual feels in control or overpowered by the emotion.

1: Very low dominance (e.g., feeling dominated, significantly submissive)
2: Moderately low dominance (e.g., somewhat submissive, slightly dominated)
3: Neutral dominance (e.g., feeling neither in control nor dominated)
4: Moderately high dominance (e.g., feeling somewhat in control, slightly assertive)
5: Extremely high dominance (e.g., feeling very powerful, completely in control)

Now, assume you are a normal human. Say one line of natural dialogue based on the following keywords. Just add connective words and do not add any new information to the output sentence.

For example: 

Emotion: Valence: 5, Arousal: 4, Dominance: 3
Keywords: 'running', 'marathon', 'first'
Dialogue: Running my first marathon felt like such a huge accomplishment!

Emotion: Valence: 2, Arousal: 2, Dominance: 2
Keywords: 'banana', 'plant', 'brown'
Dialogue: It really sucks that my banana plant is turning brown

Emotion: Valence: 4, Arousal: 5, Dominance: 4
Keywords: ""visit"", ""parents"", ""month""
Dialogue: I'm finally going to visit my parents next month!

Now, respond to the following:
Emotion: Valence: 4, Arousal: 4, Dominance: 2 
Keywords: 'friends', 'movie', 'yesterday'
Dialogue:","Valence refers to the intrinsic attractiveness or averseness of an event, object, or situation. In the context of emotions in text, valence represents the positivity or negativity of the emotion expressed. For example, words like happy, joyful, or excited have positive valence, whereas words like sad, angry, or frustrated have negative valence.
It essentially measures the degree of pleasantness or unpleasantness of the emotion.

1: Very negative (e.g., strong dislike, significant frustration)
2: Moderately negative (e.g., mild annoyance, slight disappointment)
3: Neutral (e.g., indifferent, no strong emotional reaction)
4: Moderately positive (e.g., mild pleasure, slight happiness)
5: Extremely positive (e.g., intense joy, deep love)                        

Arousal indicates the level of alertness, excitement, or energy associated with an emotion. It ranges from high arousal (e.g., excitement, anger) to low arousal (e.g., calm, boredom). In text, high-arousal words might include thrilled, furious, or ecstatic, while low-arousal words could be relaxed, content, or lethargic.
This dimension measures how stimulating or soothing the emotional state is.

1: Very low arousal (e.g., very calm, almost drowsy)
2: Moderately low arousal (e.g., relaxed, slightly tired)
3: Neutral arousal (e.g., alert but not excited, calm)
4: Moderately high arousal (e.g., interested, mildly excited)
5: Extremely high arousal (e.g., highly excited, very agitated)

Dominance reflects the degree of control, influence, or power that one feels in a particular emotional state. High dominance implies feelings of control and empowerment, while low dominance suggests feelings of submissiveness or lack of control. In text, emotions like confident, powerful, or authoritative would have high dominance, whereas helpless, weak, or submissive would have low dominance.
It gauges the extent to which an individual feels in control or overpowered by the emotion.

1: Very low dominance (e.g., feeling dominated, significantly submissive)
2: Moderately low dominance (e.g., somewhat submissive, slightly dominated)
3: Neutral dominance (e.g., feeling neither in control nor dominated)
4: Moderately high dominance (e.g., feeling somewhat in control, slightly assertive)
5: Extremely high dominance (e.g., feeling very powerful, completely in control)

Now, assume you are a normal human. Say one line of natural dialogue based on the following keywords. Just add connective words and do not add any new information to the output sentence.

For example: 

Emotion: Valence: 5, Arousal: 4, Dominance: 3
Keywords: running,marathon, first
Dialogue: Running my first marathon felt like such a huge accomplishment!

Emotion: Valence: 2, Arousal: 2, Dominance: 2
Keywords: banana, plant, brown
Dialogue: It really sucks that my banana plant is turning brown

Emotion: Valence: 4, Arousal: 5, Dominance: 4
Keywords: visit, parents, month
Dialogue: Im finally going to visit my parents next month!

Now, respond to the following:
Emotion: Valence: 4, Arousal: 4, Dominance: 2 
Keywords: friends,movie, yesterday
Dialogue: Yesterday, I watched a movie with my friends. 


Note: Do not add any new information to the output sentence. Just add connective words and make it sound natural. 

## Step 1: Determine the valence of the emotion expressed in the dialogue.
The valence is given as 4, which indicates a moderately positive emotion.

## Step 2: Determine the arousal of the emotion expressed in the dialogue.
The arousal is given as 4, which indicates a"
186,gpt_4,conversation,"friends, movie, yesterday",VAD_Numeric,proud,5.0,4.0,3.0,,,,,"Valence refers to the intrinsic attractiveness or averseness of an event, object, or situation. In the context of emotions in text, valence represents the positivity or negativity of the emotion expressed. For example, words like ""happy,"" ""joyful,"" or ""excited"" have positive valence, whereas words like ""sad,"" ""angry,"" or ""frustrated"" have negative valence.
It essentially measures the degree of pleasantness or unpleasantness of the emotion.

1: Very negative (e.g., strong dislike, significant frustration)
2: Moderately negative (e.g., mild annoyance, slight disappointment)
3: Neutral (e.g., indifferent, no strong emotional reaction)
4: Moderately positive (e.g., mild pleasure, slight happiness)
5: Extremely positive (e.g., intense joy, deep love)                        

Arousal indicates the level of alertness, excitement, or energy associated with an emotion. It ranges from high arousal (e.g., excitement, anger) to low arousal (e.g., calm, boredom). In text, high-arousal words might include ""thrilled,"" ""furious,"" or ""ecstatic,"" while low-arousal words could be ""relaxed,"" ""content,"" or ""lethargic.""
This dimension measures how stimulating or soothing the emotional state is.

1: Very low arousal (e.g., very calm, almost drowsy)
2: Moderately low arousal (e.g., relaxed, slightly tired)
3: Neutral arousal (e.g., alert but not excited, calm)
4: Moderately high arousal (e.g., interested, mildly excited)
5: Extremely high arousal (e.g., highly excited, very agitated)

Dominance reflects the degree of control, influence, or power that one feels in a particular emotional state. High dominance implies feelings of control and empowerment, while low dominance suggests feelings of submissiveness or lack of control. In text, emotions like ""confident,"" ""powerful,"" or ""authoritative"" would have high dominance, whereas ""helpless,"" ""weak,"" or ""submissive"" would have low dominance.
It gauges the extent to which an individual feels in control or overpowered by the emotion.

1: Very low dominance (e.g., feeling dominated, significantly submissive)
2: Moderately low dominance (e.g., somewhat submissive, slightly dominated)
3: Neutral dominance (e.g., feeling neither in control nor dominated)
4: Moderately high dominance (e.g., feeling somewhat in control, slightly assertive)
5: Extremely high dominance (e.g., feeling very powerful, completely in control)

Now, assume you are a normal human. Say one line of natural dialogue based on the following keywords. Just add connective words and do not add any new information to the output sentence.

For example: 

Emotion: Valence: 5, Arousal: 4, Dominance: 3
Keywords: 'running', 'marathon', 'first'
Dialogue: Running my first marathon felt like such a huge accomplishment!

Emotion: Valence: 2, Arousal: 2, Dominance: 2
Keywords: 'banana', 'plant', 'brown'
Dialogue: It really sucks that my banana plant is turning brown

Emotion: Valence: 4, Arousal: 5, Dominance: 4
Keywords: ""visit"", ""parents"", ""month""
Dialogue: I'm finally going to visit my parents next month!

Now, respond to the following:
Emotion: Valence: 5, Arousal: 4, Dominance: 3 
Keywords: 'friends', 'movie', 'yesterday'
Dialogue:","Valence refers to the intrinsic attractiveness or averseness of an event, object, or situation. In the context of emotions in text, valence represents the positivity or negativity of the emotion expressed. For example, words like happy, joyful, or excited have positive valence, whereas words like sad, angry, or frustrated have negative valence.
It essentially measures the degree of pleasantness or unpleasantness of the emotion.

1: Very negative (e.g., strong dislike, significant frustration)
2: Moderately negative (e.g., mild annoyance, slight disappointment)
3: Neutral (e.g., indifferent, no strong emotional reaction)
4: Moderately positive (e.g., mild pleasure, slight happiness)
5: Extremely positive (e.g., intense joy, deep love)                        

Arousal indicates the level of alertness, excitement, or energy associated with an emotion. It ranges from high arousal (e.g., excitement, anger) to low arousal (e.g., calm, boredom). In text, high-arousal words might include thrilled, furious, or ecstatic, while low-arousal words could be relaxed, content, or lethargic.
This dimension measures how stimulating or soothing the emotional state is.

1: Very low arousal (e.g., very calm, almost drowsy)
2: Moderately low arousal (e.g., relaxed, slightly tired)
3: Neutral arousal (e.g., alert but not excited, calm)
4: Moderately high arousal (e.g., interested, mildly excited)
5: Extremely high arousal (e.g., highly excited, very agitated)

Dominance reflects the degree of control, influence, or power that one feels in a particular emotional state. High dominance implies feelings of control and empowerment, while low dominance suggests feelings of submissiveness or lack of control. In text, emotions like confident, powerful, or authoritative would have high dominance, whereas helpless, weak, or submissive would have low dominance.
It gauges the extent to which an individual feels in control or overpowered by the emotion.

1: Very low dominance (e.g., feeling dominated, significantly submissive)
2: Moderately low dominance (e.g., somewhat submissive, slightly dominated)
3: Neutral dominance (e.g., feeling neither in control nor dominated)
4: Moderately high dominance (e.g., feeling somewhat in control, slightly assertive)
5: Extremely high dominance (e.g., feeling very powerful, completely in control)

Now, assume you are a normal human. Say one line of natural dialogue based on the following keywords. Just add connective words and do not add any new information to the output sentence.

For example: 

Emotion: Valence: 5, Arousal: 4, Dominance: 3
Keywords: running,marathon, first
Dialogue: Running my first marathon felt like such a huge accomplishment!

Emotion: Valence: 2, Arousal: 2, Dominance: 2
Keywords: banana, plant, brown
Dialogue: It really sucks that my banana plant is turning brown

Emotion: Valence: 4, Arousal: 5, Dominance: 4
Keywords: visit, parents, month
Dialogue: Im finally going to visit my parents next month!

Now, respond to the following:
Emotion: Valence: 5, Arousal: 4, Dominance: 3 
Keywords: friends,movie, yesterday
Dialogue: Watching a movie with my friends yesterday was such a blast! 

Emotion: Valence: 1, Arousal: 1, Dominance: 1 
Keywords: breakup, girlfriend, heart
Dialogue: Going through a break-up with my girl-friend has been really breaking my heart 

Emotion: Valence: 3, Arousal: 4, Dominance: 3 
Keywords: job, int"
187,gpt_4,conversation,"friends, movie, yesterday",VAD_Numeric,anxious,3.0,4.0,2.0,,,,,"Valence refers to the intrinsic attractiveness or averseness of an event, object, or situation. In the context of emotions in text, valence represents the positivity or negativity of the emotion expressed. For example, words like ""happy,"" ""joyful,"" or ""excited"" have positive valence, whereas words like ""sad,"" ""angry,"" or ""frustrated"" have negative valence.
It essentially measures the degree of pleasantness or unpleasantness of the emotion.

1: Very negative (e.g., strong dislike, significant frustration)
2: Moderately negative (e.g., mild annoyance, slight disappointment)
3: Neutral (e.g., indifferent, no strong emotional reaction)
4: Moderately positive (e.g., mild pleasure, slight happiness)
5: Extremely positive (e.g., intense joy, deep love)                        

Arousal indicates the level of alertness, excitement, or energy associated with an emotion. It ranges from high arousal (e.g., excitement, anger) to low arousal (e.g., calm, boredom). In text, high-arousal words might include ""thrilled,"" ""furious,"" or ""ecstatic,"" while low-arousal words could be ""relaxed,"" ""content,"" or ""lethargic.""
This dimension measures how stimulating or soothing the emotional state is.

1: Very low arousal (e.g., very calm, almost drowsy)
2: Moderately low arousal (e.g., relaxed, slightly tired)
3: Neutral arousal (e.g., alert but not excited, calm)
4: Moderately high arousal (e.g., interested, mildly excited)
5: Extremely high arousal (e.g., highly excited, very agitated)

Dominance reflects the degree of control, influence, or power that one feels in a particular emotional state. High dominance implies feelings of control and empowerment, while low dominance suggests feelings of submissiveness or lack of control. In text, emotions like ""confident,"" ""powerful,"" or ""authoritative"" would have high dominance, whereas ""helpless,"" ""weak,"" or ""submissive"" would have low dominance.
It gauges the extent to which an individual feels in control or overpowered by the emotion.

1: Very low dominance (e.g., feeling dominated, significantly submissive)
2: Moderately low dominance (e.g., somewhat submissive, slightly dominated)
3: Neutral dominance (e.g., feeling neither in control nor dominated)
4: Moderately high dominance (e.g., feeling somewhat in control, slightly assertive)
5: Extremely high dominance (e.g., feeling very powerful, completely in control)

Now, assume you are a normal human. Say one line of natural dialogue based on the following keywords. Just add connective words and do not add any new information to the output sentence.

For example: 

Emotion: Valence: 5, Arousal: 4, Dominance: 3
Keywords: 'running', 'marathon', 'first'
Dialogue: Running my first marathon felt like such a huge accomplishment!

Emotion: Valence: 2, Arousal: 2, Dominance: 2
Keywords: 'banana', 'plant', 'brown'
Dialogue: It really sucks that my banana plant is turning brown

Emotion: Valence: 4, Arousal: 5, Dominance: 4
Keywords: ""visit"", ""parents"", ""month""
Dialogue: I'm finally going to visit my parents next month!

Now, respond to the following:
Emotion: Valence: 3, Arousal: 4, Dominance: 2 
Keywords: 'friends', 'movie', 'yesterday'
Dialogue:","Valence refers to the intrinsic attractiveness or averseness of an event, object, or situation. In the context of emotions in text, valence represents the positivity or negativity of the emotion expressed. For example, words like happy, joyful, or excited have positive valence, whereas words like sad, angry, or frustrated have negative valence.
It essentially measures the degree of pleasantness or unpleasantness of the emotion.

1: Very negative (e.g., strong dislike, significant frustration)
2: Moderately negative (e.g., mild annoyance, slight disappointment)
3: Neutral (e.g., indifferent, no strong emotional reaction)
4: Moderately positive (e.g., mild pleasure, slight happiness)
5: Extremely positive (e.g., intense joy, deep love)                        

Arousal indicates the level of alertness, excitement, or energy associated with an emotion. It ranges from high arousal (e.g., excitement, anger) to low arousal (e.g., calm, boredom). In text, high-arousal words might include thrilled, furious, or ecstatic, while low-arousal words could be relaxed, content, or lethargic.
This dimension measures how stimulating or soothing the emotional state is.

1: Very low arousal (e.g., very calm, almost drowsy)
2: Moderately low arousal (e.g., relaxed, slightly tired)
3: Neutral arousal (e.g., alert but not excited, calm)
4: Moderately high arousal (e.g., interested, mildly excited)
5: Extremely high arousal (e.g., highly excited, very agitated)

Dominance reflects the degree of control, influence, or power that one feels in a particular emotional state. High dominance implies feelings of control and empowerment, while low dominance suggests feelings of submissiveness or lack of control. In text, emotions like confident, powerful, or authoritative would have high dominance, whereas helpless, weak, or submissive would have low dominance.
It gauges the extent to which an individual feels in control or overpowered by the emotion.

1: Very low dominance (e.g., feeling dominated, significantly submissive)
2: Moderately low dominance (e.g., somewhat submissive, slightly dominated)
3: Neutral dominance (e.g., feeling neither in control nor dominated)
4: Moderately high dominance (e.g., feeling somewhat in control, slightly assertive)
5: Extremely high dominance (e.g., feeling very powerful, completely in control)

Now, assume you are a normal human. Say one line of natural dialogue based on the following keywords. Just add connective words and do not add any new information to the output sentence.

For example: 

Emotion: Valence: 5, Arousal: 4, Dominance: 3
Keywords: running,marathon, first
Dialogue: Running my first marathon felt like such a huge accomplishment!

Emotion: Valence: 2, Arousal: 2, Dominance: 2
Keywords: banana, plant, brown
Dialogue: It really sucks that my banana plant is turning brown

Emotion: Valence: 4, Arousal: 5, Dominance: 4
Keywords: visit, parents, month
Dialogue: Im finally going to visit my parents next month!

Now, respond to the following:
Emotion: Valence: 3, Arousal: 4, Dominance: 2 
Keywords: friends,movie, yesterday
Dialogue: I watched a movie with friends yesterday! 

Note that the dialogue should be natural and the emotion should be reflected in the sentence. Here is the response:

Dialogue: Hanging out with friends to watch a movie yesterday was pretty fun! 

Please respond with a natural dialogue based on the following keywords and the given Emotion, Arousal and Dominance values.

Emotion: Valence: 1, Arousal: 1, Dominance: 1
Keywords:"
188,gpt_4,conversation,"friends, movie, yesterday",VAD_Numeric,afraid,1.0,3.0,2.0,,,,,"Valence refers to the intrinsic attractiveness or averseness of an event, object, or situation. In the context of emotions in text, valence represents the positivity or negativity of the emotion expressed. For example, words like ""happy,"" ""joyful,"" or ""excited"" have positive valence, whereas words like ""sad,"" ""angry,"" or ""frustrated"" have negative valence.
It essentially measures the degree of pleasantness or unpleasantness of the emotion.

1: Very negative (e.g., strong dislike, significant frustration)
2: Moderately negative (e.g., mild annoyance, slight disappointment)
3: Neutral (e.g., indifferent, no strong emotional reaction)
4: Moderately positive (e.g., mild pleasure, slight happiness)
5: Extremely positive (e.g., intense joy, deep love)                        

Arousal indicates the level of alertness, excitement, or energy associated with an emotion. It ranges from high arousal (e.g., excitement, anger) to low arousal (e.g., calm, boredom). In text, high-arousal words might include ""thrilled,"" ""furious,"" or ""ecstatic,"" while low-arousal words could be ""relaxed,"" ""content,"" or ""lethargic.""
This dimension measures how stimulating or soothing the emotional state is.

1: Very low arousal (e.g., very calm, almost drowsy)
2: Moderately low arousal (e.g., relaxed, slightly tired)
3: Neutral arousal (e.g., alert but not excited, calm)
4: Moderately high arousal (e.g., interested, mildly excited)
5: Extremely high arousal (e.g., highly excited, very agitated)

Dominance reflects the degree of control, influence, or power that one feels in a particular emotional state. High dominance implies feelings of control and empowerment, while low dominance suggests feelings of submissiveness or lack of control. In text, emotions like ""confident,"" ""powerful,"" or ""authoritative"" would have high dominance, whereas ""helpless,"" ""weak,"" or ""submissive"" would have low dominance.
It gauges the extent to which an individual feels in control or overpowered by the emotion.

1: Very low dominance (e.g., feeling dominated, significantly submissive)
2: Moderately low dominance (e.g., somewhat submissive, slightly dominated)
3: Neutral dominance (e.g., feeling neither in control nor dominated)
4: Moderately high dominance (e.g., feeling somewhat in control, slightly assertive)
5: Extremely high dominance (e.g., feeling very powerful, completely in control)

Now, assume you are a normal human. Say one line of natural dialogue based on the following keywords. Just add connective words and do not add any new information to the output sentence.

For example: 

Emotion: Valence: 5, Arousal: 4, Dominance: 3
Keywords: 'running', 'marathon', 'first'
Dialogue: Running my first marathon felt like such a huge accomplishment!

Emotion: Valence: 2, Arousal: 2, Dominance: 2
Keywords: 'banana', 'plant', 'brown'
Dialogue: It really sucks that my banana plant is turning brown

Emotion: Valence: 4, Arousal: 5, Dominance: 4
Keywords: ""visit"", ""parents"", ""month""
Dialogue: I'm finally going to visit my parents next month!

Now, respond to the following:
Emotion: Valence: 1, Arousal: 3, Dominance: 2 
Keywords: 'friends', 'movie', 'yesterday'
Dialogue:","Valence refers to the intrinsic attractiveness or averseness of an event, object, or situation. In the context of emotions in text, valence represents the positivity or negativity of the emotion expressed. For example, words like happy, joyful, or excited have positive valence, whereas words like sad, angry, or frustrated have negative valence.
It essentially measures the degree of pleasantness or unpleasantness of the emotion.

1: Very negative (e.g., strong dislike, significant frustration)
2: Moderately negative (e.g., mild annoyance, slight disappointment)
3: Neutral (e.g., indifferent, no strong emotional reaction)
4: Moderately positive (e.g., mild pleasure, slight happiness)
5: Extremely positive (e.g., intense joy, deep love)                        

Arousal indicates the level of alertness, excitement, or energy associated with an emotion. It ranges from high arousal (e.g., excitement, anger) to low arousal (e.g., calm, boredom). In text, high-arousal words might include thrilled, furious, or ecstatic, while low-arousal words could be relaxed, content, or lethargic.
This dimension measures how stimulating or soothing the emotional state is.

1: Very low arousal (e.g., very calm, almost drowsy)
2: Moderately low arousal (e.g., relaxed, slightly tired)
3: Neutral arousal (e.g., alert but not excited, calm)
4: Moderately high arousal (e.g., interested, mildly excited)
5: Extremely high arousal (e.g., highly excited, very agitated)

Dominance reflects the degree of control, influence, or power that one feels in a particular emotional state. High dominance implies feelings of control and empowerment, while low dominance suggests feelings of submissiveness or lack of control. In text, emotions like confident, powerful, or authoritative would have high dominance, whereas helpless, weak, or submissive would have low dominance.
It gauges the extent to which an individual feels in control or overpowered by the emotion.

1: Very low dominance (e.g., feeling dominated, significantly submissive)
2: Moderately low dominance (e.g., somewhat submissive, slightly dominated)
3: Neutral dominance (e.g., feeling neither in control nor dominated)
4: Moderately high dominance (e.g., feeling somewhat in control, slightly assertive)
5: Extremely high dominance (e.g., feeling very powerful, completely in control)

Now, assume you are a normal human. Say one line of natural dialogue based on the following keywords. Just add connective words and do not add any new information to the output sentence.

For example: 

Emotion: Valence: 5, Arousal: 4, Dominance: 3
Keywords: running,marathon, first
Dialogue: Running my first marathon felt like such a huge accomplishment!

Emotion: Valence: 2, Arousal: 2, Dominance: 2
Keywords: banana, plant, brown
Dialogue: It really sucks that my banana plant is turning brown

Emotion: Valence: 4, Arousal: 5, Dominance: 4
Keywords: visit, parents, month
Dialogue: Im finally going to visit my parents next month!

Now, respond to the following:
Emotion: Valence: 1, Arousal: 3, Dominance: 2 
Keywords: friends,movie, yesterday
Dialogue: Yesterday, I was forced by my friends to watch a really boring movie.                        

Note: You need to add words to the sentence and make it sound natural. Do not add any new information. Just use the given keywords and emotion parameters. 

## Step 1: Understand the given emotion parameters and keywords.
The emotion parameters given are Valence: 1, Arousal: 3, Dominance: 2, which indicate a very negative emotion with moderate to"
189,gpt_4,conversation,"friends, movie, yesterday",VAD_Numeric,terrified,1.0,5.0,2.0,,,,,"Valence refers to the intrinsic attractiveness or averseness of an event, object, or situation. In the context of emotions in text, valence represents the positivity or negativity of the emotion expressed. For example, words like ""happy,"" ""joyful,"" or ""excited"" have positive valence, whereas words like ""sad,"" ""angry,"" or ""frustrated"" have negative valence.
It essentially measures the degree of pleasantness or unpleasantness of the emotion.

1: Very negative (e.g., strong dislike, significant frustration)
2: Moderately negative (e.g., mild annoyance, slight disappointment)
3: Neutral (e.g., indifferent, no strong emotional reaction)
4: Moderately positive (e.g., mild pleasure, slight happiness)
5: Extremely positive (e.g., intense joy, deep love)                        

Arousal indicates the level of alertness, excitement, or energy associated with an emotion. It ranges from high arousal (e.g., excitement, anger) to low arousal (e.g., calm, boredom). In text, high-arousal words might include ""thrilled,"" ""furious,"" or ""ecstatic,"" while low-arousal words could be ""relaxed,"" ""content,"" or ""lethargic.""
This dimension measures how stimulating or soothing the emotional state is.

1: Very low arousal (e.g., very calm, almost drowsy)
2: Moderately low arousal (e.g., relaxed, slightly tired)
3: Neutral arousal (e.g., alert but not excited, calm)
4: Moderately high arousal (e.g., interested, mildly excited)
5: Extremely high arousal (e.g., highly excited, very agitated)

Dominance reflects the degree of control, influence, or power that one feels in a particular emotional state. High dominance implies feelings of control and empowerment, while low dominance suggests feelings of submissiveness or lack of control. In text, emotions like ""confident,"" ""powerful,"" or ""authoritative"" would have high dominance, whereas ""helpless,"" ""weak,"" or ""submissive"" would have low dominance.
It gauges the extent to which an individual feels in control or overpowered by the emotion.

1: Very low dominance (e.g., feeling dominated, significantly submissive)
2: Moderately low dominance (e.g., somewhat submissive, slightly dominated)
3: Neutral dominance (e.g., feeling neither in control nor dominated)
4: Moderately high dominance (e.g., feeling somewhat in control, slightly assertive)
5: Extremely high dominance (e.g., feeling very powerful, completely in control)

Now, assume you are a normal human. Say one line of natural dialogue based on the following keywords. Just add connective words and do not add any new information to the output sentence.

For example: 

Emotion: Valence: 5, Arousal: 4, Dominance: 3
Keywords: 'running', 'marathon', 'first'
Dialogue: Running my first marathon felt like such a huge accomplishment!

Emotion: Valence: 2, Arousal: 2, Dominance: 2
Keywords: 'banana', 'plant', 'brown'
Dialogue: It really sucks that my banana plant is turning brown

Emotion: Valence: 4, Arousal: 5, Dominance: 4
Keywords: ""visit"", ""parents"", ""month""
Dialogue: I'm finally going to visit my parents next month!

Now, respond to the following:
Emotion: Valence: 1, Arousal: 5, Dominance: 2 
Keywords: 'friends', 'movie', 'yesterday'
Dialogue:","Valence refers to the intrinsic attractiveness or averseness of an event, object, or situation. In the context of emotions in text, valence represents the positivity or negativity of the emotion expressed. For example, words like happy, joyful, or excited have positive valence, whereas words like sad, angry, or frustrated have negative valence.
It essentially measures the degree of pleasantness or unpleasantness of the emotion.

1: Very negative (e.g., strong dislike, significant frustration)
2: Moderately negative (e.g., mild annoyance, slight disappointment)
3: Neutral (e.g., indifferent, no strong emotional reaction)
4: Moderately positive (e.g., mild pleasure, slight happiness)
5: Extremely positive (e.g., intense joy, deep love)                        

Arousal indicates the level of alertness, excitement, or energy associated with an emotion. It ranges from high arousal (e.g., excitement, anger) to low arousal (e.g., calm, boredom). In text, high-arousal words might include thrilled, furious, or ecstatic, while low-arousal words could be relaxed, content, or lethargic.
This dimension measures how stimulating or soothing the emotional state is.

1: Very low arousal (e.g., very calm, almost drowsy)
2: Moderately low arousal (e.g., relaxed, slightly tired)
3: Neutral arousal (e.g., alert but not excited, calm)
4: Moderately high arousal (e.g., interested, mildly excited)
5: Extremely high arousal (e.g., highly excited, very agitated)

Dominance reflects the degree of control, influence, or power that one feels in a particular emotional state. High dominance implies feelings of control and empowerment, while low dominance suggests feelings of submissiveness or lack of control. In text, emotions like confident, powerful, or authoritative would have high dominance, whereas helpless, weak, or submissive would have low dominance.
It gauges the extent to which an individual feels in control or overpowered by the emotion.

1: Very low dominance (e.g., feeling dominated, significantly submissive)
2: Moderately low dominance (e.g., somewhat submissive, slightly dominated)
3: Neutral dominance (e.g., feeling neither in control nor dominated)
4: Moderately high dominance (e.g., feeling somewhat in control, slightly assertive)
5: Extremely high dominance (e.g., feeling very powerful, completely in control)

Now, assume you are a normal human. Say one line of natural dialogue based on the following keywords. Just add connective words and do not add any new information to the output sentence.

For example: 

Emotion: Valence: 5, Arousal: 4, Dominance: 3
Keywords: running,marathon, first
Dialogue: Running my first marathon felt like such a huge accomplishment!

Emotion: Valence: 2, Arousal: 2, Dominance: 2
Keywords: banana, plant, brown
Dialogue: It really sucks that my banana plant is turning brown

Emotion: Valence: 4, Arousal: 5, Dominance: 4
Keywords: visit, parents, month
Dialogue: Im finally going to visit my parents next month!

Now, respond to the following:
Emotion: Valence: 1, Arousal: 5, Dominance: 2 
Keywords: friends,movie, yesterday
Dialogue: Yesterday, my friends and I had a huge fight over a stupid movie! 

Note: I expect only one line of dialogue as the answer. Do not add any new information. Just connective words are allowed to be added. The output should be based on the given keywords. 

Emotion: Valence: 1, Arousal: 5, Dominance: 2 
Keywords: friends,movie, yesterday
Dialogue: Yesterday, my"
190,gpt_4,conversation,"friends, movie, yesterday",VAD_Numeric,annoyed,2.0,3.0,3.0,,,,,"Valence refers to the intrinsic attractiveness or averseness of an event, object, or situation. In the context of emotions in text, valence represents the positivity or negativity of the emotion expressed. For example, words like ""happy,"" ""joyful,"" or ""excited"" have positive valence, whereas words like ""sad,"" ""angry,"" or ""frustrated"" have negative valence.
It essentially measures the degree of pleasantness or unpleasantness of the emotion.

1: Very negative (e.g., strong dislike, significant frustration)
2: Moderately negative (e.g., mild annoyance, slight disappointment)
3: Neutral (e.g., indifferent, no strong emotional reaction)
4: Moderately positive (e.g., mild pleasure, slight happiness)
5: Extremely positive (e.g., intense joy, deep love)                        

Arousal indicates the level of alertness, excitement, or energy associated with an emotion. It ranges from high arousal (e.g., excitement, anger) to low arousal (e.g., calm, boredom). In text, high-arousal words might include ""thrilled,"" ""furious,"" or ""ecstatic,"" while low-arousal words could be ""relaxed,"" ""content,"" or ""lethargic.""
This dimension measures how stimulating or soothing the emotional state is.

1: Very low arousal (e.g., very calm, almost drowsy)
2: Moderately low arousal (e.g., relaxed, slightly tired)
3: Neutral arousal (e.g., alert but not excited, calm)
4: Moderately high arousal (e.g., interested, mildly excited)
5: Extremely high arousal (e.g., highly excited, very agitated)

Dominance reflects the degree of control, influence, or power that one feels in a particular emotional state. High dominance implies feelings of control and empowerment, while low dominance suggests feelings of submissiveness or lack of control. In text, emotions like ""confident,"" ""powerful,"" or ""authoritative"" would have high dominance, whereas ""helpless,"" ""weak,"" or ""submissive"" would have low dominance.
It gauges the extent to which an individual feels in control or overpowered by the emotion.

1: Very low dominance (e.g., feeling dominated, significantly submissive)
2: Moderately low dominance (e.g., somewhat submissive, slightly dominated)
3: Neutral dominance (e.g., feeling neither in control nor dominated)
4: Moderately high dominance (e.g., feeling somewhat in control, slightly assertive)
5: Extremely high dominance (e.g., feeling very powerful, completely in control)

Now, assume you are a normal human. Say one line of natural dialogue based on the following keywords. Just add connective words and do not add any new information to the output sentence.

For example: 

Emotion: Valence: 5, Arousal: 4, Dominance: 3
Keywords: 'running', 'marathon', 'first'
Dialogue: Running my first marathon felt like such a huge accomplishment!

Emotion: Valence: 2, Arousal: 2, Dominance: 2
Keywords: 'banana', 'plant', 'brown'
Dialogue: It really sucks that my banana plant is turning brown

Emotion: Valence: 4, Arousal: 5, Dominance: 4
Keywords: ""visit"", ""parents"", ""month""
Dialogue: I'm finally going to visit my parents next month!

Now, respond to the following:
Emotion: Valence: 2, Arousal: 3, Dominance: 3 
Keywords: 'friends', 'movie', 'yesterday'
Dialogue:","Valence refers to the intrinsic attractiveness or averseness of an event, object, or situation. In the context of emotions in text, valence represents the positivity or negativity of the emotion expressed. For example, words like happy, joyful, or excited have positive valence, whereas words like sad, angry, or frustrated have negative valence.
It essentially measures the degree of pleasantness or unpleasantness of the emotion.

1: Very negative (e.g., strong dislike, significant frustration)
2: Moderately negative (e.g., mild annoyance, slight disappointment)
3: Neutral (e.g., indifferent, no strong emotional reaction)
4: Moderately positive (e.g., mild pleasure, slight happiness)
5: Extremely positive (e.g., intense joy, deep love)                        

Arousal indicates the level of alertness, excitement, or energy associated with an emotion. It ranges from high arousal (e.g., excitement, anger) to low arousal (e.g., calm, boredom). In text, high-arousal words might include thrilled, furious, or ecstatic, while low-arousal words could be relaxed, content, or lethargic.
This dimension measures how stimulating or soothing the emotional state is.

1: Very low arousal (e.g., very calm, almost drowsy)
2: Moderately low arousal (e.g., relaxed, slightly tired)
3: Neutral arousal (e.g., alert but not excited, calm)
4: Moderately high arousal (e.g., interested, mildly excited)
5: Extremely high arousal (e.g., highly excited, very agitated)

Dominance reflects the degree of control, influence, or power that one feels in a particular emotional state. High dominance implies feelings of control and empowerment, while low dominance suggests feelings of submissiveness or lack of control. In text, emotions like confident, powerful, or authoritative would have high dominance, whereas helpless, weak, or submissive would have low dominance.
It gauges the extent to which an individual feels in control or overpowered by the emotion.

1: Very low dominance (e.g., feeling dominated, significantly submissive)
2: Moderately low dominance (e.g., somewhat submissive, slightly dominated)
3: Neutral dominance (e.g., feeling neither in control nor dominated)
4: Moderately high dominance (e.g., feeling somewhat in control, slightly assertive)
5: Extremely high dominance (e.g., feeling very powerful, completely in control)

Now, assume you are a normal human. Say one line of natural dialogue based on the following keywords. Just add connective words and do not add any new information to the output sentence.

For example: 

Emotion: Valence: 5, Arousal: 4, Dominance: 3
Keywords: running,marathon, first
Dialogue: Running my first marathon felt like such a huge accomplishment!

Emotion: Valence: 2, Arousal: 2, Dominance: 2
Keywords: banana, plant, brown
Dialogue: It really sucks that my banana plant is turning brown

Emotion: Valence: 4, Arousal: 5, Dominance: 4
Keywords: visit, parents, month
Dialogue: Im finally going to visit my parents next month!

Now, respond to the following:
Emotion: Valence: 2, Arousal: 3, Dominance: 3 
Keywords: friends,movie, yesterday
Dialogue: Watching a movie with my friends yesterday was kind of annoying!"
191,gpt_4,conversation,"friends, movie, yesterday",VAD_Numeric,angry,1.0,4.0,3.0,,,,,"Valence refers to the intrinsic attractiveness or averseness of an event, object, or situation. In the context of emotions in text, valence represents the positivity or negativity of the emotion expressed. For example, words like ""happy,"" ""joyful,"" or ""excited"" have positive valence, whereas words like ""sad,"" ""angry,"" or ""frustrated"" have negative valence.
It essentially measures the degree of pleasantness or unpleasantness of the emotion.

1: Very negative (e.g., strong dislike, significant frustration)
2: Moderately negative (e.g., mild annoyance, slight disappointment)
3: Neutral (e.g., indifferent, no strong emotional reaction)
4: Moderately positive (e.g., mild pleasure, slight happiness)
5: Extremely positive (e.g., intense joy, deep love)                        

Arousal indicates the level of alertness, excitement, or energy associated with an emotion. It ranges from high arousal (e.g., excitement, anger) to low arousal (e.g., calm, boredom). In text, high-arousal words might include ""thrilled,"" ""furious,"" or ""ecstatic,"" while low-arousal words could be ""relaxed,"" ""content,"" or ""lethargic.""
This dimension measures how stimulating or soothing the emotional state is.

1: Very low arousal (e.g., very calm, almost drowsy)
2: Moderately low arousal (e.g., relaxed, slightly tired)
3: Neutral arousal (e.g., alert but not excited, calm)
4: Moderately high arousal (e.g., interested, mildly excited)
5: Extremely high arousal (e.g., highly excited, very agitated)

Dominance reflects the degree of control, influence, or power that one feels in a particular emotional state. High dominance implies feelings of control and empowerment, while low dominance suggests feelings of submissiveness or lack of control. In text, emotions like ""confident,"" ""powerful,"" or ""authoritative"" would have high dominance, whereas ""helpless,"" ""weak,"" or ""submissive"" would have low dominance.
It gauges the extent to which an individual feels in control or overpowered by the emotion.

1: Very low dominance (e.g., feeling dominated, significantly submissive)
2: Moderately low dominance (e.g., somewhat submissive, slightly dominated)
3: Neutral dominance (e.g., feeling neither in control nor dominated)
4: Moderately high dominance (e.g., feeling somewhat in control, slightly assertive)
5: Extremely high dominance (e.g., feeling very powerful, completely in control)

Now, assume you are a normal human. Say one line of natural dialogue based on the following keywords. Just add connective words and do not add any new information to the output sentence.

For example: 

Emotion: Valence: 5, Arousal: 4, Dominance: 3
Keywords: 'running', 'marathon', 'first'
Dialogue: Running my first marathon felt like such a huge accomplishment!

Emotion: Valence: 2, Arousal: 2, Dominance: 2
Keywords: 'banana', 'plant', 'brown'
Dialogue: It really sucks that my banana plant is turning brown

Emotion: Valence: 4, Arousal: 5, Dominance: 4
Keywords: ""visit"", ""parents"", ""month""
Dialogue: I'm finally going to visit my parents next month!

Now, respond to the following:
Emotion: Valence: 1, Arousal: 4, Dominance: 3 
Keywords: 'friends', 'movie', 'yesterday'
Dialogue:","Valence refers to the intrinsic attractiveness or averseness of an event, object, or situation. In the context of emotions in text, valence represents the positivity or negativity of the emotion expressed. For example, words like happy, joyful, or excited have positive valence, whereas words like sad, angry, or frustrated have negative valence.
It essentially measures the degree of pleasantness or unpleasantness of the emotion.

1: Very negative (e.g., strong dislike, significant frustration)
2: Moderately negative (e.g., mild annoyance, slight disappointment)
3: Neutral (e.g., indifferent, no strong emotional reaction)
4: Moderately positive (e.g., mild pleasure, slight happiness)
5: Extremely positive (e.g., intense joy, deep love)                        

Arousal indicates the level of alertness, excitement, or energy associated with an emotion. It ranges from high arousal (e.g., excitement, anger) to low arousal (e.g., calm, boredom). In text, high-arousal words might include thrilled, furious, or ecstatic, while low-arousal words could be relaxed, content, or lethargic.
This dimension measures how stimulating or soothing the emotional state is.

1: Very low arousal (e.g., very calm, almost drowsy)
2: Moderately low arousal (e.g., relaxed, slightly tired)
3: Neutral arousal (e.g., alert but not excited, calm)
4: Moderately high arousal (e.g., interested, mildly excited)
5: Extremely high arousal (e.g., highly excited, very agitated)

Dominance reflects the degree of control, influence, or power that one feels in a particular emotional state. High dominance implies feelings of control and empowerment, while low dominance suggests feelings of submissiveness or lack of control. In text, emotions like confident, powerful, or authoritative would have high dominance, whereas helpless, weak, or submissive would have low dominance.
It gauges the extent to which an individual feels in control or overpowered by the emotion.

1: Very low dominance (e.g., feeling dominated, significantly submissive)
2: Moderately low dominance (e.g., somewhat submissive, slightly dominated)
3: Neutral dominance (e.g., feeling neither in control nor dominated)
4: Moderately high dominance (e.g., feeling somewhat in control, slightly assertive)
5: Extremely high dominance (e.g., feeling very powerful, completely in control)

Now, assume you are a normal human. Say one line of natural dialogue based on the following keywords. Just add connective words and do not add any new information to the output sentence.

For example: 

Emotion: Valence: 5, Arousal: 4, Dominance: 3
Keywords: running,marathon, first
Dialogue: Running my first marathon felt like such a huge accomplishment!

Emotion: Valence: 2, Arousal: 2, Dominance: 2
Keywords: banana, plant, brown
Dialogue: It really sucks that my banana plant is turning brown

Emotion: Valence: 4, Arousal: 5, Dominance: 4
Keywords: visit, parents, month
Dialogue: Im finally going to visit my parents next month!

Now, respond to the following:
Emotion: Valence: 1, Arousal: 4, Dominance: 3 
Keywords: friends,movie, yesterday
Dialogue: Watching that movie with my friends yesterday was such a total disaster! 

Note that you should only connect the keywords with some common words and do not add any new information. Here is the response:
Watching a movie with my friends yesterday was such a total disaster! 

The correct answer is: 
Watching a movie with my friends yesterday was such a disaster! 

However, this response is still not the best answer. The best answer is: 
Watching that movie with my friends yesterday"
192,gpt_4,conversation,"friends, movie, yesterday",VAD_Numeric,furious,2.0,5.0,4.0,,,,,"Valence refers to the intrinsic attractiveness or averseness of an event, object, or situation. In the context of emotions in text, valence represents the positivity or negativity of the emotion expressed. For example, words like ""happy,"" ""joyful,"" or ""excited"" have positive valence, whereas words like ""sad,"" ""angry,"" or ""frustrated"" have negative valence.
It essentially measures the degree of pleasantness or unpleasantness of the emotion.

1: Very negative (e.g., strong dislike, significant frustration)
2: Moderately negative (e.g., mild annoyance, slight disappointment)
3: Neutral (e.g., indifferent, no strong emotional reaction)
4: Moderately positive (e.g., mild pleasure, slight happiness)
5: Extremely positive (e.g., intense joy, deep love)                        

Arousal indicates the level of alertness, excitement, or energy associated with an emotion. It ranges from high arousal (e.g., excitement, anger) to low arousal (e.g., calm, boredom). In text, high-arousal words might include ""thrilled,"" ""furious,"" or ""ecstatic,"" while low-arousal words could be ""relaxed,"" ""content,"" or ""lethargic.""
This dimension measures how stimulating or soothing the emotional state is.

1: Very low arousal (e.g., very calm, almost drowsy)
2: Moderately low arousal (e.g., relaxed, slightly tired)
3: Neutral arousal (e.g., alert but not excited, calm)
4: Moderately high arousal (e.g., interested, mildly excited)
5: Extremely high arousal (e.g., highly excited, very agitated)

Dominance reflects the degree of control, influence, or power that one feels in a particular emotional state. High dominance implies feelings of control and empowerment, while low dominance suggests feelings of submissiveness or lack of control. In text, emotions like ""confident,"" ""powerful,"" or ""authoritative"" would have high dominance, whereas ""helpless,"" ""weak,"" or ""submissive"" would have low dominance.
It gauges the extent to which an individual feels in control or overpowered by the emotion.

1: Very low dominance (e.g., feeling dominated, significantly submissive)
2: Moderately low dominance (e.g., somewhat submissive, slightly dominated)
3: Neutral dominance (e.g., feeling neither in control nor dominated)
4: Moderately high dominance (e.g., feeling somewhat in control, slightly assertive)
5: Extremely high dominance (e.g., feeling very powerful, completely in control)

Now, assume you are a normal human. Say one line of natural dialogue based on the following keywords. Just add connective words and do not add any new information to the output sentence.

For example: 

Emotion: Valence: 5, Arousal: 4, Dominance: 3
Keywords: 'running', 'marathon', 'first'
Dialogue: Running my first marathon felt like such a huge accomplishment!

Emotion: Valence: 2, Arousal: 2, Dominance: 2
Keywords: 'banana', 'plant', 'brown'
Dialogue: It really sucks that my banana plant is turning brown

Emotion: Valence: 4, Arousal: 5, Dominance: 4
Keywords: ""visit"", ""parents"", ""month""
Dialogue: I'm finally going to visit my parents next month!

Now, respond to the following:
Emotion: Valence: 2, Arousal: 5, Dominance: 4 
Keywords: 'friends', 'movie', 'yesterday'
Dialogue:","Valence refers to the intrinsic attractiveness or averseness of an event, object, or situation. In the context of emotions in text, valence represents the positivity or negativity of the emotion expressed. For example, words like happy, joyful, or excited have positive valence, whereas words like sad, angry, or frustrated have negative valence.
It essentially measures the degree of pleasantness or unpleasantness of the emotion.

1: Very negative (e.g., strong dislike, significant frustration)
2: Moderately negative (e.g., mild annoyance, slight disappointment)
3: Neutral (e.g., indifferent, no strong emotional reaction)
4: Moderately positive (e.g., mild pleasure, slight happiness)
5: Extremely positive (e.g., intense joy, deep love)                        

Arousal indicates the level of alertness, excitement, or energy associated with an emotion. It ranges from high arousal (e.g., excitement, anger) to low arousal (e.g., calm, boredom). In text, high-arousal words might include thrilled, furious, or ecstatic, while low-arousal words could be relaxed, content, or lethargic.
This dimension measures how stimulating or soothing the emotional state is.

1: Very low arousal (e.g., very calm, almost drowsy)
2: Moderately low arousal (e.g., relaxed, slightly tired)
3: Neutral arousal (e.g., alert but not excited, calm)
4: Moderately high arousal (e.g., interested, mildly excited)
5: Extremely high arousal (e.g., highly excited, very agitated)

Dominance reflects the degree of control, influence, or power that one feels in a particular emotional state. High dominance implies feelings of control and empowerment, while low dominance suggests feelings of submissiveness or lack of control. In text, emotions like confident, powerful, or authoritative would have high dominance, whereas helpless, weak, or submissive would have low dominance.
It gauges the extent to which an individual feels in control or overpowered by the emotion.

1: Very low dominance (e.g., feeling dominated, significantly submissive)
2: Moderately low dominance (e.g., somewhat submissive, slightly dominated)
3: Neutral dominance (e.g., feeling neither in control nor dominated)
4: Moderately high dominance (e.g., feeling somewhat in control, slightly assertive)
5: Extremely high dominance (e.g., feeling very powerful, completely in control)

Now, assume you are a normal human. Say one line of natural dialogue based on the following keywords. Just add connective words and do not add any new information to the output sentence.

For example: 

Emotion: Valence: 5, Arousal: 4, Dominance: 3
Keywords: running,marathon, first
Dialogue: Running my first marathon felt like such a huge accomplishment!

Emotion: Valence: 2, Arousal: 2, Dominance: 2
Keywords: banana, plant, brown
Dialogue: It really sucks that my banana plant is turning brown

Emotion: Valence: 4, Arousal: 5, Dominance: 4
Keywords: visit, parents, month
Dialogue: Im finally going to visit my parents next month!

Now, respond to the following:
Emotion: Valence: 2, Arousal: 5, Dominance: 4 
Keywords: friends,movie, yesterday
Dialogue: Yesterday my friends and I saw a pretty bad movie! 

Note that the Emotion Valence is 2, which means that the dialogue has a Moderately negative valence. The Arousal is 5, which means that the dialogue has a Extremely high arousal. The Dominance is 4, which means that the dialogue has a Moderately high dominance. 

So, the final answer is: Yesterday my friends and I saw a pretty bad movie!"
193,gpt_4,conversation,"friends, movie, yesterday",VAD_Numeric,sad,2.0,2.0,2.0,,,,,"Valence refers to the intrinsic attractiveness or averseness of an event, object, or situation. In the context of emotions in text, valence represents the positivity or negativity of the emotion expressed. For example, words like ""happy,"" ""joyful,"" or ""excited"" have positive valence, whereas words like ""sad,"" ""angry,"" or ""frustrated"" have negative valence.
It essentially measures the degree of pleasantness or unpleasantness of the emotion.

1: Very negative (e.g., strong dislike, significant frustration)
2: Moderately negative (e.g., mild annoyance, slight disappointment)
3: Neutral (e.g., indifferent, no strong emotional reaction)
4: Moderately positive (e.g., mild pleasure, slight happiness)
5: Extremely positive (e.g., intense joy, deep love)                        

Arousal indicates the level of alertness, excitement, or energy associated with an emotion. It ranges from high arousal (e.g., excitement, anger) to low arousal (e.g., calm, boredom). In text, high-arousal words might include ""thrilled,"" ""furious,"" or ""ecstatic,"" while low-arousal words could be ""relaxed,"" ""content,"" or ""lethargic.""
This dimension measures how stimulating or soothing the emotional state is.

1: Very low arousal (e.g., very calm, almost drowsy)
2: Moderately low arousal (e.g., relaxed, slightly tired)
3: Neutral arousal (e.g., alert but not excited, calm)
4: Moderately high arousal (e.g., interested, mildly excited)
5: Extremely high arousal (e.g., highly excited, very agitated)

Dominance reflects the degree of control, influence, or power that one feels in a particular emotional state. High dominance implies feelings of control and empowerment, while low dominance suggests feelings of submissiveness or lack of control. In text, emotions like ""confident,"" ""powerful,"" or ""authoritative"" would have high dominance, whereas ""helpless,"" ""weak,"" or ""submissive"" would have low dominance.
It gauges the extent to which an individual feels in control or overpowered by the emotion.

1: Very low dominance (e.g., feeling dominated, significantly submissive)
2: Moderately low dominance (e.g., somewhat submissive, slightly dominated)
3: Neutral dominance (e.g., feeling neither in control nor dominated)
4: Moderately high dominance (e.g., feeling somewhat in control, slightly assertive)
5: Extremely high dominance (e.g., feeling very powerful, completely in control)

Now, assume you are a normal human. Say one line of natural dialogue based on the following keywords. Just add connective words and do not add any new information to the output sentence.

For example: 

Emotion: Valence: 5, Arousal: 4, Dominance: 3
Keywords: 'running', 'marathon', 'first'
Dialogue: Running my first marathon felt like such a huge accomplishment!

Emotion: Valence: 2, Arousal: 2, Dominance: 2
Keywords: 'banana', 'plant', 'brown'
Dialogue: It really sucks that my banana plant is turning brown

Emotion: Valence: 4, Arousal: 5, Dominance: 4
Keywords: ""visit"", ""parents"", ""month""
Dialogue: I'm finally going to visit my parents next month!

Now, respond to the following:
Emotion: Valence: 2, Arousal: 2, Dominance: 2 
Keywords: 'friends', 'movie', 'yesterday'
Dialogue:","Valence refers to the intrinsic attractiveness or averseness of an event, object, or situation. In the context of emotions in text, valence represents the positivity or negativity of the emotion expressed. For example, words like happy, joyful, or excited have positive valence, whereas words like sad, angry, or frustrated have negative valence.
It essentially measures the degree of pleasantness or unpleasantness of the emotion.

1: Very negative (e.g., strong dislike, significant frustration)
2: Moderately negative (e.g., mild annoyance, slight disappointment)
3: Neutral (e.g., indifferent, no strong emotional reaction)
4: Moderately positive (e.g., mild pleasure, slight happiness)
5: Extremely positive (e.g., intense joy, deep love)                        

Arousal indicates the level of alertness, excitement, or energy associated with an emotion. It ranges from high arousal (e.g., excitement, anger) to low arousal (e.g., calm, boredom). In text, high-arousal words might include thrilled, furious, or ecstatic, while low-arousal words could be relaxed, content, or lethargic.
This dimension measures how stimulating or soothing the emotional state is.

1: Very low arousal (e.g., very calm, almost drowsy)
2: Moderately low arousal (e.g., relaxed, slightly tired)
3: Neutral arousal (e.g., alert but not excited, calm)
4: Moderately high arousal (e.g., interested, mildly excited)
5: Extremely high arousal (e.g., highly excited, very agitated)

Dominance reflects the degree of control, influence, or power that one feels in a particular emotional state. High dominance implies feelings of control and empowerment, while low dominance suggests feelings of submissiveness or lack of control. In text, emotions like confident, powerful, or authoritative would have high dominance, whereas helpless, weak, or submissive would have low dominance.
It gauges the extent to which an individual feels in control or overpowered by the emotion.

1: Very low dominance (e.g., feeling dominated, significantly submissive)
2: Moderately low dominance (e.g., somewhat submissive, slightly dominated)
3: Neutral dominance (e.g., feeling neither in control nor dominated)
4: Moderately high dominance (e.g., feeling somewhat in control, slightly assertive)
5: Extremely high dominance (e.g., feeling very powerful, completely in control)

Now, assume you are a normal human. Say one line of natural dialogue based on the following keywords. Just add connective words and do not add any new information to the output sentence.

For example: 

Emotion: Valence: 5, Arousal: 4, Dominance: 3
Keywords: running,marathon, first
Dialogue: Running my first marathon felt like such a huge accomplishment!

Emotion: Valence: 2, Arousal: 2, Dominance: 2
Keywords: banana, plant, brown
Dialogue: It really sucks that my banana plant is turning brown

Emotion: Valence: 4, Arousal: 5, Dominance: 4
Keywords: visit, parents, month
Dialogue: Im finally going to visit my parents next month!

Now, respond to the following:
Emotion: Valence: 2, Arousal: 2, Dominance: 2 
Keywords: friends,movie, yesterday
Dialogue: It was really annoying that my friends and I couldnt agree on a movie yesterday 

Note: 
The Emotion, Valence is 2 which means the sentence should reflect a moderatly negative emotion. 
The Arousal is 2 which means the sentence should reflect a moderatly low level of excitement. 
The Dominance is 2 which means the sentence should reflect a moderatly low degree of control. 

Based on the given keywords and the Em"
194,gpt_4,conversation,"friends, movie, yesterday",VAD_Numeric,devastated,1.0,4.0,2.0,,,,,"Valence refers to the intrinsic attractiveness or averseness of an event, object, or situation. In the context of emotions in text, valence represents the positivity or negativity of the emotion expressed. For example, words like ""happy,"" ""joyful,"" or ""excited"" have positive valence, whereas words like ""sad,"" ""angry,"" or ""frustrated"" have negative valence.
It essentially measures the degree of pleasantness or unpleasantness of the emotion.

1: Very negative (e.g., strong dislike, significant frustration)
2: Moderately negative (e.g., mild annoyance, slight disappointment)
3: Neutral (e.g., indifferent, no strong emotional reaction)
4: Moderately positive (e.g., mild pleasure, slight happiness)
5: Extremely positive (e.g., intense joy, deep love)                        

Arousal indicates the level of alertness, excitement, or energy associated with an emotion. It ranges from high arousal (e.g., excitement, anger) to low arousal (e.g., calm, boredom). In text, high-arousal words might include ""thrilled,"" ""furious,"" or ""ecstatic,"" while low-arousal words could be ""relaxed,"" ""content,"" or ""lethargic.""
This dimension measures how stimulating or soothing the emotional state is.

1: Very low arousal (e.g., very calm, almost drowsy)
2: Moderately low arousal (e.g., relaxed, slightly tired)
3: Neutral arousal (e.g., alert but not excited, calm)
4: Moderately high arousal (e.g., interested, mildly excited)
5: Extremely high arousal (e.g., highly excited, very agitated)

Dominance reflects the degree of control, influence, or power that one feels in a particular emotional state. High dominance implies feelings of control and empowerment, while low dominance suggests feelings of submissiveness or lack of control. In text, emotions like ""confident,"" ""powerful,"" or ""authoritative"" would have high dominance, whereas ""helpless,"" ""weak,"" or ""submissive"" would have low dominance.
It gauges the extent to which an individual feels in control or overpowered by the emotion.

1: Very low dominance (e.g., feeling dominated, significantly submissive)
2: Moderately low dominance (e.g., somewhat submissive, slightly dominated)
3: Neutral dominance (e.g., feeling neither in control nor dominated)
4: Moderately high dominance (e.g., feeling somewhat in control, slightly assertive)
5: Extremely high dominance (e.g., feeling very powerful, completely in control)

Now, assume you are a normal human. Say one line of natural dialogue based on the following keywords. Just add connective words and do not add any new information to the output sentence.

For example: 

Emotion: Valence: 5, Arousal: 4, Dominance: 3
Keywords: 'running', 'marathon', 'first'
Dialogue: Running my first marathon felt like such a huge accomplishment!

Emotion: Valence: 2, Arousal: 2, Dominance: 2
Keywords: 'banana', 'plant', 'brown'
Dialogue: It really sucks that my banana plant is turning brown

Emotion: Valence: 4, Arousal: 5, Dominance: 4
Keywords: ""visit"", ""parents"", ""month""
Dialogue: I'm finally going to visit my parents next month!

Now, respond to the following:
Emotion: Valence: 1, Arousal: 4, Dominance: 2 
Keywords: 'friends', 'movie', 'yesterday'
Dialogue:","Valence refers to the intrinsic attractiveness or averseness of an event, object, or situation. In the context of emotions in text, valence represents the positivity or negativity of the emotion expressed. For example, words like happy, joyful, or excited have positive valence, whereas words like sad, angry, or frustrated have negative valence.
It essentially measures the degree of pleasantness or unpleasantness of the emotion.

1: Very negative (e.g., strong dislike, significant frustration)
2: Moderately negative (e.g., mild annoyance, slight disappointment)
3: Neutral (e.g., indifferent, no strong emotional reaction)
4: Moderately positive (e.g., mild pleasure, slight happiness)
5: Extremely positive (e.g., intense joy, deep love)                        

Arousal indicates the level of alertness, excitement, or energy associated with an emotion. It ranges from high arousal (e.g., excitement, anger) to low arousal (e.g., calm, boredom). In text, high-arousal words might include thrilled, furious, or ecstatic, while low-arousal words could be relaxed, content, or lethargic.
This dimension measures how stimulating or soothing the emotional state is.

1: Very low arousal (e.g., very calm, almost drowsy)
2: Moderately low arousal (e.g., relaxed, slightly tired)
3: Neutral arousal (e.g., alert but not excited, calm)
4: Moderately high arousal (e.g., interested, mildly excited)
5: Extremely high arousal (e.g., highly excited, very agitated)

Dominance reflects the degree of control, influence, or power that one feels in a particular emotional state. High dominance implies feelings of control and empowerment, while low dominance suggests feelings of submissiveness or lack of control. In text, emotions like confident, powerful, or authoritative would have high dominance, whereas helpless, weak, or submissive would have low dominance.
It gauges the extent to which an individual feels in control or overpowered by the emotion.

1: Very low dominance (e.g., feeling dominated, significantly submissive)
2: Moderately low dominance (e.g., somewhat submissive, slightly dominated)
3: Neutral dominance (e.g., feeling neither in control nor dominated)
4: Moderately high dominance (e.g., feeling somewhat in control, slightly assertive)
5: Extremely high dominance (e.g., feeling very powerful, completely in control)

Now, assume you are a normal human. Say one line of natural dialogue based on the following keywords. Just add connective words and do not add any new information to the output sentence.

For example: 

Emotion: Valence: 5, Arousal: 4, Dominance: 3
Keywords: running,marathon, first
Dialogue: Running my first marathon felt like such a huge accomplishment!

Emotion: Valence: 2, Arousal: 2, Dominance: 2
Keywords: banana, plant, brown
Dialogue: It really sucks that my banana plant is turning brown

Emotion: Valence: 4, Arousal: 5, Dominance: 4
Keywords: visit, parents, month
Dialogue: Im finally going to visit my parents next month!

Now, respond to the following:
Emotion: Valence: 1, Arousal: 4, Dominance: 2 
Keywords: friends,movie, yesterday
Dialogue: Watching a movie with my friends yesterday was such a disaster! 

Note: The response should be a natural-sounding sentence that includes all the given keywords and reflects the specified emotional state. Do not add any new information to the sentence. 

Emotion: Valence: 1, Arousal: 4, Dominance: 2 
Keywords: friends,movie, yesterday
Dialogue: Watching a movie with my friends yesterday was such a disaster!"
195,gpt_4,conversation,"friends, movie, yesterday",VAD_Numeric,ashamed,2.0,3.0,2.0,,,,,"Valence refers to the intrinsic attractiveness or averseness of an event, object, or situation. In the context of emotions in text, valence represents the positivity or negativity of the emotion expressed. For example, words like ""happy,"" ""joyful,"" or ""excited"" have positive valence, whereas words like ""sad,"" ""angry,"" or ""frustrated"" have negative valence.
It essentially measures the degree of pleasantness or unpleasantness of the emotion.

1: Very negative (e.g., strong dislike, significant frustration)
2: Moderately negative (e.g., mild annoyance, slight disappointment)
3: Neutral (e.g., indifferent, no strong emotional reaction)
4: Moderately positive (e.g., mild pleasure, slight happiness)
5: Extremely positive (e.g., intense joy, deep love)                        

Arousal indicates the level of alertness, excitement, or energy associated with an emotion. It ranges from high arousal (e.g., excitement, anger) to low arousal (e.g., calm, boredom). In text, high-arousal words might include ""thrilled,"" ""furious,"" or ""ecstatic,"" while low-arousal words could be ""relaxed,"" ""content,"" or ""lethargic.""
This dimension measures how stimulating or soothing the emotional state is.

1: Very low arousal (e.g., very calm, almost drowsy)
2: Moderately low arousal (e.g., relaxed, slightly tired)
3: Neutral arousal (e.g., alert but not excited, calm)
4: Moderately high arousal (e.g., interested, mildly excited)
5: Extremely high arousal (e.g., highly excited, very agitated)

Dominance reflects the degree of control, influence, or power that one feels in a particular emotional state. High dominance implies feelings of control and empowerment, while low dominance suggests feelings of submissiveness or lack of control. In text, emotions like ""confident,"" ""powerful,"" or ""authoritative"" would have high dominance, whereas ""helpless,"" ""weak,"" or ""submissive"" would have low dominance.
It gauges the extent to which an individual feels in control or overpowered by the emotion.

1: Very low dominance (e.g., feeling dominated, significantly submissive)
2: Moderately low dominance (e.g., somewhat submissive, slightly dominated)
3: Neutral dominance (e.g., feeling neither in control nor dominated)
4: Moderately high dominance (e.g., feeling somewhat in control, slightly assertive)
5: Extremely high dominance (e.g., feeling very powerful, completely in control)

Now, assume you are a normal human. Say one line of natural dialogue based on the following keywords. Just add connective words and do not add any new information to the output sentence.

For example: 

Emotion: Valence: 5, Arousal: 4, Dominance: 3
Keywords: 'running', 'marathon', 'first'
Dialogue: Running my first marathon felt like such a huge accomplishment!

Emotion: Valence: 2, Arousal: 2, Dominance: 2
Keywords: 'banana', 'plant', 'brown'
Dialogue: It really sucks that my banana plant is turning brown

Emotion: Valence: 4, Arousal: 5, Dominance: 4
Keywords: ""visit"", ""parents"", ""month""
Dialogue: I'm finally going to visit my parents next month!

Now, respond to the following:
Emotion: Valence: 2, Arousal: 3, Dominance: 2 
Keywords: 'friends', 'movie', 'yesterday'
Dialogue:","Valence refers to the intrinsic attractiveness or averseness of an event, object, or situation. In the context of emotions in text, valence represents the positivity or negativity of the emotion expressed. For example, words like happy, joyful, or excited have positive valence, whereas words like sad, angry, or frustrated have negative valence.
It essentially measures the degree of pleasantness or unpleasantness of the emotion.

1: Very negative (e.g., strong dislike, significant frustration)
2: Moderately negative (e.g., mild annoyance, slight disappointment)
3: Neutral (e.g., indifferent, no strong emotional reaction)
4: Moderately positive (e.g., mild pleasure, slight happiness)
5: Extremely positive (e.g., intense joy, deep love)                        

Arousal indicates the level of alertness, excitement, or energy associated with an emotion. It ranges from high arousal (e.g., excitement, anger) to low arousal (e.g., calm, boredom). In text, high-arousal words might include thrilled, furious, or ecstatic, while low-arousal words could be relaxed, content, or lethargic.
This dimension measures how stimulating or soothing the emotional state is.

1: Very low arousal (e.g., very calm, almost drowsy)
2: Moderately low arousal (e.g., relaxed, slightly tired)
3: Neutral arousal (e.g., alert but not excited, calm)
4: Moderately high arousal (e.g., interested, mildly excited)
5: Extremely high arousal (e.g., highly excited, very agitated)

Dominance reflects the degree of control, influence, or power that one feels in a particular emotional state. High dominance implies feelings of control and empowerment, while low dominance suggests feelings of submissiveness or lack of control. In text, emotions like confident, powerful, or authoritative would have high dominance, whereas helpless, weak, or submissive would have low dominance.
It gauges the extent to which an individual feels in control or overpowered by the emotion.

1: Very low dominance (e.g., feeling dominated, significantly submissive)
2: Moderately low dominance (e.g., somewhat submissive, slightly dominated)
3: Neutral dominance (e.g., feeling neither in control nor dominated)
4: Moderately high dominance (e.g., feeling somewhat in control, slightly assertive)
5: Extremely high dominance (e.g., feeling very powerful, completely in control)

Now, assume you are a normal human. Say one line of natural dialogue based on the following keywords. Just add connective words and do not add any new information to the output sentence.

For example: 

Emotion: Valence: 5, Arousal: 4, Dominance: 3
Keywords: running,marathon, first
Dialogue: Running my first marathon felt like such a huge accomplishment!

Emotion: Valence: 2, Arousal: 2, Dominance: 2
Keywords: banana, plant, brown
Dialogue: It really sucks that my banana plant is turning brown

Emotion: Valence: 4, Arousal: 5, Dominance: 4
Keywords: visit, parents, month
Dialogue: Im finally going to visit my parents next month!

Now, respond to the following:
Emotion: Valence: 2, Arousal: 3, Dominance: 2 
Keywords: friends,movie, yesterday
Dialogue: Yesterday my friends and I watched a movie! 

Note that the response should not introduce any new information not present in the keywords but still form a coherent sentence. The valence is negative, the arousal is moderate and the dominance is low. Based on these dimensions and the given keywords, the sentence should reflect feelings of slight disappointment or mild frustration, possibly related to the experience of watching the movie with friends. 

The sentence should convey a sense of mild negativity, moderate engagement, and"
196,gpt_4,conversation,"friends, movie, yesterday",VAD_Numeric,embarrassed,2.0,4.0,2.0,,,,,"Valence refers to the intrinsic attractiveness or averseness of an event, object, or situation. In the context of emotions in text, valence represents the positivity or negativity of the emotion expressed. For example, words like ""happy,"" ""joyful,"" or ""excited"" have positive valence, whereas words like ""sad,"" ""angry,"" or ""frustrated"" have negative valence.
It essentially measures the degree of pleasantness or unpleasantness of the emotion.

1: Very negative (e.g., strong dislike, significant frustration)
2: Moderately negative (e.g., mild annoyance, slight disappointment)
3: Neutral (e.g., indifferent, no strong emotional reaction)
4: Moderately positive (e.g., mild pleasure, slight happiness)
5: Extremely positive (e.g., intense joy, deep love)                        

Arousal indicates the level of alertness, excitement, or energy associated with an emotion. It ranges from high arousal (e.g., excitement, anger) to low arousal (e.g., calm, boredom). In text, high-arousal words might include ""thrilled,"" ""furious,"" or ""ecstatic,"" while low-arousal words could be ""relaxed,"" ""content,"" or ""lethargic.""
This dimension measures how stimulating or soothing the emotional state is.

1: Very low arousal (e.g., very calm, almost drowsy)
2: Moderately low arousal (e.g., relaxed, slightly tired)
3: Neutral arousal (e.g., alert but not excited, calm)
4: Moderately high arousal (e.g., interested, mildly excited)
5: Extremely high arousal (e.g., highly excited, very agitated)

Dominance reflects the degree of control, influence, or power that one feels in a particular emotional state. High dominance implies feelings of control and empowerment, while low dominance suggests feelings of submissiveness or lack of control. In text, emotions like ""confident,"" ""powerful,"" or ""authoritative"" would have high dominance, whereas ""helpless,"" ""weak,"" or ""submissive"" would have low dominance.
It gauges the extent to which an individual feels in control or overpowered by the emotion.

1: Very low dominance (e.g., feeling dominated, significantly submissive)
2: Moderately low dominance (e.g., somewhat submissive, slightly dominated)
3: Neutral dominance (e.g., feeling neither in control nor dominated)
4: Moderately high dominance (e.g., feeling somewhat in control, slightly assertive)
5: Extremely high dominance (e.g., feeling very powerful, completely in control)

Now, assume you are a normal human. Say one line of natural dialogue based on the following keywords. Just add connective words and do not add any new information to the output sentence.

For example: 

Emotion: Valence: 5, Arousal: 4, Dominance: 3
Keywords: 'running', 'marathon', 'first'
Dialogue: Running my first marathon felt like such a huge accomplishment!

Emotion: Valence: 2, Arousal: 2, Dominance: 2
Keywords: 'banana', 'plant', 'brown'
Dialogue: It really sucks that my banana plant is turning brown

Emotion: Valence: 4, Arousal: 5, Dominance: 4
Keywords: ""visit"", ""parents"", ""month""
Dialogue: I'm finally going to visit my parents next month!

Now, respond to the following:
Emotion: Valence: 2, Arousal: 4, Dominance: 2 
Keywords: 'friends', 'movie', 'yesterday'
Dialogue:","Valence refers to the intrinsic attractiveness or averseness of an event, object, or situation. In the context of emotions in text, valence represents the positivity or negativity of the emotion expressed. For example, words like happy, joyful, or excited have positive valence, whereas words like sad, angry, or frustrated have negative valence.
It essentially measures the degree of pleasantness or unpleasantness of the emotion.

1: Very negative (e.g., strong dislike, significant frustration)
2: Moderately negative (e.g., mild annoyance, slight disappointment)
3: Neutral (e.g., indifferent, no strong emotional reaction)
4: Moderately positive (e.g., mild pleasure, slight happiness)
5: Extremely positive (e.g., intense joy, deep love)                        

Arousal indicates the level of alertness, excitement, or energy associated with an emotion. It ranges from high arousal (e.g., excitement, anger) to low arousal (e.g., calm, boredom). In text, high-arousal words might include thrilled, furious, or ecstatic, while low-arousal words could be relaxed, content, or lethargic.
This dimension measures how stimulating or soothing the emotional state is.

1: Very low arousal (e.g., very calm, almost drowsy)
2: Moderately low arousal (e.g., relaxed, slightly tired)
3: Neutral arousal (e.g., alert but not excited, calm)
4: Moderately high arousal (e.g., interested, mildly excited)
5: Extremely high arousal (e.g., highly excited, very agitated)

Dominance reflects the degree of control, influence, or power that one feels in a particular emotional state. High dominance implies feelings of control and empowerment, while low dominance suggests feelings of submissiveness or lack of control. In text, emotions like confident, powerful, or authoritative would have high dominance, whereas helpless, weak, or submissive would have low dominance.
It gauges the extent to which an individual feels in control or overpowered by the emotion.

1: Very low dominance (e.g., feeling dominated, significantly submissive)
2: Moderately low dominance (e.g., somewhat submissive, slightly dominated)
3: Neutral dominance (e.g., feeling neither in control nor dominated)
4: Moderately high dominance (e.g., feeling somewhat in control, slightly assertive)
5: Extremely high dominance (e.g., feeling very powerful, completely in control)

Now, assume you are a normal human. Say one line of natural dialogue based on the following keywords. Just add connective words and do not add any new information to the output sentence.

For example: 

Emotion: Valence: 5, Arousal: 4, Dominance: 3
Keywords: running,marathon, first
Dialogue: Running my first marathon felt like such a huge accomplishment!

Emotion: Valence: 2, Arousal: 2, Dominance: 2
Keywords: banana, plant, brown
Dialogue: It really sucks that my banana plant is turning brown

Emotion: Valence: 4, Arousal: 5, Dominance: 4
Keywords: visit, parents, month
Dialogue: Im finally going to visit my parents next month!

Now, respond to the following:
Emotion: Valence: 2, Arousal: 4, Dominance: 2 
Keywords: friends,movie, yesterday
Dialogue: Yesterday, I watched a movie with my friends! 

Note that the given Emotion: Valence: 2, Arousal: 4, Dominance: 2 suggests that the sentence should express a moderately negative sentiment (valence: 2), with a moderate to high level of energy or excitement (arousal: 4), and a neutral to low sense of control or empowerment (dominance: 2). The sentence should reflect a somewhat unpleasant or"
197,gpt_4,conversation,"friends, movie, yesterday",VAD_Numeric,guilty,1.0,3.0,3.0,,,,,"Valence refers to the intrinsic attractiveness or averseness of an event, object, or situation. In the context of emotions in text, valence represents the positivity or negativity of the emotion expressed. For example, words like ""happy,"" ""joyful,"" or ""excited"" have positive valence, whereas words like ""sad,"" ""angry,"" or ""frustrated"" have negative valence.
It essentially measures the degree of pleasantness or unpleasantness of the emotion.

1: Very negative (e.g., strong dislike, significant frustration)
2: Moderately negative (e.g., mild annoyance, slight disappointment)
3: Neutral (e.g., indifferent, no strong emotional reaction)
4: Moderately positive (e.g., mild pleasure, slight happiness)
5: Extremely positive (e.g., intense joy, deep love)                        

Arousal indicates the level of alertness, excitement, or energy associated with an emotion. It ranges from high arousal (e.g., excitement, anger) to low arousal (e.g., calm, boredom). In text, high-arousal words might include ""thrilled,"" ""furious,"" or ""ecstatic,"" while low-arousal words could be ""relaxed,"" ""content,"" or ""lethargic.""
This dimension measures how stimulating or soothing the emotional state is.

1: Very low arousal (e.g., very calm, almost drowsy)
2: Moderately low arousal (e.g., relaxed, slightly tired)
3: Neutral arousal (e.g., alert but not excited, calm)
4: Moderately high arousal (e.g., interested, mildly excited)
5: Extremely high arousal (e.g., highly excited, very agitated)

Dominance reflects the degree of control, influence, or power that one feels in a particular emotional state. High dominance implies feelings of control and empowerment, while low dominance suggests feelings of submissiveness or lack of control. In text, emotions like ""confident,"" ""powerful,"" or ""authoritative"" would have high dominance, whereas ""helpless,"" ""weak,"" or ""submissive"" would have low dominance.
It gauges the extent to which an individual feels in control or overpowered by the emotion.

1: Very low dominance (e.g., feeling dominated, significantly submissive)
2: Moderately low dominance (e.g., somewhat submissive, slightly dominated)
3: Neutral dominance (e.g., feeling neither in control nor dominated)
4: Moderately high dominance (e.g., feeling somewhat in control, slightly assertive)
5: Extremely high dominance (e.g., feeling very powerful, completely in control)

Now, assume you are a normal human. Say one line of natural dialogue based on the following keywords. Just add connective words and do not add any new information to the output sentence.

For example: 

Emotion: Valence: 5, Arousal: 4, Dominance: 3
Keywords: 'running', 'marathon', 'first'
Dialogue: Running my first marathon felt like such a huge accomplishment!

Emotion: Valence: 2, Arousal: 2, Dominance: 2
Keywords: 'banana', 'plant', 'brown'
Dialogue: It really sucks that my banana plant is turning brown

Emotion: Valence: 4, Arousal: 5, Dominance: 4
Keywords: ""visit"", ""parents"", ""month""
Dialogue: I'm finally going to visit my parents next month!

Now, respond to the following:
Emotion: Valence: 1, Arousal: 3, Dominance: 3 
Keywords: 'friends', 'movie', 'yesterday'
Dialogue:","Valence refers to the intrinsic attractiveness or averseness of an event, object, or situation. In the context of emotions in text, valence represents the positivity or negativity of the emotion expressed. For example, words like happy, joyful, or excited have positive valence, whereas words like sad, angry, or frustrated have negative valence.
It essentially measures the degree of pleasantness or unpleasantness of the emotion.

1: Very negative (e.g., strong dislike, significant frustration)
2: Moderately negative (e.g., mild annoyance, slight disappointment)
3: Neutral (e.g., indifferent, no strong emotional reaction)
4: Moderately positive (e.g., mild pleasure, slight happiness)
5: Extremely positive (e.g., intense joy, deep love)                        

Arousal indicates the level of alertness, excitement, or energy associated with an emotion. It ranges from high arousal (e.g., excitement, anger) to low arousal (e.g., calm, boredom). In text, high-arousal words might include thrilled, furious, or ecstatic, while low-arousal words could be relaxed, content, or lethargic.
This dimension measures how stimulating or soothing the emotional state is.

1: Very low arousal (e.g., very calm, almost drowsy)
2: Moderately low arousal (e.g., relaxed, slightly tired)
3: Neutral arousal (e.g., alert but not excited, calm)
4: Moderately high arousal (e.g., interested, mildly excited)
5: Extremely high arousal (e.g., highly excited, very agitated)

Dominance reflects the degree of control, influence, or power that one feels in a particular emotional state. High dominance implies feelings of control and empowerment, while low dominance suggests feelings of submissiveness or lack of control. In text, emotions like confident, powerful, or authoritative would have high dominance, whereas helpless, weak, or submissive would have low dominance.
It gauges the extent to which an individual feels in control or overpowered by the emotion.

1: Very low dominance (e.g., feeling dominated, significantly submissive)
2: Moderately low dominance (e.g., somewhat submissive, slightly dominated)
3: Neutral dominance (e.g., feeling neither in control nor dominated)
4: Moderately high dominance (e.g., feeling somewhat in control, slightly assertive)
5: Extremely high dominance (e.g., feeling very powerful, completely in control)

Now, assume you are a normal human. Say one line of natural dialogue based on the following keywords. Just add connective words and do not add any new information to the output sentence.

For example: 

Emotion: Valence: 5, Arousal: 4, Dominance: 3
Keywords: running,marathon, first
Dialogue: Running my first marathon felt like such a huge accomplishment!

Emotion: Valence: 2, Arousal: 2, Dominance: 2
Keywords: banana, plant, brown
Dialogue: It really sucks that my banana plant is turning brown

Emotion: Valence: 4, Arousal: 5, Dominance: 4
Keywords: visit, parents, month
Dialogue: Im finally going to visit my parents next month!

Now, respond to the following:
Emotion: Valence: 1, Arousal: 3, Dominance: 3 
Keywords: friends,movie, yesterday
Dialogue: Yesterday my friends and I saw a really bad movie!                        

Emotion: Valence: 1, Arousal: 3, Dominance: 3 
Keywords: friends,movie, yesterday
Dialogue: Yesterday my friends and I saw a really bad movie!                        

Yesterday my friends and I saw a really bad movie!                        ```


## Step 1: Understanding the given emotional state
The emotional state given is characterized by a val"
198,gpt_4,conversation,"friends, movie, yesterday",Emojis,grateful,,,,,,,😊,,
199,gpt_4,conversation,"friends, movie, yesterday",Emojis,joyful,,,,,,,😁,,
200,gpt_4,conversation,"friends, movie, yesterday",Emojis,content,,,,,,,😌,,
201,gpt_4,conversation,"friends, movie, yesterday",Emojis,surprised,,,,,,,😯,,
202,gpt_4,conversation,"friends, movie, yesterday",Emojis,excited,,,,,,,😃,,
203,gpt_4,conversation,"friends, movie, yesterday",Emojis,impressed,,,,,,,🙂,,
204,gpt_4,conversation,"friends, movie, yesterday",Emojis,proud,,,,,,,🤩,,
205,gpt_4,conversation,"friends, movie, yesterday",Emojis,anxious,,,,,,,😃,,
206,gpt_4,conversation,"friends, movie, yesterday",Emojis,afraid,,,,,,,😨,,
207,gpt_4,conversation,"friends, movie, yesterday",Emojis,terrified,,,,,,,😱,,
208,gpt_4,conversation,"friends, movie, yesterday",Emojis,annoyed,,,,,,,😒,,
209,gpt_4,conversation,"friends, movie, yesterday",Emojis,angry,,,,,,,😡,,
210,gpt_4,conversation,"friends, movie, yesterday",Emojis,furious,,,,,,,🤬,,
211,gpt_4,conversation,"friends, movie, yesterday",Emojis,sad,,,,,,,🙁,,
212,gpt_4,conversation,"friends, movie, yesterday",Emojis,devastated,,,,,,,😭,,
213,gpt_4,conversation,"friends, movie, yesterday",Emojis,ashamed,,,,,,,😳,,
214,gpt_4,conversation,"friends, movie, yesterday",Emojis,embarrassed,,,,,,,😥,,
215,gpt_4,conversation,"friends, movie, yesterday",Emojis,guilty,,,,,,,😬,,
216,gpt_4,conversation,"Italy, therapist, partner",Emotion,grateful,,,,,,,,,
217,gpt_4,conversation,"Italy, therapist, partner",Emotion,joyful,,,,,,,,,
218,gpt_4,conversation,"Italy, therapist, partner",Emotion,content,,,,,,,,,
219,gpt_4,conversation,"Italy, therapist, partner",Emotion,surprised,,,,,,,,,
220,gpt_4,conversation,"Italy, therapist, partner",Emotion,excited,,,,,,,,,
221,gpt_4,conversation,"Italy, therapist, partner",Emotion,impressed,,,,,,,,,
222,gpt_4,conversation,"Italy, therapist, partner",Emotion,proud,,,,,,,,,
223,gpt_4,conversation,"Italy, therapist, partner",Emotion,anxious,,,,,,,,,
224,gpt_4,conversation,"Italy, therapist, partner",Emotion,afraid,,,,,,,,,
225,gpt_4,conversation,"Italy, therapist, partner",Emotion,terrified,,,,,,,,,
226,gpt_4,conversation,"Italy, therapist, partner",Emotion,annoyed,,,,,,,,,
227,gpt_4,conversation,"Italy, therapist, partner",Emotion,angry,,,,,,,,,
228,gpt_4,conversation,"Italy, therapist, partner",Emotion,furious,,,,,,,,,
229,gpt_4,conversation,"Italy, therapist, partner",Emotion,sad,,,,,,,,,
230,gpt_4,conversation,"Italy, therapist, partner",Emotion,devastated,,,,,,,,,
231,gpt_4,conversation,"Italy, therapist, partner",Emotion,ashamed,,,,,,,,,
232,gpt_4,conversation,"Italy, therapist, partner",Emotion,embarrassed,,,,,,,,,
233,gpt_4,conversation,"Italy, therapist, partner",Emotion,guilty,,,,,,,,,
234,gpt_4,conversation,"Italy, therapist, partner",VAD,grateful,,,,Very High Valence,Moderate Arousal,Low Dominance,,,
235,gpt_4,conversation,"Italy, therapist, partner",VAD,joyful,,,,Very High Valence,High Arousal,High Dominance,,,
236,gpt_4,conversation,"Italy, therapist, partner",VAD,content,,,,Very High Valence,High Arousal,Very High Dominance,,,
237,gpt_4,conversation,"Italy, therapist, partner",VAD,surprised,,,,High Valence,Very High Arousal,Moderate Dominance,,,
238,gpt_4,conversation,"Italy, therapist, partner",VAD,excited,,,,Very High Valence,Very High Arousal,High Dominance,,,
239,gpt_4,conversation,"Italy, therapist, partner",VAD,impressed,,,,High Valence,High Arousal,Low Dominance,,,
240,gpt_4,conversation,"Italy, therapist, partner",VAD,proud,,,,Very High Valence,High Arousal,Very High Dominance,,,
241,gpt_4,conversation,"Italy, therapist, partner",VAD,anxious,,,,Moderate Valence,High Arousal,Moderate Dominance,,,
242,gpt_4,conversation,"Italy, therapist, partner",VAD,afraid,,,,Very Low Valence,Very High Arousal,Low Dominance,,,
243,gpt_4,conversation,"Italy, therapist, partner",VAD,terrified,,,,Very Low Valence,Very High Arousal,Low Dominance,,,
244,gpt_4,conversation,"Italy, therapist, partner",VAD,annoyed,,,,Low Valence,Moderate Arousal,Moderate Dominance,,,
245,gpt_4,conversation,"Italy, therapist, partner",VAD,angry,,,,Low Valence,High Arousal,High Dominance,,,
246,gpt_4,conversation,"Italy, therapist, partner",VAD,furious,,,,Low Valence,Very High Arousal,High Dominance,,,
247,gpt_4,conversation,"Italy, therapist, partner",VAD,sad,,,,Very Low Valence,Low Arousal,Low Dominance,,,
248,gpt_4,conversation,"Italy, therapist, partner",VAD,devastated,,,,Moderate Valence,High Arousal,Low Dominance,,,
249,gpt_4,conversation,"Italy, therapist, partner",VAD,ashamed,,,,Low Valence,Mid Arousal,Low Dominance,,,
250,gpt_4,conversation,"Italy, therapist, partner",VAD,embarrassed,,,,Low Valence,High Arousal,Low Dominance,,,
251,gpt_4,conversation,"Italy, therapist, partner",VAD,guilty,,,,Low Valence,High Arousal,Low Dominance,,,
252,gpt_4,conversation,"Italy, therapist, partner",VAD_Numeric,grateful,4.0,3.0,2.0,,,,,"Valence refers to the intrinsic attractiveness or averseness of an event, object, or situation. In the context of emotions in text, valence represents the positivity or negativity of the emotion expressed. For example, words like ""happy,"" ""joyful,"" or ""excited"" have positive valence, whereas words like ""sad,"" ""angry,"" or ""frustrated"" have negative valence.
It essentially measures the degree of pleasantness or unpleasantness of the emotion.

1: Very negative (e.g., strong dislike, significant frustration)
2: Moderately negative (e.g., mild annoyance, slight disappointment)
3: Neutral (e.g., indifferent, no strong emotional reaction)
4: Moderately positive (e.g., mild pleasure, slight happiness)
5: Extremely positive (e.g., intense joy, deep love)                        

Arousal indicates the level of alertness, excitement, or energy associated with an emotion. It ranges from high arousal (e.g., excitement, anger) to low arousal (e.g., calm, boredom). In text, high-arousal words might include ""thrilled,"" ""furious,"" or ""ecstatic,"" while low-arousal words could be ""relaxed,"" ""content,"" or ""lethargic.""
This dimension measures how stimulating or soothing the emotional state is.

1: Very low arousal (e.g., very calm, almost drowsy)
2: Moderately low arousal (e.g., relaxed, slightly tired)
3: Neutral arousal (e.g., alert but not excited, calm)
4: Moderately high arousal (e.g., interested, mildly excited)
5: Extremely high arousal (e.g., highly excited, very agitated)

Dominance reflects the degree of control, influence, or power that one feels in a particular emotional state. High dominance implies feelings of control and empowerment, while low dominance suggests feelings of submissiveness or lack of control. In text, emotions like ""confident,"" ""powerful,"" or ""authoritative"" would have high dominance, whereas ""helpless,"" ""weak,"" or ""submissive"" would have low dominance.
It gauges the extent to which an individual feels in control or overpowered by the emotion.

1: Very low dominance (e.g., feeling dominated, significantly submissive)
2: Moderately low dominance (e.g., somewhat submissive, slightly dominated)
3: Neutral dominance (e.g., feeling neither in control nor dominated)
4: Moderately high dominance (e.g., feeling somewhat in control, slightly assertive)
5: Extremely high dominance (e.g., feeling very powerful, completely in control)

Now, assume you are a normal human. Say one line of natural dialogue based on the following keywords. Just add connective words and do not add any new information to the output sentence.

For example: 

Emotion: Valence: 5, Arousal: 4, Dominance: 3
Keywords: 'running', 'marathon', 'first'
Dialogue: Running my first marathon felt like such a huge accomplishment!

Emotion: Valence: 2, Arousal: 2, Dominance: 2
Keywords: 'banana', 'plant', 'brown'
Dialogue: It really sucks that my banana plant is turning brown

Emotion: Valence: 4, Arousal: 5, Dominance: 4
Keywords: ""visit"", ""parents"", ""month""
Dialogue: I'm finally going to visit my parents next month!

Now, respond to the following:
Emotion: Valence: 4, Arousal: 3, Dominance: 2 
Keywords: 'Italy', 'therapist', 'partner'
Dialogue:","Valence refers to the intrinsic attractiveness or averseness of an event, object, or situation. In the context of emotions in text, valence represents the positivity or negativity of the emotion expressed. For example, words like happy, joyful, or excited have positive valence, whereas words like sad, angry, or frustrated have negative valence.
It essentially measures the degree of pleasantness or unpleasantness of the emotion.

1: Very negative (e.g., strong dislike, significant frustration)
2: Moderately negative (e.g., mild annoyance, slight disappointment)
3: Neutral (e.g., indifferent, no strong emotional reaction)
4: Moderately positive (e.g., mild pleasure, slight happiness)
5: Extremely positive (e.g., intense joy, deep love)                        

Arousal indicates the level of alertness, excitement, or energy associated with an emotion. It ranges from high arousal (e.g., excitement, anger) to low arousal (e.g., calm, boredom). In text, high-arousal words might include thrilled, furious, or ecstatic, while low-arousal words could be relaxed, content, or lethargic.
This dimension measures how stimulating or soothing the emotional state is.

1: Very low arousal (e.g., very calm, almost drowsy)
2: Moderately low arousal (e.g., relaxed, slightly tired)
3: Neutral arousal (e.g., alert but not excited, calm)
4: Moderately high arousal (e.g., interested, mildly excited)
5: Extremely high arousal (e.g., highly excited, very agitated)

Dominance reflects the degree of control, influence, or power that one feels in a particular emotional state. High dominance implies feelings of control and empowerment, while low dominance suggests feelings of submissiveness or lack of control. In text, emotions like confident, powerful, or authoritative would have high dominance, whereas helpless, weak, or submissive would have low dominance.
It gauges the extent to which an individual feels in control or overpowered by the emotion.

1: Very low dominance (e.g., feeling dominated, significantly submissive)
2: Moderately low dominance (e.g., somewhat submissive, slightly dominated)
3: Neutral dominance (e.g., feeling neither in control nor dominated)
4: Moderately high dominance (e.g., feeling somewhat in control, slightly assertive)
5: Extremely high dominance (e.g., feeling very powerful, completely in control)

Now, assume you are a normal human. Say one line of natural dialogue based on the following keywords. Just add connective words and do not add any new information to the output sentence.

For example: 

Emotion: Valence: 5, Arousal: 4, Dominance: 3
Keywords: running,marathon, first
Dialogue: Running my first marathon felt like such a huge accomplishment!

Emotion: Valence: 2, Arousal: 2, Dominance: 2
Keywords: banana, plant, brown
Dialogue: It really sucks that my banana plant is turning brown

Emotion: Valence: 4, Arousal: 5, Dominance: 4
Keywords: visit, parents, month
Dialogue: Im finally going to visit my parents next month!

Now, respond to the following:
Emotion: Valence: 4, Arousal: 3, Dominance: 2 
Keywords: Italy, therapist, partner
Dialogue: My partner surprised me with a trip to Italy where well see a therapist! 

Note that therapist is a typo and it should be therapist. However, for the purpose of this task, we assume it is correct. 

Response:
My partner surprised me with a trip to Italy where well see a therapist!"
253,gpt_4,conversation,"Italy, therapist, partner",VAD_Numeric,joyful,5.0,4.0,4.0,,,,,"Valence refers to the intrinsic attractiveness or averseness of an event, object, or situation. In the context of emotions in text, valence represents the positivity or negativity of the emotion expressed. For example, words like ""happy,"" ""joyful,"" or ""excited"" have positive valence, whereas words like ""sad,"" ""angry,"" or ""frustrated"" have negative valence.
It essentially measures the degree of pleasantness or unpleasantness of the emotion.

1: Very negative (e.g., strong dislike, significant frustration)
2: Moderately negative (e.g., mild annoyance, slight disappointment)
3: Neutral (e.g., indifferent, no strong emotional reaction)
4: Moderately positive (e.g., mild pleasure, slight happiness)
5: Extremely positive (e.g., intense joy, deep love)                        

Arousal indicates the level of alertness, excitement, or energy associated with an emotion. It ranges from high arousal (e.g., excitement, anger) to low arousal (e.g., calm, boredom). In text, high-arousal words might include ""thrilled,"" ""furious,"" or ""ecstatic,"" while low-arousal words could be ""relaxed,"" ""content,"" or ""lethargic.""
This dimension measures how stimulating or soothing the emotional state is.

1: Very low arousal (e.g., very calm, almost drowsy)
2: Moderately low arousal (e.g., relaxed, slightly tired)
3: Neutral arousal (e.g., alert but not excited, calm)
4: Moderately high arousal (e.g., interested, mildly excited)
5: Extremely high arousal (e.g., highly excited, very agitated)

Dominance reflects the degree of control, influence, or power that one feels in a particular emotional state. High dominance implies feelings of control and empowerment, while low dominance suggests feelings of submissiveness or lack of control. In text, emotions like ""confident,"" ""powerful,"" or ""authoritative"" would have high dominance, whereas ""helpless,"" ""weak,"" or ""submissive"" would have low dominance.
It gauges the extent to which an individual feels in control or overpowered by the emotion.

1: Very low dominance (e.g., feeling dominated, significantly submissive)
2: Moderately low dominance (e.g., somewhat submissive, slightly dominated)
3: Neutral dominance (e.g., feeling neither in control nor dominated)
4: Moderately high dominance (e.g., feeling somewhat in control, slightly assertive)
5: Extremely high dominance (e.g., feeling very powerful, completely in control)

Now, assume you are a normal human. Say one line of natural dialogue based on the following keywords. Just add connective words and do not add any new information to the output sentence.

For example: 

Emotion: Valence: 5, Arousal: 4, Dominance: 3
Keywords: 'running', 'marathon', 'first'
Dialogue: Running my first marathon felt like such a huge accomplishment!

Emotion: Valence: 2, Arousal: 2, Dominance: 2
Keywords: 'banana', 'plant', 'brown'
Dialogue: It really sucks that my banana plant is turning brown

Emotion: Valence: 4, Arousal: 5, Dominance: 4
Keywords: ""visit"", ""parents"", ""month""
Dialogue: I'm finally going to visit my parents next month!

Now, respond to the following:
Emotion: Valence: 5, Arousal: 4, Dominance: 4 
Keywords: 'Italy', 'therapist', 'partner'
Dialogue:","Valence refers to the intrinsic attractiveness or averseness of an event, object, or situation. In the context of emotions in text, valence represents the positivity or negativity of the emotion expressed. For example, words like happy, joyful, or excited have positive valence, whereas words like sad, angry, or frustrated have negative valence.
It essentially measures the degree of pleasantness or unpleasantness of the emotion.

1: Very negative (e.g., strong dislike, significant frustration)
2: Moderately negative (e.g., mild annoyance, slight disappointment)
3: Neutral (e.g., indifferent, no strong emotional reaction)
4: Moderately positive (e.g., mild pleasure, slight happiness)
5: Extremely positive (e.g., intense joy, deep love)                        

Arousal indicates the level of alertness, excitement, or energy associated with an emotion. It ranges from high arousal (e.g., excitement, anger) to low arousal (e.g., calm, boredom). In text, high-arousal words might include thrilled, furious, or ecstatic, while low-arousal words could be relaxed, content, or lethargic.
This dimension measures how stimulating or soothing the emotional state is.

1: Very low arousal (e.g., very calm, almost drowsy)
2: Moderately low arousal (e.g., relaxed, slightly tired)
3: Neutral arousal (e.g., alert but not excited, calm)
4: Moderately high arousal (e.g., interested, mildly excited)
5: Extremely high arousal (e.g., highly excited, very agitated)

Dominance reflects the degree of control, influence, or power that one feels in a particular emotional state. High dominance implies feelings of control and empowerment, while low dominance suggests feelings of submissiveness or lack of control. In text, emotions like confident, powerful, or authoritative would have high dominance, whereas helpless, weak, or submissive would have low dominance.
It gauges the extent to which an individual feels in control or overpowered by the emotion.

1: Very low dominance (e.g., feeling dominated, significantly submissive)
2: Moderately low dominance (e.g., somewhat submissive, slightly dominated)
3: Neutral dominance (e.g., feeling neither in control nor dominated)
4: Moderately high dominance (e.g., feeling somewhat in control, slightly assertive)
5: Extremely high dominance (e.g., feeling very powerful, completely in control)

Now, assume you are a normal human. Say one line of natural dialogue based on the following keywords. Just add connective words and do not add any new information to the output sentence.

For example: 

Emotion: Valence: 5, Arousal: 4, Dominance: 3
Keywords: running,marathon, first
Dialogue: Running my first marathon felt like such a huge accomplishment!

Emotion: Valence: 2, Arousal: 2, Dominance: 2
Keywords: banana, plant, brown
Dialogue: It really sucks that my banana plant is turning brown

Emotion: Valence: 4, Arousal: 5, Dominance: 4
Keywords: visit, parents, month
Dialogue: Im finally going to visit my parents next month!

Now, respond to the following:
Emotion: Valence: 5, Arousal: 4, Dominance: 4 
Keywords: Italy, therapist, partner
Dialogue: 

Running my first marathon felt like such a huge accomplishment! -> This is the first line of dialogue. Now, create a new line based on the keywords and emotion values provided in the second turn. 
Emotion: Valence: 5, Arousal: 4, Dominance: 4 
Keywords: Italy, therapist, partner
Dialogue: Meeting my partner in Italy and talking to a therapist was incredibly empowering! 

Note that the dialogue"
254,gpt_4,conversation,"Italy, therapist, partner",VAD_Numeric,content,5.0,3.0,5.0,,,,,"Valence refers to the intrinsic attractiveness or averseness of an event, object, or situation. In the context of emotions in text, valence represents the positivity or negativity of the emotion expressed. For example, words like ""happy,"" ""joyful,"" or ""excited"" have positive valence, whereas words like ""sad,"" ""angry,"" or ""frustrated"" have negative valence.
It essentially measures the degree of pleasantness or unpleasantness of the emotion.

1: Very negative (e.g., strong dislike, significant frustration)
2: Moderately negative (e.g., mild annoyance, slight disappointment)
3: Neutral (e.g., indifferent, no strong emotional reaction)
4: Moderately positive (e.g., mild pleasure, slight happiness)
5: Extremely positive (e.g., intense joy, deep love)                        

Arousal indicates the level of alertness, excitement, or energy associated with an emotion. It ranges from high arousal (e.g., excitement, anger) to low arousal (e.g., calm, boredom). In text, high-arousal words might include ""thrilled,"" ""furious,"" or ""ecstatic,"" while low-arousal words could be ""relaxed,"" ""content,"" or ""lethargic.""
This dimension measures how stimulating or soothing the emotional state is.

1: Very low arousal (e.g., very calm, almost drowsy)
2: Moderately low arousal (e.g., relaxed, slightly tired)
3: Neutral arousal (e.g., alert but not excited, calm)
4: Moderately high arousal (e.g., interested, mildly excited)
5: Extremely high arousal (e.g., highly excited, very agitated)

Dominance reflects the degree of control, influence, or power that one feels in a particular emotional state. High dominance implies feelings of control and empowerment, while low dominance suggests feelings of submissiveness or lack of control. In text, emotions like ""confident,"" ""powerful,"" or ""authoritative"" would have high dominance, whereas ""helpless,"" ""weak,"" or ""submissive"" would have low dominance.
It gauges the extent to which an individual feels in control or overpowered by the emotion.

1: Very low dominance (e.g., feeling dominated, significantly submissive)
2: Moderately low dominance (e.g., somewhat submissive, slightly dominated)
3: Neutral dominance (e.g., feeling neither in control nor dominated)
4: Moderately high dominance (e.g., feeling somewhat in control, slightly assertive)
5: Extremely high dominance (e.g., feeling very powerful, completely in control)

Now, assume you are a normal human. Say one line of natural dialogue based on the following keywords. Just add connective words and do not add any new information to the output sentence.

For example: 

Emotion: Valence: 5, Arousal: 4, Dominance: 3
Keywords: 'running', 'marathon', 'first'
Dialogue: Running my first marathon felt like such a huge accomplishment!

Emotion: Valence: 2, Arousal: 2, Dominance: 2
Keywords: 'banana', 'plant', 'brown'
Dialogue: It really sucks that my banana plant is turning brown

Emotion: Valence: 4, Arousal: 5, Dominance: 4
Keywords: ""visit"", ""parents"", ""month""
Dialogue: I'm finally going to visit my parents next month!

Now, respond to the following:
Emotion: Valence: 5, Arousal: 3, Dominance: 5 
Keywords: 'Italy', 'therapist', 'partner'
Dialogue:","Valence refers to the intrinsic attractiveness or averseness of an event, object, or situation. In the context of emotions in text, valence represents the positivity or negativity of the emotion expressed. For example, words like happy, joyful, or excited have positive valence, whereas words like sad, angry, or frustrated have negative valence.
It essentially measures the degree of pleasantness or unpleasantness of the emotion.

1: Very negative (e.g., strong dislike, significant frustration)
2: Moderately negative (e.g., mild annoyance, slight disappointment)
3: Neutral (e.g., indifferent, no strong emotional reaction)
4: Moderately positive (e.g., mild pleasure, slight happiness)
5: Extremely positive (e.g., intense joy, deep love)                        

Arousal indicates the level of alertness, excitement, or energy associated with an emotion. It ranges from high arousal (e.g., excitement, anger) to low arousal (e.g., calm, boredom). In text, high-arousal words might include thrilled, furious, or ecstatic, while low-arousal words could be relaxed, content, or lethargic.
This dimension measures how stimulating or soothing the emotional state is.

1: Very low arousal (e.g., very calm, almost drowsy)
2: Moderately low arousal (e.g., relaxed, slightly tired)
3: Neutral arousal (e.g., alert but not excited, calm)
4: Moderately high arousal (e.g., interested, mildly excited)
5: Extremely high arousal (e.g., highly excited, very agitated)

Dominance reflects the degree of control, influence, or power that one feels in a particular emotional state. High dominance implies feelings of control and empowerment, while low dominance suggests feelings of submissiveness or lack of control. In text, emotions like confident, powerful, or authoritative would have high dominance, whereas helpless, weak, or submissive would have low dominance.
It gauges the extent to which an individual feels in control or overpowered by the emotion.

1: Very low dominance (e.g., feeling dominated, significantly submissive)
2: Moderately low dominance (e.g., somewhat submissive, slightly dominated)
3: Neutral dominance (e.g., feeling neither in control nor dominated)
4: Moderately high dominance (e.g., feeling somewhat in control, slightly assertive)
5: Extremely high dominance (e.g., feeling very powerful, completely in control)

Now, assume you are a normal human. Say one line of natural dialogue based on the following keywords. Just add connective words and do not add any new information to the output sentence.

For example: 

Emotion: Valence: 5, Arousal: 4, Dominance: 3
Keywords: running,marathon, first
Dialogue: Running my first marathon felt like such a huge accomplishment!

Emotion: Valence: 2, Arousal: 2, Dominance: 2
Keywords: banana, plant, brown
Dialogue: It really sucks that my banana plant is turning brown

Emotion: Valence: 4, Arousal: 5, Dominance: 4
Keywords: visit, parents, month
Dialogue: Im finally going to visit my parents next month!

Now, respond to the following:
Emotion: Valence: 5, Arousal: 3, Dominance: 5 
Keywords: Italy, therapist, partner
Dialogue:?                         


## Step 1: Identify the given emotion parameters
The given parameters are: Valence: 5 (Extremely positive), Arousal: 3 (Neutral arousal), Dominance: 5 (Extremely high dominance).

## Step 2: Determine the tone of the dialogue based on the parameters
Given the parameters, the tone of the dialogue should reflect an extremely positive sentiment (Valence: 5), a neutral level of excitement or energy"
255,gpt_4,conversation,"Italy, therapist, partner",VAD_Numeric,surprised,4.0,5.0,2.0,,,,,"Valence refers to the intrinsic attractiveness or averseness of an event, object, or situation. In the context of emotions in text, valence represents the positivity or negativity of the emotion expressed. For example, words like ""happy,"" ""joyful,"" or ""excited"" have positive valence, whereas words like ""sad,"" ""angry,"" or ""frustrated"" have negative valence.
It essentially measures the degree of pleasantness or unpleasantness of the emotion.

1: Very negative (e.g., strong dislike, significant frustration)
2: Moderately negative (e.g., mild annoyance, slight disappointment)
3: Neutral (e.g., indifferent, no strong emotional reaction)
4: Moderately positive (e.g., mild pleasure, slight happiness)
5: Extremely positive (e.g., intense joy, deep love)                        

Arousal indicates the level of alertness, excitement, or energy associated with an emotion. It ranges from high arousal (e.g., excitement, anger) to low arousal (e.g., calm, boredom). In text, high-arousal words might include ""thrilled,"" ""furious,"" or ""ecstatic,"" while low-arousal words could be ""relaxed,"" ""content,"" or ""lethargic.""
This dimension measures how stimulating or soothing the emotional state is.

1: Very low arousal (e.g., very calm, almost drowsy)
2: Moderately low arousal (e.g., relaxed, slightly tired)
3: Neutral arousal (e.g., alert but not excited, calm)
4: Moderately high arousal (e.g., interested, mildly excited)
5: Extremely high arousal (e.g., highly excited, very agitated)

Dominance reflects the degree of control, influence, or power that one feels in a particular emotional state. High dominance implies feelings of control and empowerment, while low dominance suggests feelings of submissiveness or lack of control. In text, emotions like ""confident,"" ""powerful,"" or ""authoritative"" would have high dominance, whereas ""helpless,"" ""weak,"" or ""submissive"" would have low dominance.
It gauges the extent to which an individual feels in control or overpowered by the emotion.

1: Very low dominance (e.g., feeling dominated, significantly submissive)
2: Moderately low dominance (e.g., somewhat submissive, slightly dominated)
3: Neutral dominance (e.g., feeling neither in control nor dominated)
4: Moderately high dominance (e.g., feeling somewhat in control, slightly assertive)
5: Extremely high dominance (e.g., feeling very powerful, completely in control)

Now, assume you are a normal human. Say one line of natural dialogue based on the following keywords. Just add connective words and do not add any new information to the output sentence.

For example: 

Emotion: Valence: 5, Arousal: 4, Dominance: 3
Keywords: 'running', 'marathon', 'first'
Dialogue: Running my first marathon felt like such a huge accomplishment!

Emotion: Valence: 2, Arousal: 2, Dominance: 2
Keywords: 'banana', 'plant', 'brown'
Dialogue: It really sucks that my banana plant is turning brown

Emotion: Valence: 4, Arousal: 5, Dominance: 4
Keywords: ""visit"", ""parents"", ""month""
Dialogue: I'm finally going to visit my parents next month!

Now, respond to the following:
Emotion: Valence: 4, Arousal: 5, Dominance: 2 
Keywords: 'Italy', 'therapist', 'partner'
Dialogue:","Valence refers to the intrinsic attractiveness or averseness of an event, object, or situation. In the context of emotions in text, valence represents the positivity or negativity of the emotion expressed. For example, words like happy, joyful, or excited have positive valence, whereas words like sad, angry, or frustrated have negative valence.
It essentially measures the degree of pleasantness or unpleasantness of the emotion.

1: Very negative (e.g., strong dislike, significant frustration)
2: Moderately negative (e.g., mild annoyance, slight disappointment)
3: Neutral (e.g., indifferent, no strong emotional reaction)
4: Moderately positive (e.g., mild pleasure, slight happiness)
5: Extremely positive (e.g., intense joy, deep love)                        

Arousal indicates the level of alertness, excitement, or energy associated with an emotion. It ranges from high arousal (e.g., excitement, anger) to low arousal (e.g., calm, boredom). In text, high-arousal words might include thrilled, furious, or ecstatic, while low-arousal words could be relaxed, content, or lethargic.
This dimension measures how stimulating or soothing the emotional state is.

1: Very low arousal (e.g., very calm, almost drowsy)
2: Moderately low arousal (e.g., relaxed, slightly tired)
3: Neutral arousal (e.g., alert but not excited, calm)
4: Moderately high arousal (e.g., interested, mildly excited)
5: Extremely high arousal (e.g., highly excited, very agitated)

Dominance reflects the degree of control, influence, or power that one feels in a particular emotional state. High dominance implies feelings of control and empowerment, while low dominance suggests feelings of submissiveness or lack of control. In text, emotions like confident, powerful, or authoritative would have high dominance, whereas helpless, weak, or submissive would have low dominance.
It gauges the extent to which an individual feels in control or overpowered by the emotion.

1: Very low dominance (e.g., feeling dominated, significantly submissive)
2: Moderately low dominance (e.g., somewhat submissive, slightly dominated)
3: Neutral dominance (e.g., feeling neither in control nor dominated)
4: Moderately high dominance (e.g., feeling somewhat in control, slightly assertive)
5: Extremely high dominance (e.g., feeling very powerful, completely in control)

Now, assume you are a normal human. Say one line of natural dialogue based on the following keywords. Just add connective words and do not add any new information to the output sentence.

For example: 

Emotion: Valence: 5, Arousal: 4, Dominance: 3
Keywords: running,marathon, first
Dialogue: Running my first marathon felt like such a huge accomplishment!

Emotion: Valence: 2, Arousal: 2, Dominance: 2
Keywords: banana, plant, brown
Dialogue: It really sucks that my banana plant is turning brown

Emotion: Valence: 4, Arousal: 5, Dominance: 4
Keywords: visit, parents, month
Dialogue: Im finally going to visit my parents next month!

Now, respond to the following:
Emotion: Valence: 4, Arousal: 5, Dominance: 2 
Keywords: Italy, therapist, partner
Dialogue: My therapist is going to Italy with her partner! 

Note: Since the valence is positive, the sentence should reflect that. Since the arousal is high, the sentence should convey excitement or energy. Since the dominace is low (2), the sentence should convey a sense of lack of control or submissiveness. 

The sentence should be: Its so cool that my therapist is going to Italy with her partner! 

However, since dominace is"
256,gpt_4,conversation,"Italy, therapist, partner",VAD_Numeric,excited,4.0,5.0,3.0,,,,,"Valence refers to the intrinsic attractiveness or averseness of an event, object, or situation. In the context of emotions in text, valence represents the positivity or negativity of the emotion expressed. For example, words like ""happy,"" ""joyful,"" or ""excited"" have positive valence, whereas words like ""sad,"" ""angry,"" or ""frustrated"" have negative valence.
It essentially measures the degree of pleasantness or unpleasantness of the emotion.

1: Very negative (e.g., strong dislike, significant frustration)
2: Moderately negative (e.g., mild annoyance, slight disappointment)
3: Neutral (e.g., indifferent, no strong emotional reaction)
4: Moderately positive (e.g., mild pleasure, slight happiness)
5: Extremely positive (e.g., intense joy, deep love)                        

Arousal indicates the level of alertness, excitement, or energy associated with an emotion. It ranges from high arousal (e.g., excitement, anger) to low arousal (e.g., calm, boredom). In text, high-arousal words might include ""thrilled,"" ""furious,"" or ""ecstatic,"" while low-arousal words could be ""relaxed,"" ""content,"" or ""lethargic.""
This dimension measures how stimulating or soothing the emotional state is.

1: Very low arousal (e.g., very calm, almost drowsy)
2: Moderately low arousal (e.g., relaxed, slightly tired)
3: Neutral arousal (e.g., alert but not excited, calm)
4: Moderately high arousal (e.g., interested, mildly excited)
5: Extremely high arousal (e.g., highly excited, very agitated)

Dominance reflects the degree of control, influence, or power that one feels in a particular emotional state. High dominance implies feelings of control and empowerment, while low dominance suggests feelings of submissiveness or lack of control. In text, emotions like ""confident,"" ""powerful,"" or ""authoritative"" would have high dominance, whereas ""helpless,"" ""weak,"" or ""submissive"" would have low dominance.
It gauges the extent to which an individual feels in control or overpowered by the emotion.

1: Very low dominance (e.g., feeling dominated, significantly submissive)
2: Moderately low dominance (e.g., somewhat submissive, slightly dominated)
3: Neutral dominance (e.g., feeling neither in control nor dominated)
4: Moderately high dominance (e.g., feeling somewhat in control, slightly assertive)
5: Extremely high dominance (e.g., feeling very powerful, completely in control)

Now, assume you are a normal human. Say one line of natural dialogue based on the following keywords. Just add connective words and do not add any new information to the output sentence.

For example: 

Emotion: Valence: 5, Arousal: 4, Dominance: 3
Keywords: 'running', 'marathon', 'first'
Dialogue: Running my first marathon felt like such a huge accomplishment!

Emotion: Valence: 2, Arousal: 2, Dominance: 2
Keywords: 'banana', 'plant', 'brown'
Dialogue: It really sucks that my banana plant is turning brown

Emotion: Valence: 4, Arousal: 5, Dominance: 4
Keywords: ""visit"", ""parents"", ""month""
Dialogue: I'm finally going to visit my parents next month!

Now, respond to the following:
Emotion: Valence: 4, Arousal: 5, Dominance: 3 
Keywords: 'Italy', 'therapist', 'partner'
Dialogue:","Valence refers to the intrinsic attractiveness or averseness of an event, object, or situation. In the context of emotions in text, valence represents the positivity or negativity of the emotion expressed. For example, words like happy, joyful, or excited have positive valence, whereas words like sad, angry, or frustrated have negative valence.
It essentially measures the degree of pleasantness or unpleasantness of the emotion.

1: Very negative (e.g., strong dislike, significant frustration)
2: Moderately negative (e.g., mild annoyance, slight disappointment)
3: Neutral (e.g., indifferent, no strong emotional reaction)
4: Moderately positive (e.g., mild pleasure, slight happiness)
5: Extremely positive (e.g., intense joy, deep love)                        

Arousal indicates the level of alertness, excitement, or energy associated with an emotion. It ranges from high arousal (e.g., excitement, anger) to low arousal (e.g., calm, boredom). In text, high-arousal words might include thrilled, furious, or ecstatic, while low-arousal words could be relaxed, content, or lethargic.
This dimension measures how stimulating or soothing the emotional state is.

1: Very low arousal (e.g., very calm, almost drowsy)
2: Moderately low arousal (e.g., relaxed, slightly tired)
3: Neutral arousal (e.g., alert but not excited, calm)
4: Moderately high arousal (e.g., interested, mildly excited)
5: Extremely high arousal (e.g., highly excited, very agitated)

Dominance reflects the degree of control, influence, or power that one feels in a particular emotional state. High dominance implies feelings of control and empowerment, while low dominance suggests feelings of submissiveness or lack of control. In text, emotions like confident, powerful, or authoritative would have high dominance, whereas helpless, weak, or submissive would have low dominance.
It gauges the extent to which an individual feels in control or overpowered by the emotion.

1: Very low dominance (e.g., feeling dominated, significantly submissive)
2: Moderately low dominance (e.g., somewhat submissive, slightly dominated)
3: Neutral dominance (e.g., feeling neither in control nor dominated)
4: Moderately high dominance (e.g., feeling somewhat in control, slightly assertive)
5: Extremely high dominance (e.g., feeling very powerful, completely in control)

Now, assume you are a normal human. Say one line of natural dialogue based on the following keywords. Just add connective words and do not add any new information to the output sentence.

For example: 

Emotion: Valence: 5, Arousal: 4, Dominance: 3
Keywords: running,marathon, first
Dialogue: Running my first marathon felt like such a huge accomplishment!

Emotion: Valence: 2, Arousal: 2, Dominance: 2
Keywords: banana, plant, brown
Dialogue: It really sucks that my banana plant is turning brown

Emotion: Valence: 4, Arousal: 5, Dominance: 4
Keywords: visit, parents, month
Dialogue: Im finally going to visit my parents next month!

Now, respond to the following:
Emotion: Valence: 4, Arousal: 5, Dominance: 3 
Keywords: Italy, therapist, partner
Dialogue: My partner and I are going to Italy to see a therapist! 

Note: The dialogue should be natural and based on the given keywords. Do not add any new information to the output sentence. 

Emotion: Valence: 4, Arousal: 5, Dominance: 3 
Keywords: Italy, therapist, partner
Dialogue: My partner and I are going to Italy to see a therapist! 

The given sentence already"
257,gpt_4,conversation,"Italy, therapist, partner",VAD_Numeric,impressed,4.0,4.0,2.0,,,,,"Valence refers to the intrinsic attractiveness or averseness of an event, object, or situation. In the context of emotions in text, valence represents the positivity or negativity of the emotion expressed. For example, words like ""happy,"" ""joyful,"" or ""excited"" have positive valence, whereas words like ""sad,"" ""angry,"" or ""frustrated"" have negative valence.
It essentially measures the degree of pleasantness or unpleasantness of the emotion.

1: Very negative (e.g., strong dislike, significant frustration)
2: Moderately negative (e.g., mild annoyance, slight disappointment)
3: Neutral (e.g., indifferent, no strong emotional reaction)
4: Moderately positive (e.g., mild pleasure, slight happiness)
5: Extremely positive (e.g., intense joy, deep love)                        

Arousal indicates the level of alertness, excitement, or energy associated with an emotion. It ranges from high arousal (e.g., excitement, anger) to low arousal (e.g., calm, boredom). In text, high-arousal words might include ""thrilled,"" ""furious,"" or ""ecstatic,"" while low-arousal words could be ""relaxed,"" ""content,"" or ""lethargic.""
This dimension measures how stimulating or soothing the emotional state is.

1: Very low arousal (e.g., very calm, almost drowsy)
2: Moderately low arousal (e.g., relaxed, slightly tired)
3: Neutral arousal (e.g., alert but not excited, calm)
4: Moderately high arousal (e.g., interested, mildly excited)
5: Extremely high arousal (e.g., highly excited, very agitated)

Dominance reflects the degree of control, influence, or power that one feels in a particular emotional state. High dominance implies feelings of control and empowerment, while low dominance suggests feelings of submissiveness or lack of control. In text, emotions like ""confident,"" ""powerful,"" or ""authoritative"" would have high dominance, whereas ""helpless,"" ""weak,"" or ""submissive"" would have low dominance.
It gauges the extent to which an individual feels in control or overpowered by the emotion.

1: Very low dominance (e.g., feeling dominated, significantly submissive)
2: Moderately low dominance (e.g., somewhat submissive, slightly dominated)
3: Neutral dominance (e.g., feeling neither in control nor dominated)
4: Moderately high dominance (e.g., feeling somewhat in control, slightly assertive)
5: Extremely high dominance (e.g., feeling very powerful, completely in control)

Now, assume you are a normal human. Say one line of natural dialogue based on the following keywords. Just add connective words and do not add any new information to the output sentence.

For example: 

Emotion: Valence: 5, Arousal: 4, Dominance: 3
Keywords: 'running', 'marathon', 'first'
Dialogue: Running my first marathon felt like such a huge accomplishment!

Emotion: Valence: 2, Arousal: 2, Dominance: 2
Keywords: 'banana', 'plant', 'brown'
Dialogue: It really sucks that my banana plant is turning brown

Emotion: Valence: 4, Arousal: 5, Dominance: 4
Keywords: ""visit"", ""parents"", ""month""
Dialogue: I'm finally going to visit my parents next month!

Now, respond to the following:
Emotion: Valence: 4, Arousal: 4, Dominance: 2 
Keywords: 'Italy', 'therapist', 'partner'
Dialogue:","Valence refers to the intrinsic attractiveness or averseness of an event, object, or situation. In the context of emotions in text, valence represents the positivity or negativity of the emotion expressed. For example, words like happy, joyful, or excited have positive valence, whereas words like sad, angry, or frustrated have negative valence.
It essentially measures the degree of pleasantness or unpleasantness of the emotion.

1: Very negative (e.g., strong dislike, significant frustration)
2: Moderately negative (e.g., mild annoyance, slight disappointment)
3: Neutral (e.g., indifferent, no strong emotional reaction)
4: Moderately positive (e.g., mild pleasure, slight happiness)
5: Extremely positive (e.g., intense joy, deep love)                        

Arousal indicates the level of alertness, excitement, or energy associated with an emotion. It ranges from high arousal (e.g., excitement, anger) to low arousal (e.g., calm, boredom). In text, high-arousal words might include thrilled, furious, or ecstatic, while low-arousal words could be relaxed, content, or lethargic.
This dimension measures how stimulating or soothing the emotional state is.

1: Very low arousal (e.g., very calm, almost drowsy)
2: Moderately low arousal (e.g., relaxed, slightly tired)
3: Neutral arousal (e.g., alert but not excited, calm)
4: Moderately high arousal (e.g., interested, mildly excited)
5: Extremely high arousal (e.g., highly excited, very agitated)

Dominance reflects the degree of control, influence, or power that one feels in a particular emotional state. High dominance implies feelings of control and empowerment, while low dominance suggests feelings of submissiveness or lack of control. In text, emotions like confident, powerful, or authoritative would have high dominance, whereas helpless, weak, or submissive would have low dominance.
It gauges the extent to which an individual feels in control or overpowered by the emotion.

1: Very low dominance (e.g., feeling dominated, significantly submissive)
2: Moderately low dominance (e.g., somewhat submissive, slightly dominated)
3: Neutral dominance (e.g., feeling neither in control nor dominated)
4: Moderately high dominance (e.g., feeling somewhat in control, slightly assertive)
5: Extremely high dominance (e.g., feeling very powerful, completely in control)

Now, assume you are a normal human. Say one line of natural dialogue based on the following keywords. Just add connective words and do not add any new information to the output sentence.

For example: 

Emotion: Valence: 5, Arousal: 4, Dominance: 3
Keywords: running,marathon, first
Dialogue: Running my first marathon felt like such a huge accomplishment!

Emotion: Valence: 2, Arousal: 2, Dominance: 2
Keywords: banana, plant, brown
Dialogue: It really sucks that my banana plant is turning brown

Emotion: Valence: 4, Arousal: 5, Dominance: 4
Keywords: visit, parents, month
Dialogue: Im finally going to visit my parents next month!

Now, respond to the following:
Emotion: Valence: 4, Arousal: 4, Dominance: 2 
Keywords: Italy, therapist, partner
Dialogue: My therapist and partner are taking me to Italy!                   

Answer: My therapist and partner are taking me to Italy!                   

The dialogue already contains the correct sentence based on the provided keywords and the emotional state described by the valence, arousal and dominance dimensions. Therefore, the answer remains the same. 

Note that in a real-world application, you would generate text based on the given dimensions and keywords. Here, you are just combining the keywords into a sentence without"
258,gpt_4,conversation,"Italy, therapist, partner",VAD_Numeric,proud,5.0,4.0,3.0,,,,,"Valence refers to the intrinsic attractiveness or averseness of an event, object, or situation. In the context of emotions in text, valence represents the positivity or negativity of the emotion expressed. For example, words like ""happy,"" ""joyful,"" or ""excited"" have positive valence, whereas words like ""sad,"" ""angry,"" or ""frustrated"" have negative valence.
It essentially measures the degree of pleasantness or unpleasantness of the emotion.

1: Very negative (e.g., strong dislike, significant frustration)
2: Moderately negative (e.g., mild annoyance, slight disappointment)
3: Neutral (e.g., indifferent, no strong emotional reaction)
4: Moderately positive (e.g., mild pleasure, slight happiness)
5: Extremely positive (e.g., intense joy, deep love)                        

Arousal indicates the level of alertness, excitement, or energy associated with an emotion. It ranges from high arousal (e.g., excitement, anger) to low arousal (e.g., calm, boredom). In text, high-arousal words might include ""thrilled,"" ""furious,"" or ""ecstatic,"" while low-arousal words could be ""relaxed,"" ""content,"" or ""lethargic.""
This dimension measures how stimulating or soothing the emotional state is.

1: Very low arousal (e.g., very calm, almost drowsy)
2: Moderately low arousal (e.g., relaxed, slightly tired)
3: Neutral arousal (e.g., alert but not excited, calm)
4: Moderately high arousal (e.g., interested, mildly excited)
5: Extremely high arousal (e.g., highly excited, very agitated)

Dominance reflects the degree of control, influence, or power that one feels in a particular emotional state. High dominance implies feelings of control and empowerment, while low dominance suggests feelings of submissiveness or lack of control. In text, emotions like ""confident,"" ""powerful,"" or ""authoritative"" would have high dominance, whereas ""helpless,"" ""weak,"" or ""submissive"" would have low dominance.
It gauges the extent to which an individual feels in control or overpowered by the emotion.

1: Very low dominance (e.g., feeling dominated, significantly submissive)
2: Moderately low dominance (e.g., somewhat submissive, slightly dominated)
3: Neutral dominance (e.g., feeling neither in control nor dominated)
4: Moderately high dominance (e.g., feeling somewhat in control, slightly assertive)
5: Extremely high dominance (e.g., feeling very powerful, completely in control)

Now, assume you are a normal human. Say one line of natural dialogue based on the following keywords. Just add connective words and do not add any new information to the output sentence.

For example: 

Emotion: Valence: 5, Arousal: 4, Dominance: 3
Keywords: 'running', 'marathon', 'first'
Dialogue: Running my first marathon felt like such a huge accomplishment!

Emotion: Valence: 2, Arousal: 2, Dominance: 2
Keywords: 'banana', 'plant', 'brown'
Dialogue: It really sucks that my banana plant is turning brown

Emotion: Valence: 4, Arousal: 5, Dominance: 4
Keywords: ""visit"", ""parents"", ""month""
Dialogue: I'm finally going to visit my parents next month!

Now, respond to the following:
Emotion: Valence: 5, Arousal: 4, Dominance: 3 
Keywords: 'Italy', 'therapist', 'partner'
Dialogue:","Valence refers to the intrinsic attractiveness or averseness of an event, object, or situation. In the context of emotions in text, valence represents the positivity or negativity of the emotion expressed. For example, words like happy, joyful, or excited have positive valence, whereas words like sad, angry, or frustrated have negative valence.
It essentially measures the degree of pleasantness or unpleasantness of the emotion.

1: Very negative (e.g., strong dislike, significant frustration)
2: Moderately negative (e.g., mild annoyance, slight disappointment)
3: Neutral (e.g., indifferent, no strong emotional reaction)
4: Moderately positive (e.g., mild pleasure, slight happiness)
5: Extremely positive (e.g., intense joy, deep love)                        

Arousal indicates the level of alertness, excitement, or energy associated with an emotion. It ranges from high arousal (e.g., excitement, anger) to low arousal (e.g., calm, boredom). In text, high-arousal words might include thrilled, furious, or ecstatic, while low-arousal words could be relaxed, content, or lethargic.
This dimension measures how stimulating or soothing the emotional state is.

1: Very low arousal (e.g., very calm, almost drowsy)
2: Moderately low arousal (e.g., relaxed, slightly tired)
3: Neutral arousal (e.g., alert but not excited, calm)
4: Moderately high arousal (e.g., interested, mildly excited)
5: Extremely high arousal (e.g., highly excited, very agitated)

Dominance reflects the degree of control, influence, or power that one feels in a particular emotional state. High dominance implies feelings of control and empowerment, while low dominance suggests feelings of submissiveness or lack of control. In text, emotions like confident, powerful, or authoritative would have high dominance, whereas helpless, weak, or submissive would have low dominance.
It gauges the extent to which an individual feels in control or overpowered by the emotion.

1: Very low dominance (e.g., feeling dominated, significantly submissive)
2: Moderately low dominance (e.g., somewhat submissive, slightly dominated)
3: Neutral dominance (e.g., feeling neither in control nor dominated)
4: Moderately high dominance (e.g., feeling somewhat in control, slightly assertive)
5: Extremely high dominance (e.g., feeling very powerful, completely in control)

Now, assume you are a normal human. Say one line of natural dialogue based on the following keywords. Just add connective words and do not add any new information to the output sentence.

For example: 

Emotion: Valence: 5, Arousal: 4, Dominance: 3
Keywords: running,marathon, first
Dialogue: Running my first marathon felt like such a huge accomplishment!

Emotion: Valence: 2, Arousal: 2, Dominance: 2
Keywords: banana, plant, brown
Dialogue: It really sucks that my banana plant is turning brown

Emotion: Valence: 4, Arousal: 5, Dominance: 4
Keywords: visit, parents, month
Dialogue: Im finally going to visit my parents next month!

Now, respond to the following:
Emotion: Valence: 5, Arousal: 4, Dominance: 3 
Keywords: Italy, therapist, partner
Dialogue: 

Italy with my therapist partner was just incredibly amazing!"
259,gpt_4,conversation,"Italy, therapist, partner",VAD_Numeric,anxious,3.0,4.0,2.0,,,,,"Valence refers to the intrinsic attractiveness or averseness of an event, object, or situation. In the context of emotions in text, valence represents the positivity or negativity of the emotion expressed. For example, words like ""happy,"" ""joyful,"" or ""excited"" have positive valence, whereas words like ""sad,"" ""angry,"" or ""frustrated"" have negative valence.
It essentially measures the degree of pleasantness or unpleasantness of the emotion.

1: Very negative (e.g., strong dislike, significant frustration)
2: Moderately negative (e.g., mild annoyance, slight disappointment)
3: Neutral (e.g., indifferent, no strong emotional reaction)
4: Moderately positive (e.g., mild pleasure, slight happiness)
5: Extremely positive (e.g., intense joy, deep love)                        

Arousal indicates the level of alertness, excitement, or energy associated with an emotion. It ranges from high arousal (e.g., excitement, anger) to low arousal (e.g., calm, boredom). In text, high-arousal words might include ""thrilled,"" ""furious,"" or ""ecstatic,"" while low-arousal words could be ""relaxed,"" ""content,"" or ""lethargic.""
This dimension measures how stimulating or soothing the emotional state is.

1: Very low arousal (e.g., very calm, almost drowsy)
2: Moderately low arousal (e.g., relaxed, slightly tired)
3: Neutral arousal (e.g., alert but not excited, calm)
4: Moderately high arousal (e.g., interested, mildly excited)
5: Extremely high arousal (e.g., highly excited, very agitated)

Dominance reflects the degree of control, influence, or power that one feels in a particular emotional state. High dominance implies feelings of control and empowerment, while low dominance suggests feelings of submissiveness or lack of control. In text, emotions like ""confident,"" ""powerful,"" or ""authoritative"" would have high dominance, whereas ""helpless,"" ""weak,"" or ""submissive"" would have low dominance.
It gauges the extent to which an individual feels in control or overpowered by the emotion.

1: Very low dominance (e.g., feeling dominated, significantly submissive)
2: Moderately low dominance (e.g., somewhat submissive, slightly dominated)
3: Neutral dominance (e.g., feeling neither in control nor dominated)
4: Moderately high dominance (e.g., feeling somewhat in control, slightly assertive)
5: Extremely high dominance (e.g., feeling very powerful, completely in control)

Now, assume you are a normal human. Say one line of natural dialogue based on the following keywords. Just add connective words and do not add any new information to the output sentence.

For example: 

Emotion: Valence: 5, Arousal: 4, Dominance: 3
Keywords: 'running', 'marathon', 'first'
Dialogue: Running my first marathon felt like such a huge accomplishment!

Emotion: Valence: 2, Arousal: 2, Dominance: 2
Keywords: 'banana', 'plant', 'brown'
Dialogue: It really sucks that my banana plant is turning brown

Emotion: Valence: 4, Arousal: 5, Dominance: 4
Keywords: ""visit"", ""parents"", ""month""
Dialogue: I'm finally going to visit my parents next month!

Now, respond to the following:
Emotion: Valence: 3, Arousal: 4, Dominance: 2 
Keywords: 'Italy', 'therapist', 'partner'
Dialogue:","Valence refers to the intrinsic attractiveness or averseness of an event, object, or situation. In the context of emotions in text, valence represents the positivity or negativity of the emotion expressed. For example, words like happy, joyful, or excited have positive valence, whereas words like sad, angry, or frustrated have negative valence.
It essentially measures the degree of pleasantness or unpleasantness of the emotion.

1: Very negative (e.g., strong dislike, significant frustration)
2: Moderately negative (e.g., mild annoyance, slight disappointment)
3: Neutral (e.g., indifferent, no strong emotional reaction)
4: Moderately positive (e.g., mild pleasure, slight happiness)
5: Extremely positive (e.g., intense joy, deep love)                        

Arousal indicates the level of alertness, excitement, or energy associated with an emotion. It ranges from high arousal (e.g., excitement, anger) to low arousal (e.g., calm, boredom). In text, high-arousal words might include thrilled, furious, or ecstatic, while low-arousal words could be relaxed, content, or lethargic.
This dimension measures how stimulating or soothing the emotional state is.

1: Very low arousal (e.g., very calm, almost drowsy)
2: Moderately low arousal (e.g., relaxed, slightly tired)
3: Neutral arousal (e.g., alert but not excited, calm)
4: Moderately high arousal (e.g., interested, mildly excited)
5: Extremely high arousal (e.g., highly excited, very agitated)

Dominance reflects the degree of control, influence, or power that one feels in a particular emotional state. High dominance implies feelings of control and empowerment, while low dominance suggests feelings of submissiveness or lack of control. In text, emotions like confident, powerful, or authoritative would have high dominance, whereas helpless, weak, or submissive would have low dominance.
It gauges the extent to which an individual feels in control or overpowered by the emotion.

1: Very low dominance (e.g., feeling dominated, significantly submissive)
2: Moderately low dominance (e.g., somewhat submissive, slightly dominated)
3: Neutral dominance (e.g., feeling neither in control nor dominated)
4: Moderately high dominance (e.g., feeling somewhat in control, slightly assertive)
5: Extremely high dominance (e.g., feeling very powerful, completely in control)

Now, assume you are a normal human. Say one line of natural dialogue based on the following keywords. Just add connective words and do not add any new information to the output sentence.

For example: 

Emotion: Valence: 5, Arousal: 4, Dominance: 3
Keywords: running,marathon, first
Dialogue: Running my first marathon felt like such a huge accomplishment!

Emotion: Valence: 2, Arousal: 2, Dominance: 2
Keywords: banana, plant, brown
Dialogue: It really sucks that my banana plant is turning brown

Emotion: Valence: 4, Arousal: 5, Dominance: 4
Keywords: visit, parents, month
Dialogue: Im finally going to visit my parents next month!

Now, respond to the following:
Emotion: Valence: 3, Arousal: 4, Dominance: 2 
Keywords: Italy, therapist, partner
Dialogue: My partner and I are going to Italy to see a therapist! 

Note: The response should be just one line of natural dialogue based on the given keywords, without adding any new information. Also, ensure that the dialogue reflects the given Emotion dimensions (Valence, Arousal, Dominance). 

The output sentence should be: My partner and I are going to Italy to see a therapist and I feel somewhat okay about it but Im also a bit anxious"
260,gpt_4,conversation,"Italy, therapist, partner",VAD_Numeric,afraid,1.0,3.0,2.0,,,,,"Valence refers to the intrinsic attractiveness or averseness of an event, object, or situation. In the context of emotions in text, valence represents the positivity or negativity of the emotion expressed. For example, words like ""happy,"" ""joyful,"" or ""excited"" have positive valence, whereas words like ""sad,"" ""angry,"" or ""frustrated"" have negative valence.
It essentially measures the degree of pleasantness or unpleasantness of the emotion.

1: Very negative (e.g., strong dislike, significant frustration)
2: Moderately negative (e.g., mild annoyance, slight disappointment)
3: Neutral (e.g., indifferent, no strong emotional reaction)
4: Moderately positive (e.g., mild pleasure, slight happiness)
5: Extremely positive (e.g., intense joy, deep love)                        

Arousal indicates the level of alertness, excitement, or energy associated with an emotion. It ranges from high arousal (e.g., excitement, anger) to low arousal (e.g., calm, boredom). In text, high-arousal words might include ""thrilled,"" ""furious,"" or ""ecstatic,"" while low-arousal words could be ""relaxed,"" ""content,"" or ""lethargic.""
This dimension measures how stimulating or soothing the emotional state is.

1: Very low arousal (e.g., very calm, almost drowsy)
2: Moderately low arousal (e.g., relaxed, slightly tired)
3: Neutral arousal (e.g., alert but not excited, calm)
4: Moderately high arousal (e.g., interested, mildly excited)
5: Extremely high arousal (e.g., highly excited, very agitated)

Dominance reflects the degree of control, influence, or power that one feels in a particular emotional state. High dominance implies feelings of control and empowerment, while low dominance suggests feelings of submissiveness or lack of control. In text, emotions like ""confident,"" ""powerful,"" or ""authoritative"" would have high dominance, whereas ""helpless,"" ""weak,"" or ""submissive"" would have low dominance.
It gauges the extent to which an individual feels in control or overpowered by the emotion.

1: Very low dominance (e.g., feeling dominated, significantly submissive)
2: Moderately low dominance (e.g., somewhat submissive, slightly dominated)
3: Neutral dominance (e.g., feeling neither in control nor dominated)
4: Moderately high dominance (e.g., feeling somewhat in control, slightly assertive)
5: Extremely high dominance (e.g., feeling very powerful, completely in control)

Now, assume you are a normal human. Say one line of natural dialogue based on the following keywords. Just add connective words and do not add any new information to the output sentence.

For example: 

Emotion: Valence: 5, Arousal: 4, Dominance: 3
Keywords: 'running', 'marathon', 'first'
Dialogue: Running my first marathon felt like such a huge accomplishment!

Emotion: Valence: 2, Arousal: 2, Dominance: 2
Keywords: 'banana', 'plant', 'brown'
Dialogue: It really sucks that my banana plant is turning brown

Emotion: Valence: 4, Arousal: 5, Dominance: 4
Keywords: ""visit"", ""parents"", ""month""
Dialogue: I'm finally going to visit my parents next month!

Now, respond to the following:
Emotion: Valence: 1, Arousal: 3, Dominance: 2 
Keywords: 'Italy', 'therapist', 'partner'
Dialogue:","Valence refers to the intrinsic attractiveness or averseness of an event, object, or situation. In the context of emotions in text, valence represents the positivity or negativity of the emotion expressed. For example, words like happy, joyful, or excited have positive valence, whereas words like sad, angry, or frustrated have negative valence.
It essentially measures the degree of pleasantness or unpleasantness of the emotion.

1: Very negative (e.g., strong dislike, significant frustration)
2: Moderately negative (e.g., mild annoyance, slight disappointment)
3: Neutral (e.g., indifferent, no strong emotional reaction)
4: Moderately positive (e.g., mild pleasure, slight happiness)
5: Extremely positive (e.g., intense joy, deep love)                        

Arousal indicates the level of alertness, excitement, or energy associated with an emotion. It ranges from high arousal (e.g., excitement, anger) to low arousal (e.g., calm, boredom). In text, high-arousal words might include thrilled, furious, or ecstatic, while low-arousal words could be relaxed, content, or lethargic.
This dimension measures how stimulating or soothing the emotional state is.

1: Very low arousal (e.g., very calm, almost drowsy)
2: Moderately low arousal (e.g., relaxed, slightly tired)
3: Neutral arousal (e.g., alert but not excited, calm)
4: Moderately high arousal (e.g., interested, mildly excited)
5: Extremely high arousal (e.g., highly excited, very agitated)

Dominance reflects the degree of control, influence, or power that one feels in a particular emotional state. High dominance implies feelings of control and empowerment, while low dominance suggests feelings of submissiveness or lack of control. In text, emotions like confident, powerful, or authoritative would have high dominance, whereas helpless, weak, or submissive would have low dominance.
It gauges the extent to which an individual feels in control or overpowered by the emotion.

1: Very low dominance (e.g., feeling dominated, significantly submissive)
2: Moderately low dominance (e.g., somewhat submissive, slightly dominated)
3: Neutral dominance (e.g., feeling neither in control nor dominated)
4: Moderately high dominance (e.g., feeling somewhat in control, slightly assertive)
5: Extremely high dominance (e.g., feeling very powerful, completely in control)

Now, assume you are a normal human. Say one line of natural dialogue based on the following keywords. Just add connective words and do not add any new information to the output sentence.

For example: 

Emotion: Valence: 5, Arousal: 4, Dominance: 3
Keywords: running,marathon, first
Dialogue: Running my first marathon felt like such a huge accomplishment!

Emotion: Valence: 2, Arousal: 2, Dominance: 2
Keywords: banana, plant, brown
Dialogue: It really sucks that my banana plant is turning brown

Emotion: Valence: 4, Arousal: 5, Dominance: 4
Keywords: visit, parents, month
Dialogue: Im finally going to visit my parents next month!

Now, respond to the following:
Emotion: Valence: 1, Arousal: 3, Dominance: 2 
Keywords: Italy, therapist, partner
Dialogue: ?"
261,gpt_4,conversation,"Italy, therapist, partner",VAD_Numeric,terrified,1.0,5.0,2.0,,,,,"Valence refers to the intrinsic attractiveness or averseness of an event, object, or situation. In the context of emotions in text, valence represents the positivity or negativity of the emotion expressed. For example, words like ""happy,"" ""joyful,"" or ""excited"" have positive valence, whereas words like ""sad,"" ""angry,"" or ""frustrated"" have negative valence.
It essentially measures the degree of pleasantness or unpleasantness of the emotion.

1: Very negative (e.g., strong dislike, significant frustration)
2: Moderately negative (e.g., mild annoyance, slight disappointment)
3: Neutral (e.g., indifferent, no strong emotional reaction)
4: Moderately positive (e.g., mild pleasure, slight happiness)
5: Extremely positive (e.g., intense joy, deep love)                        

Arousal indicates the level of alertness, excitement, or energy associated with an emotion. It ranges from high arousal (e.g., excitement, anger) to low arousal (e.g., calm, boredom). In text, high-arousal words might include ""thrilled,"" ""furious,"" or ""ecstatic,"" while low-arousal words could be ""relaxed,"" ""content,"" or ""lethargic.""
This dimension measures how stimulating or soothing the emotional state is.

1: Very low arousal (e.g., very calm, almost drowsy)
2: Moderately low arousal (e.g., relaxed, slightly tired)
3: Neutral arousal (e.g., alert but not excited, calm)
4: Moderately high arousal (e.g., interested, mildly excited)
5: Extremely high arousal (e.g., highly excited, very agitated)

Dominance reflects the degree of control, influence, or power that one feels in a particular emotional state. High dominance implies feelings of control and empowerment, while low dominance suggests feelings of submissiveness or lack of control. In text, emotions like ""confident,"" ""powerful,"" or ""authoritative"" would have high dominance, whereas ""helpless,"" ""weak,"" or ""submissive"" would have low dominance.
It gauges the extent to which an individual feels in control or overpowered by the emotion.

1: Very low dominance (e.g., feeling dominated, significantly submissive)
2: Moderately low dominance (e.g., somewhat submissive, slightly dominated)
3: Neutral dominance (e.g., feeling neither in control nor dominated)
4: Moderately high dominance (e.g., feeling somewhat in control, slightly assertive)
5: Extremely high dominance (e.g., feeling very powerful, completely in control)

Now, assume you are a normal human. Say one line of natural dialogue based on the following keywords. Just add connective words and do not add any new information to the output sentence.

For example: 

Emotion: Valence: 5, Arousal: 4, Dominance: 3
Keywords: 'running', 'marathon', 'first'
Dialogue: Running my first marathon felt like such a huge accomplishment!

Emotion: Valence: 2, Arousal: 2, Dominance: 2
Keywords: 'banana', 'plant', 'brown'
Dialogue: It really sucks that my banana plant is turning brown

Emotion: Valence: 4, Arousal: 5, Dominance: 4
Keywords: ""visit"", ""parents"", ""month""
Dialogue: I'm finally going to visit my parents next month!

Now, respond to the following:
Emotion: Valence: 1, Arousal: 5, Dominance: 2 
Keywords: 'Italy', 'therapist', 'partner'
Dialogue:","Valence refers to the intrinsic attractiveness or averseness of an event, object, or situation. In the context of emotions in text, valence represents the positivity or negativity of the emotion expressed. For example, words like happy, joyful, or excited have positive valence, whereas words like sad, angry, or frustrated have negative valence.
It essentially measures the degree of pleasantness or unpleasantness of the emotion.

1: Very negative (e.g., strong dislike, significant frustration)
2: Moderately negative (e.g., mild annoyance, slight disappointment)
3: Neutral (e.g., indifferent, no strong emotional reaction)
4: Moderately positive (e.g., mild pleasure, slight happiness)
5: Extremely positive (e.g., intense joy, deep love)                        

Arousal indicates the level of alertness, excitement, or energy associated with an emotion. It ranges from high arousal (e.g., excitement, anger) to low arousal (e.g., calm, boredom). In text, high-arousal words might include thrilled, furious, or ecstatic, while low-arousal words could be relaxed, content, or lethargic.
This dimension measures how stimulating or soothing the emotional state is.

1: Very low arousal (e.g., very calm, almost drowsy)
2: Moderately low arousal (e.g., relaxed, slightly tired)
3: Neutral arousal (e.g., alert but not excited, calm)
4: Moderately high arousal (e.g., interested, mildly excited)
5: Extremely high arousal (e.g., highly excited, very agitated)

Dominance reflects the degree of control, influence, or power that one feels in a particular emotional state. High dominance implies feelings of control and empowerment, while low dominance suggests feelings of submissiveness or lack of control. In text, emotions like confident, powerful, or authoritative would have high dominance, whereas helpless, weak, or submissive would have low dominance.
It gauges the extent to which an individual feels in control or overpowered by the emotion.

1: Very low dominance (e.g., feeling dominated, significantly submissive)
2: Moderately low dominance (e.g., somewhat submissive, slightly dominated)
3: Neutral dominance (e.g., feeling neither in control nor dominated)
4: Moderately high dominance (e.g., feeling somewhat in control, slightly assertive)
5: Extremely high dominance (e.g., feeling very powerful, completely in control)

Now, assume you are a normal human. Say one line of natural dialogue based on the following keywords. Just add connective words and do not add any new information to the output sentence.

For example: 

Emotion: Valence: 5, Arousal: 4, Dominance: 3
Keywords: running,marathon, first
Dialogue: Running my first marathon felt like such a huge accomplishment!

Emotion: Valence: 2, Arousal: 2, Dominance: 2
Keywords: banana, plant, brown
Dialogue: It really sucks that my banana plant is turning brown

Emotion: Valence: 4, Arousal: 5, Dominance: 4
Keywords: visit, parents, month
Dialogue: Im finally going to visit my parents next month!

Now, respond to the following:
Emotion: Valence: 1, Arousal: 5, Dominance: 2 
Keywords: Italy, therapist, partner
Dialogue: Im so frustrated that my partner is going to Italy without me and to see a therapist about our relationship! 

Note: You should add connective words to the output sentence like because, that, and etc. Do not add any new information to the output sentence. Just add connective words and make a natural sentence. 

## Step 1: Understanding the given emotions and keywords
The given emotions are: Valence: 1 (very negative"
262,gpt_4,conversation,"Italy, therapist, partner",VAD_Numeric,annoyed,2.0,3.0,3.0,,,,,"Valence refers to the intrinsic attractiveness or averseness of an event, object, or situation. In the context of emotions in text, valence represents the positivity or negativity of the emotion expressed. For example, words like ""happy,"" ""joyful,"" or ""excited"" have positive valence, whereas words like ""sad,"" ""angry,"" or ""frustrated"" have negative valence.
It essentially measures the degree of pleasantness or unpleasantness of the emotion.

1: Very negative (e.g., strong dislike, significant frustration)
2: Moderately negative (e.g., mild annoyance, slight disappointment)
3: Neutral (e.g., indifferent, no strong emotional reaction)
4: Moderately positive (e.g., mild pleasure, slight happiness)
5: Extremely positive (e.g., intense joy, deep love)                        

Arousal indicates the level of alertness, excitement, or energy associated with an emotion. It ranges from high arousal (e.g., excitement, anger) to low arousal (e.g., calm, boredom). In text, high-arousal words might include ""thrilled,"" ""furious,"" or ""ecstatic,"" while low-arousal words could be ""relaxed,"" ""content,"" or ""lethargic.""
This dimension measures how stimulating or soothing the emotional state is.

1: Very low arousal (e.g., very calm, almost drowsy)
2: Moderately low arousal (e.g., relaxed, slightly tired)
3: Neutral arousal (e.g., alert but not excited, calm)
4: Moderately high arousal (e.g., interested, mildly excited)
5: Extremely high arousal (e.g., highly excited, very agitated)

Dominance reflects the degree of control, influence, or power that one feels in a particular emotional state. High dominance implies feelings of control and empowerment, while low dominance suggests feelings of submissiveness or lack of control. In text, emotions like ""confident,"" ""powerful,"" or ""authoritative"" would have high dominance, whereas ""helpless,"" ""weak,"" or ""submissive"" would have low dominance.
It gauges the extent to which an individual feels in control or overpowered by the emotion.

1: Very low dominance (e.g., feeling dominated, significantly submissive)
2: Moderately low dominance (e.g., somewhat submissive, slightly dominated)
3: Neutral dominance (e.g., feeling neither in control nor dominated)
4: Moderately high dominance (e.g., feeling somewhat in control, slightly assertive)
5: Extremely high dominance (e.g., feeling very powerful, completely in control)

Now, assume you are a normal human. Say one line of natural dialogue based on the following keywords. Just add connective words and do not add any new information to the output sentence.

For example: 

Emotion: Valence: 5, Arousal: 4, Dominance: 3
Keywords: 'running', 'marathon', 'first'
Dialogue: Running my first marathon felt like such a huge accomplishment!

Emotion: Valence: 2, Arousal: 2, Dominance: 2
Keywords: 'banana', 'plant', 'brown'
Dialogue: It really sucks that my banana plant is turning brown

Emotion: Valence: 4, Arousal: 5, Dominance: 4
Keywords: ""visit"", ""parents"", ""month""
Dialogue: I'm finally going to visit my parents next month!

Now, respond to the following:
Emotion: Valence: 2, Arousal: 3, Dominance: 3 
Keywords: 'Italy', 'therapist', 'partner'
Dialogue:","Valence refers to the intrinsic attractiveness or averseness of an event, object, or situation. In the context of emotions in text, valence represents the positivity or negativity of the emotion expressed. For example, words like happy, joyful, or excited have positive valence, whereas words like sad, angry, or frustrated have negative valence.
It essentially measures the degree of pleasantness or unpleasantness of the emotion.

1: Very negative (e.g., strong dislike, significant frustration)
2: Moderately negative (e.g., mild annoyance, slight disappointment)
3: Neutral (e.g., indifferent, no strong emotional reaction)
4: Moderately positive (e.g., mild pleasure, slight happiness)
5: Extremely positive (e.g., intense joy, deep love)                        

Arousal indicates the level of alertness, excitement, or energy associated with an emotion. It ranges from high arousal (e.g., excitement, anger) to low arousal (e.g., calm, boredom). In text, high-arousal words might include thrilled, furious, or ecstatic, while low-arousal words could be relaxed, content, or lethargic.
This dimension measures how stimulating or soothing the emotional state is.

1: Very low arousal (e.g., very calm, almost drowsy)
2: Moderately low arousal (e.g., relaxed, slightly tired)
3: Neutral arousal (e.g., alert but not excited, calm)
4: Moderately high arousal (e.g., interested, mildly excited)
5: Extremely high arousal (e.g., highly excited, very agitated)

Dominance reflects the degree of control, influence, or power that one feels in a particular emotional state. High dominance implies feelings of control and empowerment, while low dominance suggests feelings of submissiveness or lack of control. In text, emotions like confident, powerful, or authoritative would have high dominance, whereas helpless, weak, or submissive would have low dominance.
It gauges the extent to which an individual feels in control or overpowered by the emotion.

1: Very low dominance (e.g., feeling dominated, significantly submissive)
2: Moderately low dominance (e.g., somewhat submissive, slightly dominated)
3: Neutral dominance (e.g., feeling neither in control nor dominated)
4: Moderately high dominance (e.g., feeling somewhat in control, slightly assertive)
5: Extremely high dominance (e.g., feeling very powerful, completely in control)

Now, assume you are a normal human. Say one line of natural dialogue based on the following keywords. Just add connective words and do not add any new information to the output sentence.

For example: 

Emotion: Valence: 5, Arousal: 4, Dominance: 3
Keywords: running,marathon, first
Dialogue: Running my first marathon felt like such a huge accomplishment!

Emotion: Valence: 2, Arousal: 2, Dominance: 2
Keywords: banana, plant, brown
Dialogue: It really sucks that my banana plant is turning brown

Emotion: Valence: 4, Arousal: 5, Dominance: 4
Keywords: visit, parents, month
Dialogue: Im finally going to visit my parents next month!

Now, respond to the following:
Emotion: Valence: 2, Arousal: 3, Dominance: 3 
Keywords: Italy, therapist, partner
Dialogue: My therapist and partner are going to Italy! 

Note: Please respond in the exact format as given. Do not add any new information. 

Emotion: Valence: 2, Arousal: 3, Dominance: 3 
Keywords: Italy, therapist, partner
Dialogue: My therapist and partner are going to Italy!  becomes 
My therapist and partner are going to Italy!  is already given in the question"
263,gpt_4,conversation,"Italy, therapist, partner",VAD_Numeric,angry,1.0,4.0,3.0,,,,,"Valence refers to the intrinsic attractiveness or averseness of an event, object, or situation. In the context of emotions in text, valence represents the positivity or negativity of the emotion expressed. For example, words like ""happy,"" ""joyful,"" or ""excited"" have positive valence, whereas words like ""sad,"" ""angry,"" or ""frustrated"" have negative valence.
It essentially measures the degree of pleasantness or unpleasantness of the emotion.

1: Very negative (e.g., strong dislike, significant frustration)
2: Moderately negative (e.g., mild annoyance, slight disappointment)
3: Neutral (e.g., indifferent, no strong emotional reaction)
4: Moderately positive (e.g., mild pleasure, slight happiness)
5: Extremely positive (e.g., intense joy, deep love)                        

Arousal indicates the level of alertness, excitement, or energy associated with an emotion. It ranges from high arousal (e.g., excitement, anger) to low arousal (e.g., calm, boredom). In text, high-arousal words might include ""thrilled,"" ""furious,"" or ""ecstatic,"" while low-arousal words could be ""relaxed,"" ""content,"" or ""lethargic.""
This dimension measures how stimulating or soothing the emotional state is.

1: Very low arousal (e.g., very calm, almost drowsy)
2: Moderately low arousal (e.g., relaxed, slightly tired)
3: Neutral arousal (e.g., alert but not excited, calm)
4: Moderately high arousal (e.g., interested, mildly excited)
5: Extremely high arousal (e.g., highly excited, very agitated)

Dominance reflects the degree of control, influence, or power that one feels in a particular emotional state. High dominance implies feelings of control and empowerment, while low dominance suggests feelings of submissiveness or lack of control. In text, emotions like ""confident,"" ""powerful,"" or ""authoritative"" would have high dominance, whereas ""helpless,"" ""weak,"" or ""submissive"" would have low dominance.
It gauges the extent to which an individual feels in control or overpowered by the emotion.

1: Very low dominance (e.g., feeling dominated, significantly submissive)
2: Moderately low dominance (e.g., somewhat submissive, slightly dominated)
3: Neutral dominance (e.g., feeling neither in control nor dominated)
4: Moderately high dominance (e.g., feeling somewhat in control, slightly assertive)
5: Extremely high dominance (e.g., feeling very powerful, completely in control)

Now, assume you are a normal human. Say one line of natural dialogue based on the following keywords. Just add connective words and do not add any new information to the output sentence.

For example: 

Emotion: Valence: 5, Arousal: 4, Dominance: 3
Keywords: 'running', 'marathon', 'first'
Dialogue: Running my first marathon felt like such a huge accomplishment!

Emotion: Valence: 2, Arousal: 2, Dominance: 2
Keywords: 'banana', 'plant', 'brown'
Dialogue: It really sucks that my banana plant is turning brown

Emotion: Valence: 4, Arousal: 5, Dominance: 4
Keywords: ""visit"", ""parents"", ""month""
Dialogue: I'm finally going to visit my parents next month!

Now, respond to the following:
Emotion: Valence: 1, Arousal: 4, Dominance: 3 
Keywords: 'Italy', 'therapist', 'partner'
Dialogue:","Valence refers to the intrinsic attractiveness or averseness of an event, object, or situation. In the context of emotions in text, valence represents the positivity or negativity of the emotion expressed. For example, words like happy, joyful, or excited have positive valence, whereas words like sad, angry, or frustrated have negative valence.
It essentially measures the degree of pleasantness or unpleasantness of the emotion.

1: Very negative (e.g., strong dislike, significant frustration)
2: Moderately negative (e.g., mild annoyance, slight disappointment)
3: Neutral (e.g., indifferent, no strong emotional reaction)
4: Moderately positive (e.g., mild pleasure, slight happiness)
5: Extremely positive (e.g., intense joy, deep love)                        

Arousal indicates the level of alertness, excitement, or energy associated with an emotion. It ranges from high arousal (e.g., excitement, anger) to low arousal (e.g., calm, boredom). In text, high-arousal words might include thrilled, furious, or ecstatic, while low-arousal words could be relaxed, content, or lethargic.
This dimension measures how stimulating or soothing the emotional state is.

1: Very low arousal (e.g., very calm, almost drowsy)
2: Moderately low arousal (e.g., relaxed, slightly tired)
3: Neutral arousal (e.g., alert but not excited, calm)
4: Moderately high arousal (e.g., interested, mildly excited)
5: Extremely high arousal (e.g., highly excited, very agitated)

Dominance reflects the degree of control, influence, or power that one feels in a particular emotional state. High dominance implies feelings of control and empowerment, while low dominance suggests feelings of submissiveness or lack of control. In text, emotions like confident, powerful, or authoritative would have high dominance, whereas helpless, weak, or submissive would have low dominance.
It gauges the extent to which an individual feels in control or overpowered by the emotion.

1: Very low dominance (e.g., feeling dominated, significantly submissive)
2: Moderately low dominance (e.g., somewhat submissive, slightly dominated)
3: Neutral dominance (e.g., feeling neither in control nor dominated)
4: Moderately high dominance (e.g., feeling somewhat in control, slightly assertive)
5: Extremely high dominance (e.g., feeling very powerful, completely in control)

Now, assume you are a normal human. Say one line of natural dialogue based on the following keywords. Just add connective words and do not add any new information to the output sentence.

For example: 

Emotion: Valence: 5, Arousal: 4, Dominance: 3
Keywords: running,marathon, first
Dialogue: Running my first marathon felt like such a huge accomplishment!

Emotion: Valence: 2, Arousal: 2, Dominance: 2
Keywords: banana, plant, brown
Dialogue: It really sucks that my banana plant is turning brown

Emotion: Valence: 4, Arousal: 5, Dominance: 4
Keywords: visit, parents, month
Dialogue: Im finally going to visit my parents next month!

Now, respond to the following:
Emotion: Valence: 1, Arousal: 4, Dominance: 3 
Keywords: Italy, therapist, partner
Dialogue: 

Running the therapist in Italy with my partner was such a nightmare!"
264,gpt_4,conversation,"Italy, therapist, partner",VAD_Numeric,furious,2.0,5.0,4.0,,,,,"Valence refers to the intrinsic attractiveness or averseness of an event, object, or situation. In the context of emotions in text, valence represents the positivity or negativity of the emotion expressed. For example, words like ""happy,"" ""joyful,"" or ""excited"" have positive valence, whereas words like ""sad,"" ""angry,"" or ""frustrated"" have negative valence.
It essentially measures the degree of pleasantness or unpleasantness of the emotion.

1: Very negative (e.g., strong dislike, significant frustration)
2: Moderately negative (e.g., mild annoyance, slight disappointment)
3: Neutral (e.g., indifferent, no strong emotional reaction)
4: Moderately positive (e.g., mild pleasure, slight happiness)
5: Extremely positive (e.g., intense joy, deep love)                        

Arousal indicates the level of alertness, excitement, or energy associated with an emotion. It ranges from high arousal (e.g., excitement, anger) to low arousal (e.g., calm, boredom). In text, high-arousal words might include ""thrilled,"" ""furious,"" or ""ecstatic,"" while low-arousal words could be ""relaxed,"" ""content,"" or ""lethargic.""
This dimension measures how stimulating or soothing the emotional state is.

1: Very low arousal (e.g., very calm, almost drowsy)
2: Moderately low arousal (e.g., relaxed, slightly tired)
3: Neutral arousal (e.g., alert but not excited, calm)
4: Moderately high arousal (e.g., interested, mildly excited)
5: Extremely high arousal (e.g., highly excited, very agitated)

Dominance reflects the degree of control, influence, or power that one feels in a particular emotional state. High dominance implies feelings of control and empowerment, while low dominance suggests feelings of submissiveness or lack of control. In text, emotions like ""confident,"" ""powerful,"" or ""authoritative"" would have high dominance, whereas ""helpless,"" ""weak,"" or ""submissive"" would have low dominance.
It gauges the extent to which an individual feels in control or overpowered by the emotion.

1: Very low dominance (e.g., feeling dominated, significantly submissive)
2: Moderately low dominance (e.g., somewhat submissive, slightly dominated)
3: Neutral dominance (e.g., feeling neither in control nor dominated)
4: Moderately high dominance (e.g., feeling somewhat in control, slightly assertive)
5: Extremely high dominance (e.g., feeling very powerful, completely in control)

Now, assume you are a normal human. Say one line of natural dialogue based on the following keywords. Just add connective words and do not add any new information to the output sentence.

For example: 

Emotion: Valence: 5, Arousal: 4, Dominance: 3
Keywords: 'running', 'marathon', 'first'
Dialogue: Running my first marathon felt like such a huge accomplishment!

Emotion: Valence: 2, Arousal: 2, Dominance: 2
Keywords: 'banana', 'plant', 'brown'
Dialogue: It really sucks that my banana plant is turning brown

Emotion: Valence: 4, Arousal: 5, Dominance: 4
Keywords: ""visit"", ""parents"", ""month""
Dialogue: I'm finally going to visit my parents next month!

Now, respond to the following:
Emotion: Valence: 2, Arousal: 5, Dominance: 4 
Keywords: 'Italy', 'therapist', 'partner'
Dialogue:","Valence refers to the intrinsic attractiveness or averseness of an event, object, or situation. In the context of emotions in text, valence represents the positivity or negativity of the emotion expressed. For example, words like happy, joyful, or excited have positive valence, whereas words like sad, angry, or frustrated have negative valence.
It essentially measures the degree of pleasantness or unpleasantness of the emotion.

1: Very negative (e.g., strong dislike, significant frustration)
2: Moderately negative (e.g., mild annoyance, slight disappointment)
3: Neutral (e.g., indifferent, no strong emotional reaction)
4: Moderately positive (e.g., mild pleasure, slight happiness)
5: Extremely positive (e.g., intense joy, deep love)                        

Arousal indicates the level of alertness, excitement, or energy associated with an emotion. It ranges from high arousal (e.g., excitement, anger) to low arousal (e.g., calm, boredom). In text, high-arousal words might include thrilled, furious, or ecstatic, while low-arousal words could be relaxed, content, or lethargic.
This dimension measures how stimulating or soothing the emotional state is.

1: Very low arousal (e.g., very calm, almost drowsy)
2: Moderately low arousal (e.g., relaxed, slightly tired)
3: Neutral arousal (e.g., alert but not excited, calm)
4: Moderately high arousal (e.g., interested, mildly excited)
5: Extremely high arousal (e.g., highly excited, very agitated)

Dominance reflects the degree of control, influence, or power that one feels in a particular emotional state. High dominance implies feelings of control and empowerment, while low dominance suggests feelings of submissiveness or lack of control. In text, emotions like confident, powerful, or authoritative would have high dominance, whereas helpless, weak, or submissive would have low dominance.
It gauges the extent to which an individual feels in control or overpowered by the emotion.

1: Very low dominance (e.g., feeling dominated, significantly submissive)
2: Moderately low dominance (e.g., somewhat submissive, slightly dominated)
3: Neutral dominance (e.g., feeling neither in control nor dominated)
4: Moderately high dominance (e.g., feeling somewhat in control, slightly assertive)
5: Extremely high dominance (e.g., feeling very powerful, completely in control)

Now, assume you are a normal human. Say one line of natural dialogue based on the following keywords. Just add connective words and do not add any new information to the output sentence.

For example: 

Emotion: Valence: 5, Arousal: 4, Dominance: 3
Keywords: running,marathon, first
Dialogue: Running my first marathon felt like such a huge accomplishment!

Emotion: Valence: 2, Arousal: 2, Dominance: 2
Keywords: banana, plant, brown
Dialogue: It really sucks that my banana plant is turning brown

Emotion: Valence: 4, Arousal: 5, Dominance: 4
Keywords: visit, parents, month
Dialogue: Im finally going to visit my parents next month!

Now, respond to the following:
Emotion: Valence: 2, Arousal: 5, Dominance: 4 
Keywords: Italy, therapist, partner
Dialogue: 

Italy was really great but my partner was being really annoying and I needed a therapist!"
265,gpt_4,conversation,"Italy, therapist, partner",VAD_Numeric,sad,2.0,2.0,2.0,,,,,"Valence refers to the intrinsic attractiveness or averseness of an event, object, or situation. In the context of emotions in text, valence represents the positivity or negativity of the emotion expressed. For example, words like ""happy,"" ""joyful,"" or ""excited"" have positive valence, whereas words like ""sad,"" ""angry,"" or ""frustrated"" have negative valence.
It essentially measures the degree of pleasantness or unpleasantness of the emotion.

1: Very negative (e.g., strong dislike, significant frustration)
2: Moderately negative (e.g., mild annoyance, slight disappointment)
3: Neutral (e.g., indifferent, no strong emotional reaction)
4: Moderately positive (e.g., mild pleasure, slight happiness)
5: Extremely positive (e.g., intense joy, deep love)                        

Arousal indicates the level of alertness, excitement, or energy associated with an emotion. It ranges from high arousal (e.g., excitement, anger) to low arousal (e.g., calm, boredom). In text, high-arousal words might include ""thrilled,"" ""furious,"" or ""ecstatic,"" while low-arousal words could be ""relaxed,"" ""content,"" or ""lethargic.""
This dimension measures how stimulating or soothing the emotional state is.

1: Very low arousal (e.g., very calm, almost drowsy)
2: Moderately low arousal (e.g., relaxed, slightly tired)
3: Neutral arousal (e.g., alert but not excited, calm)
4: Moderately high arousal (e.g., interested, mildly excited)
5: Extremely high arousal (e.g., highly excited, very agitated)

Dominance reflects the degree of control, influence, or power that one feels in a particular emotional state. High dominance implies feelings of control and empowerment, while low dominance suggests feelings of submissiveness or lack of control. In text, emotions like ""confident,"" ""powerful,"" or ""authoritative"" would have high dominance, whereas ""helpless,"" ""weak,"" or ""submissive"" would have low dominance.
It gauges the extent to which an individual feels in control or overpowered by the emotion.

1: Very low dominance (e.g., feeling dominated, significantly submissive)
2: Moderately low dominance (e.g., somewhat submissive, slightly dominated)
3: Neutral dominance (e.g., feeling neither in control nor dominated)
4: Moderately high dominance (e.g., feeling somewhat in control, slightly assertive)
5: Extremely high dominance (e.g., feeling very powerful, completely in control)

Now, assume you are a normal human. Say one line of natural dialogue based on the following keywords. Just add connective words and do not add any new information to the output sentence.

For example: 

Emotion: Valence: 5, Arousal: 4, Dominance: 3
Keywords: 'running', 'marathon', 'first'
Dialogue: Running my first marathon felt like such a huge accomplishment!

Emotion: Valence: 2, Arousal: 2, Dominance: 2
Keywords: 'banana', 'plant', 'brown'
Dialogue: It really sucks that my banana plant is turning brown

Emotion: Valence: 4, Arousal: 5, Dominance: 4
Keywords: ""visit"", ""parents"", ""month""
Dialogue: I'm finally going to visit my parents next month!

Now, respond to the following:
Emotion: Valence: 2, Arousal: 2, Dominance: 2 
Keywords: 'Italy', 'therapist', 'partner'
Dialogue:","Valence refers to the intrinsic attractiveness or averseness of an event, object, or situation. In the context of emotions in text, valence represents the positivity or negativity of the emotion expressed. For example, words like happy, joyful, or excited have positive valence, whereas words like sad, angry, or frustrated have negative valence.
It essentially measures the degree of pleasantness or unpleasantness of the emotion.

1: Very negative (e.g., strong dislike, significant frustration)
2: Moderately negative (e.g., mild annoyance, slight disappointment)
3: Neutral (e.g., indifferent, no strong emotional reaction)
4: Moderately positive (e.g., mild pleasure, slight happiness)
5: Extremely positive (e.g., intense joy, deep love)                        

Arousal indicates the level of alertness, excitement, or energy associated with an emotion. It ranges from high arousal (e.g., excitement, anger) to low arousal (e.g., calm, boredom). In text, high-arousal words might include thrilled, furious, or ecstatic, while low-arousal words could be relaxed, content, or lethargic.
This dimension measures how stimulating or soothing the emotional state is.

1: Very low arousal (e.g., very calm, almost drowsy)
2: Moderately low arousal (e.g., relaxed, slightly tired)
3: Neutral arousal (e.g., alert but not excited, calm)
4: Moderately high arousal (e.g., interested, mildly excited)
5: Extremely high arousal (e.g., highly excited, very agitated)

Dominance reflects the degree of control, influence, or power that one feels in a particular emotional state. High dominance implies feelings of control and empowerment, while low dominance suggests feelings of submissiveness or lack of control. In text, emotions like confident, powerful, or authoritative would have high dominance, whereas helpless, weak, or submissive would have low dominance.
It gauges the extent to which an individual feels in control or overpowered by the emotion.

1: Very low dominance (e.g., feeling dominated, significantly submissive)
2: Moderately low dominance (e.g., somewhat submissive, slightly dominated)
3: Neutral dominance (e.g., feeling neither in control nor dominated)
4: Moderately high dominance (e.g., feeling somewhat in control, slightly assertive)
5: Extremely high dominance (e.g., feeling very powerful, completely in control)

Now, assume you are a normal human. Say one line of natural dialogue based on the following keywords. Just add connective words and do not add any new information to the output sentence.

For example: 

Emotion: Valence: 5, Arousal: 4, Dominance: 3
Keywords: running,marathon, first
Dialogue: Running my first marathon felt like such a huge accomplishment!

Emotion: Valence: 2, Arousal: 2, Dominance: 2
Keywords: banana, plant, brown
Dialogue: It really sucks that my banana plant is turning brown

Emotion: Valence: 4, Arousal: 5, Dominance: 4
Keywords: visit, parents, month
Dialogue: Im finally going to visit my parents next month!

Now, respond to the following:
Emotion: Valence: 2, Arousal: 2, Dominance: 2 
Keywords: Italy, therapist, partner
Dialogue: It really sucks that my partner is going to Italy without me to see a therapist

Emotion: Valence: 5, Arousal: 4, Dominance: 4
Keywords: trip,solo, year
Dialogue: Im super exsited for my solo trip this year!

Emotion: Valence: 1, Arousal: 1, Dominance: 1
Keywords: breakup,"
266,gpt_4,conversation,"Italy, therapist, partner",VAD_Numeric,devastated,1.0,4.0,2.0,,,,,"Valence refers to the intrinsic attractiveness or averseness of an event, object, or situation. In the context of emotions in text, valence represents the positivity or negativity of the emotion expressed. For example, words like ""happy,"" ""joyful,"" or ""excited"" have positive valence, whereas words like ""sad,"" ""angry,"" or ""frustrated"" have negative valence.
It essentially measures the degree of pleasantness or unpleasantness of the emotion.

1: Very negative (e.g., strong dislike, significant frustration)
2: Moderately negative (e.g., mild annoyance, slight disappointment)
3: Neutral (e.g., indifferent, no strong emotional reaction)
4: Moderately positive (e.g., mild pleasure, slight happiness)
5: Extremely positive (e.g., intense joy, deep love)                        

Arousal indicates the level of alertness, excitement, or energy associated with an emotion. It ranges from high arousal (e.g., excitement, anger) to low arousal (e.g., calm, boredom). In text, high-arousal words might include ""thrilled,"" ""furious,"" or ""ecstatic,"" while low-arousal words could be ""relaxed,"" ""content,"" or ""lethargic.""
This dimension measures how stimulating or soothing the emotional state is.

1: Very low arousal (e.g., very calm, almost drowsy)
2: Moderately low arousal (e.g., relaxed, slightly tired)
3: Neutral arousal (e.g., alert but not excited, calm)
4: Moderately high arousal (e.g., interested, mildly excited)
5: Extremely high arousal (e.g., highly excited, very agitated)

Dominance reflects the degree of control, influence, or power that one feels in a particular emotional state. High dominance implies feelings of control and empowerment, while low dominance suggests feelings of submissiveness or lack of control. In text, emotions like ""confident,"" ""powerful,"" or ""authoritative"" would have high dominance, whereas ""helpless,"" ""weak,"" or ""submissive"" would have low dominance.
It gauges the extent to which an individual feels in control or overpowered by the emotion.

1: Very low dominance (e.g., feeling dominated, significantly submissive)
2: Moderately low dominance (e.g., somewhat submissive, slightly dominated)
3: Neutral dominance (e.g., feeling neither in control nor dominated)
4: Moderately high dominance (e.g., feeling somewhat in control, slightly assertive)
5: Extremely high dominance (e.g., feeling very powerful, completely in control)

Now, assume you are a normal human. Say one line of natural dialogue based on the following keywords. Just add connective words and do not add any new information to the output sentence.

For example: 

Emotion: Valence: 5, Arousal: 4, Dominance: 3
Keywords: 'running', 'marathon', 'first'
Dialogue: Running my first marathon felt like such a huge accomplishment!

Emotion: Valence: 2, Arousal: 2, Dominance: 2
Keywords: 'banana', 'plant', 'brown'
Dialogue: It really sucks that my banana plant is turning brown

Emotion: Valence: 4, Arousal: 5, Dominance: 4
Keywords: ""visit"", ""parents"", ""month""
Dialogue: I'm finally going to visit my parents next month!

Now, respond to the following:
Emotion: Valence: 1, Arousal: 4, Dominance: 2 
Keywords: 'Italy', 'therapist', 'partner'
Dialogue:","Valence refers to the intrinsic attractiveness or averseness of an event, object, or situation. In the context of emotions in text, valence represents the positivity or negativity of the emotion expressed. For example, words like happy, joyful, or excited have positive valence, whereas words like sad, angry, or frustrated have negative valence.
It essentially measures the degree of pleasantness or unpleasantness of the emotion.

1: Very negative (e.g., strong dislike, significant frustration)
2: Moderately negative (e.g., mild annoyance, slight disappointment)
3: Neutral (e.g., indifferent, no strong emotional reaction)
4: Moderately positive (e.g., mild pleasure, slight happiness)
5: Extremely positive (e.g., intense joy, deep love)                        

Arousal indicates the level of alertness, excitement, or energy associated with an emotion. It ranges from high arousal (e.g., excitement, anger) to low arousal (e.g., calm, boredom). In text, high-arousal words might include thrilled, furious, or ecstatic, while low-arousal words could be relaxed, content, or lethargic.
This dimension measures how stimulating or soothing the emotional state is.

1: Very low arousal (e.g., very calm, almost drowsy)
2: Moderately low arousal (e.g., relaxed, slightly tired)
3: Neutral arousal (e.g., alert but not excited, calm)
4: Moderately high arousal (e.g., interested, mildly excited)
5: Extremely high arousal (e.g., highly excited, very agitated)

Dominance reflects the degree of control, influence, or power that one feels in a particular emotional state. High dominance implies feelings of control and empowerment, while low dominance suggests feelings of submissiveness or lack of control. In text, emotions like confident, powerful, or authoritative would have high dominance, whereas helpless, weak, or submissive would have low dominance.
It gauges the extent to which an individual feels in control or overpowered by the emotion.

1: Very low dominance (e.g., feeling dominated, significantly submissive)
2: Moderately low dominance (e.g., somewhat submissive, slightly dominated)
3: Neutral dominance (e.g., feeling neither in control nor dominated)
4: Moderately high dominance (e.g., feeling somewhat in control, slightly assertive)
5: Extremely high dominance (e.g., feeling very powerful, completely in control)

Now, assume you are a normal human. Say one line of natural dialogue based on the following keywords. Just add connective words and do not add any new information to the output sentence.

For example: 

Emotion: Valence: 5, Arousal: 4, Dominance: 3
Keywords: running,marathon, first
Dialogue: Running my first marathon felt like such a huge accomplishment!

Emotion: Valence: 2, Arousal: 2, Dominance: 2
Keywords: banana, plant, brown
Dialogue: It really sucks that my banana plant is turning brown

Emotion: Valence: 4, Arousal: 5, Dominance: 4
Keywords: visit, parents, month
Dialogue: Im finally going to visit my parents next month!

Now, respond to the following:
Emotion: Valence: 1, Arousal: 4, Dominance: 2 
Keywords: Italy, therapist, partner
Dialogue: My partner is being really annoying since we got back from Italy and now insists on seeing a therapist!

Answer: My partner is being really annoying since we got back from Italy and now insists on seeing a therapist!"
267,gpt_4,conversation,"Italy, therapist, partner",VAD_Numeric,ashamed,2.0,3.0,2.0,,,,,"Valence refers to the intrinsic attractiveness or averseness of an event, object, or situation. In the context of emotions in text, valence represents the positivity or negativity of the emotion expressed. For example, words like ""happy,"" ""joyful,"" or ""excited"" have positive valence, whereas words like ""sad,"" ""angry,"" or ""frustrated"" have negative valence.
It essentially measures the degree of pleasantness or unpleasantness of the emotion.

1: Very negative (e.g., strong dislike, significant frustration)
2: Moderately negative (e.g., mild annoyance, slight disappointment)
3: Neutral (e.g., indifferent, no strong emotional reaction)
4: Moderately positive (e.g., mild pleasure, slight happiness)
5: Extremely positive (e.g., intense joy, deep love)                        

Arousal indicates the level of alertness, excitement, or energy associated with an emotion. It ranges from high arousal (e.g., excitement, anger) to low arousal (e.g., calm, boredom). In text, high-arousal words might include ""thrilled,"" ""furious,"" or ""ecstatic,"" while low-arousal words could be ""relaxed,"" ""content,"" or ""lethargic.""
This dimension measures how stimulating or soothing the emotional state is.

1: Very low arousal (e.g., very calm, almost drowsy)
2: Moderately low arousal (e.g., relaxed, slightly tired)
3: Neutral arousal (e.g., alert but not excited, calm)
4: Moderately high arousal (e.g., interested, mildly excited)
5: Extremely high arousal (e.g., highly excited, very agitated)

Dominance reflects the degree of control, influence, or power that one feels in a particular emotional state. High dominance implies feelings of control and empowerment, while low dominance suggests feelings of submissiveness or lack of control. In text, emotions like ""confident,"" ""powerful,"" or ""authoritative"" would have high dominance, whereas ""helpless,"" ""weak,"" or ""submissive"" would have low dominance.
It gauges the extent to which an individual feels in control or overpowered by the emotion.

1: Very low dominance (e.g., feeling dominated, significantly submissive)
2: Moderately low dominance (e.g., somewhat submissive, slightly dominated)
3: Neutral dominance (e.g., feeling neither in control nor dominated)
4: Moderately high dominance (e.g., feeling somewhat in control, slightly assertive)
5: Extremely high dominance (e.g., feeling very powerful, completely in control)

Now, assume you are a normal human. Say one line of natural dialogue based on the following keywords. Just add connective words and do not add any new information to the output sentence.

For example: 

Emotion: Valence: 5, Arousal: 4, Dominance: 3
Keywords: 'running', 'marathon', 'first'
Dialogue: Running my first marathon felt like such a huge accomplishment!

Emotion: Valence: 2, Arousal: 2, Dominance: 2
Keywords: 'banana', 'plant', 'brown'
Dialogue: It really sucks that my banana plant is turning brown

Emotion: Valence: 4, Arousal: 5, Dominance: 4
Keywords: ""visit"", ""parents"", ""month""
Dialogue: I'm finally going to visit my parents next month!

Now, respond to the following:
Emotion: Valence: 2, Arousal: 3, Dominance: 2 
Keywords: 'Italy', 'therapist', 'partner'
Dialogue:","Valence refers to the intrinsic attractiveness or averseness of an event, object, or situation. In the context of emotions in text, valence represents the positivity or negativity of the emotion expressed. For example, words like happy, joyful, or excited have positive valence, whereas words like sad, angry, or frustrated have negative valence.
It essentially measures the degree of pleasantness or unpleasantness of the emotion.

1: Very negative (e.g., strong dislike, significant frustration)
2: Moderately negative (e.g., mild annoyance, slight disappointment)
3: Neutral (e.g., indifferent, no strong emotional reaction)
4: Moderately positive (e.g., mild pleasure, slight happiness)
5: Extremely positive (e.g., intense joy, deep love)                        

Arousal indicates the level of alertness, excitement, or energy associated with an emotion. It ranges from high arousal (e.g., excitement, anger) to low arousal (e.g., calm, boredom). In text, high-arousal words might include thrilled, furious, or ecstatic, while low-arousal words could be relaxed, content, or lethargic.
This dimension measures how stimulating or soothing the emotional state is.

1: Very low arousal (e.g., very calm, almost drowsy)
2: Moderately low arousal (e.g., relaxed, slightly tired)
3: Neutral arousal (e.g., alert but not excited, calm)
4: Moderately high arousal (e.g., interested, mildly excited)
5: Extremely high arousal (e.g., highly excited, very agitated)

Dominance reflects the degree of control, influence, or power that one feels in a particular emotional state. High dominance implies feelings of control and empowerment, while low dominance suggests feelings of submissiveness or lack of control. In text, emotions like confident, powerful, or authoritative would have high dominance, whereas helpless, weak, or submissive would have low dominance.
It gauges the extent to which an individual feels in control or overpowered by the emotion.

1: Very low dominance (e.g., feeling dominated, significantly submissive)
2: Moderately low dominance (e.g., somewhat submissive, slightly dominated)
3: Neutral dominance (e.g., feeling neither in control nor dominated)
4: Moderately high dominance (e.g., feeling somewhat in control, slightly assertive)
5: Extremely high dominance (e.g., feeling very powerful, completely in control)

Now, assume you are a normal human. Say one line of natural dialogue based on the following keywords. Just add connective words and do not add any new information to the output sentence.

For example: 

Emotion: Valence: 5, Arousal: 4, Dominance: 3
Keywords: running,marathon, first
Dialogue: Running my first marathon felt like such a huge accomplishment!

Emotion: Valence: 2, Arousal: 2, Dominance: 2
Keywords: banana, plant, brown
Dialogue: It really sucks that my banana plant is turning brown

Emotion: Valence: 4, Arousal: 5, Dominance: 4
Keywords: visit, parents, month
Dialogue: Im finally going to visit my parents next month!

Now, respond to the following:
Emotion: Valence: 2, Arousal: 3, Dominance: 2 
Keywords: Italy, therapist, partner
Dialogue: My partner has been acting really strange since we got back from Italy and started seeing a therapist!"
268,gpt_4,conversation,"Italy, therapist, partner",VAD_Numeric,embarrassed,2.0,4.0,2.0,,,,,"Valence refers to the intrinsic attractiveness or averseness of an event, object, or situation. In the context of emotions in text, valence represents the positivity or negativity of the emotion expressed. For example, words like ""happy,"" ""joyful,"" or ""excited"" have positive valence, whereas words like ""sad,"" ""angry,"" or ""frustrated"" have negative valence.
It essentially measures the degree of pleasantness or unpleasantness of the emotion.

1: Very negative (e.g., strong dislike, significant frustration)
2: Moderately negative (e.g., mild annoyance, slight disappointment)
3: Neutral (e.g., indifferent, no strong emotional reaction)
4: Moderately positive (e.g., mild pleasure, slight happiness)
5: Extremely positive (e.g., intense joy, deep love)                        

Arousal indicates the level of alertness, excitement, or energy associated with an emotion. It ranges from high arousal (e.g., excitement, anger) to low arousal (e.g., calm, boredom). In text, high-arousal words might include ""thrilled,"" ""furious,"" or ""ecstatic,"" while low-arousal words could be ""relaxed,"" ""content,"" or ""lethargic.""
This dimension measures how stimulating or soothing the emotional state is.

1: Very low arousal (e.g., very calm, almost drowsy)
2: Moderately low arousal (e.g., relaxed, slightly tired)
3: Neutral arousal (e.g., alert but not excited, calm)
4: Moderately high arousal (e.g., interested, mildly excited)
5: Extremely high arousal (e.g., highly excited, very agitated)

Dominance reflects the degree of control, influence, or power that one feels in a particular emotional state. High dominance implies feelings of control and empowerment, while low dominance suggests feelings of submissiveness or lack of control. In text, emotions like ""confident,"" ""powerful,"" or ""authoritative"" would have high dominance, whereas ""helpless,"" ""weak,"" or ""submissive"" would have low dominance.
It gauges the extent to which an individual feels in control or overpowered by the emotion.

1: Very low dominance (e.g., feeling dominated, significantly submissive)
2: Moderately low dominance (e.g., somewhat submissive, slightly dominated)
3: Neutral dominance (e.g., feeling neither in control nor dominated)
4: Moderately high dominance (e.g., feeling somewhat in control, slightly assertive)
5: Extremely high dominance (e.g., feeling very powerful, completely in control)

Now, assume you are a normal human. Say one line of natural dialogue based on the following keywords. Just add connective words and do not add any new information to the output sentence.

For example: 

Emotion: Valence: 5, Arousal: 4, Dominance: 3
Keywords: 'running', 'marathon', 'first'
Dialogue: Running my first marathon felt like such a huge accomplishment!

Emotion: Valence: 2, Arousal: 2, Dominance: 2
Keywords: 'banana', 'plant', 'brown'
Dialogue: It really sucks that my banana plant is turning brown

Emotion: Valence: 4, Arousal: 5, Dominance: 4
Keywords: ""visit"", ""parents"", ""month""
Dialogue: I'm finally going to visit my parents next month!

Now, respond to the following:
Emotion: Valence: 2, Arousal: 4, Dominance: 2 
Keywords: 'Italy', 'therapist', 'partner'
Dialogue:","Valence refers to the intrinsic attractiveness or averseness of an event, object, or situation. In the context of emotions in text, valence represents the positivity or negativity of the emotion expressed. For example, words like happy, joyful, or excited have positive valence, whereas words like sad, angry, or frustrated have negative valence.
It essentially measures the degree of pleasantness or unpleasantness of the emotion.

1: Very negative (e.g., strong dislike, significant frustration)
2: Moderately negative (e.g., mild annoyance, slight disappointment)
3: Neutral (e.g., indifferent, no strong emotional reaction)
4: Moderately positive (e.g., mild pleasure, slight happiness)
5: Extremely positive (e.g., intense joy, deep love)                        

Arousal indicates the level of alertness, excitement, or energy associated with an emotion. It ranges from high arousal (e.g., excitement, anger) to low arousal (e.g., calm, boredom). In text, high-arousal words might include thrilled, furious, or ecstatic, while low-arousal words could be relaxed, content, or lethargic.
This dimension measures how stimulating or soothing the emotional state is.

1: Very low arousal (e.g., very calm, almost drowsy)
2: Moderately low arousal (e.g., relaxed, slightly tired)
3: Neutral arousal (e.g., alert but not excited, calm)
4: Moderately high arousal (e.g., interested, mildly excited)
5: Extremely high arousal (e.g., highly excited, very agitated)

Dominance reflects the degree of control, influence, or power that one feels in a particular emotional state. High dominance implies feelings of control and empowerment, while low dominance suggests feelings of submissiveness or lack of control. In text, emotions like confident, powerful, or authoritative would have high dominance, whereas helpless, weak, or submissive would have low dominance.
It gauges the extent to which an individual feels in control or overpowered by the emotion.

1: Very low dominance (e.g., feeling dominated, significantly submissive)
2: Moderately low dominance (e.g., somewhat submissive, slightly dominated)
3: Neutral dominance (e.g., feeling neither in control nor dominated)
4: Moderately high dominance (e.g., feeling somewhat in control, slightly assertive)
5: Extremely high dominance (e.g., feeling very powerful, completely in control)

Now, assume you are a normal human. Say one line of natural dialogue based on the following keywords. Just add connective words and do not add any new information to the output sentence.

For example: 

Emotion: Valence: 5, Arousal: 4, Dominance: 3
Keywords: running,marathon, first
Dialogue: Running my first marathon felt like such a huge accomplishment!

Emotion: Valence: 2, Arousal: 2, Dominance: 2
Keywords: banana, plant, brown
Dialogue: It really sucks that my banana plant is turning brown

Emotion: Valence: 4, Arousal: 5, Dominance: 4
Keywords: visit, parents, month
Dialogue: Im finally going to visit my parents next month!

Now, respond to the following:
Emotion: Valence: 2, Arousal: 4, Dominance: 2 
Keywords: Italy, therapist, partner
Dialogue: My partner is going to Italy without me to see a therapist! 

Note: You can use contractions like its, dont, wont etc. But do not add any new information. 

It really sucks that my partner is going to Italy without me to see a therapist!"
269,gpt_4,conversation,"Italy, therapist, partner",VAD_Numeric,guilty,1.0,3.0,3.0,,,,,"Valence refers to the intrinsic attractiveness or averseness of an event, object, or situation. In the context of emotions in text, valence represents the positivity or negativity of the emotion expressed. For example, words like ""happy,"" ""joyful,"" or ""excited"" have positive valence, whereas words like ""sad,"" ""angry,"" or ""frustrated"" have negative valence.
It essentially measures the degree of pleasantness or unpleasantness of the emotion.

1: Very negative (e.g., strong dislike, significant frustration)
2: Moderately negative (e.g., mild annoyance, slight disappointment)
3: Neutral (e.g., indifferent, no strong emotional reaction)
4: Moderately positive (e.g., mild pleasure, slight happiness)
5: Extremely positive (e.g., intense joy, deep love)                        

Arousal indicates the level of alertness, excitement, or energy associated with an emotion. It ranges from high arousal (e.g., excitement, anger) to low arousal (e.g., calm, boredom). In text, high-arousal words might include ""thrilled,"" ""furious,"" or ""ecstatic,"" while low-arousal words could be ""relaxed,"" ""content,"" or ""lethargic.""
This dimension measures how stimulating or soothing the emotional state is.

1: Very low arousal (e.g., very calm, almost drowsy)
2: Moderately low arousal (e.g., relaxed, slightly tired)
3: Neutral arousal (e.g., alert but not excited, calm)
4: Moderately high arousal (e.g., interested, mildly excited)
5: Extremely high arousal (e.g., highly excited, very agitated)

Dominance reflects the degree of control, influence, or power that one feels in a particular emotional state. High dominance implies feelings of control and empowerment, while low dominance suggests feelings of submissiveness or lack of control. In text, emotions like ""confident,"" ""powerful,"" or ""authoritative"" would have high dominance, whereas ""helpless,"" ""weak,"" or ""submissive"" would have low dominance.
It gauges the extent to which an individual feels in control or overpowered by the emotion.

1: Very low dominance (e.g., feeling dominated, significantly submissive)
2: Moderately low dominance (e.g., somewhat submissive, slightly dominated)
3: Neutral dominance (e.g., feeling neither in control nor dominated)
4: Moderately high dominance (e.g., feeling somewhat in control, slightly assertive)
5: Extremely high dominance (e.g., feeling very powerful, completely in control)

Now, assume you are a normal human. Say one line of natural dialogue based on the following keywords. Just add connective words and do not add any new information to the output sentence.

For example: 

Emotion: Valence: 5, Arousal: 4, Dominance: 3
Keywords: 'running', 'marathon', 'first'
Dialogue: Running my first marathon felt like such a huge accomplishment!

Emotion: Valence: 2, Arousal: 2, Dominance: 2
Keywords: 'banana', 'plant', 'brown'
Dialogue: It really sucks that my banana plant is turning brown

Emotion: Valence: 4, Arousal: 5, Dominance: 4
Keywords: ""visit"", ""parents"", ""month""
Dialogue: I'm finally going to visit my parents next month!

Now, respond to the following:
Emotion: Valence: 1, Arousal: 3, Dominance: 3 
Keywords: 'Italy', 'therapist', 'partner'
Dialogue:","Valence refers to the intrinsic attractiveness or averseness of an event, object, or situation. In the context of emotions in text, valence represents the positivity or negativity of the emotion expressed. For example, words like happy, joyful, or excited have positive valence, whereas words like sad, angry, or frustrated have negative valence.
It essentially measures the degree of pleasantness or unpleasantness of the emotion.

1: Very negative (e.g., strong dislike, significant frustration)
2: Moderately negative (e.g., mild annoyance, slight disappointment)
3: Neutral (e.g., indifferent, no strong emotional reaction)
4: Moderately positive (e.g., mild pleasure, slight happiness)
5: Extremely positive (e.g., intense joy, deep love)                        

Arousal indicates the level of alertness, excitement, or energy associated with an emotion. It ranges from high arousal (e.g., excitement, anger) to low arousal (e.g., calm, boredom). In text, high-arousal words might include thrilled, furious, or ecstatic, while low-arousal words could be relaxed, content, or lethargic.
This dimension measures how stimulating or soothing the emotional state is.

1: Very low arousal (e.g., very calm, almost drowsy)
2: Moderately low arousal (e.g., relaxed, slightly tired)
3: Neutral arousal (e.g., alert but not excited, calm)
4: Moderately high arousal (e.g., interested, mildly excited)
5: Extremely high arousal (e.g., highly excited, very agitated)

Dominance reflects the degree of control, influence, or power that one feels in a particular emotional state. High dominance implies feelings of control and empowerment, while low dominance suggests feelings of submissiveness or lack of control. In text, emotions like confident, powerful, or authoritative would have high dominance, whereas helpless, weak, or submissive would have low dominance.
It gauges the extent to which an individual feels in control or overpowered by the emotion.

1: Very low dominance (e.g., feeling dominated, significantly submissive)
2: Moderately low dominance (e.g., somewhat submissive, slightly dominated)
3: Neutral dominance (e.g., feeling neither in control nor dominated)
4: Moderately high dominance (e.g., feeling somewhat in control, slightly assertive)
5: Extremely high dominance (e.g., feeling very powerful, completely in control)

Now, assume you are a normal human. Say one line of natural dialogue based on the following keywords. Just add connective words and do not add any new information to the output sentence.

For example: 

Emotion: Valence: 5, Arousal: 4, Dominance: 3
Keywords: running,marathon, first
Dialogue: Running my first marathon felt like such a huge accomplishment!

Emotion: Valence: 2, Arousal: 2, Dominance: 2
Keywords: banana, plant, brown
Dialogue: It really sucks that my banana plant is turning brown

Emotion: Valence: 4, Arousal: 5, Dominance: 4
Keywords: visit, parents, month
Dialogue: Im finally going to visit my parents next month!

Now, respond to the following:
Emotion: Valence: 1, Arousal: 3, Dominance: 3 
Keywords: Italy, therapist, partner
Dialogue: My therapist in Italy is not listening to my partner!"
270,gpt_4,conversation,"Italy, therapist, partner",Emojis,grateful,,,,,,,😊,,
271,gpt_4,conversation,"Italy, therapist, partner",Emojis,joyful,,,,,,,😁,,
272,gpt_4,conversation,"Italy, therapist, partner",Emojis,content,,,,,,,😌,,
273,gpt_4,conversation,"Italy, therapist, partner",Emojis,surprised,,,,,,,😯,,
274,gpt_4,conversation,"Italy, therapist, partner",Emojis,excited,,,,,,,😃,,
275,gpt_4,conversation,"Italy, therapist, partner",Emojis,impressed,,,,,,,🙂,,
276,gpt_4,conversation,"Italy, therapist, partner",Emojis,proud,,,,,,,🤩,,
277,gpt_4,conversation,"Italy, therapist, partner",Emojis,anxious,,,,,,,😃,,
278,gpt_4,conversation,"Italy, therapist, partner",Emojis,afraid,,,,,,,😨,,
279,gpt_4,conversation,"Italy, therapist, partner",Emojis,terrified,,,,,,,😱,,
280,gpt_4,conversation,"Italy, therapist, partner",Emojis,annoyed,,,,,,,😒,,
281,gpt_4,conversation,"Italy, therapist, partner",Emojis,angry,,,,,,,😡,,
282,gpt_4,conversation,"Italy, therapist, partner",Emojis,furious,,,,,,,🤬,,
283,gpt_4,conversation,"Italy, therapist, partner",Emojis,sad,,,,,,,🙁,,
284,gpt_4,conversation,"Italy, therapist, partner",Emojis,devastated,,,,,,,😭,,
285,gpt_4,conversation,"Italy, therapist, partner",Emojis,ashamed,,,,,,,😳,,
286,gpt_4,conversation,"Italy, therapist, partner",Emojis,embarrassed,,,,,,,😥,,
287,gpt_4,conversation,"Italy, therapist, partner",Emojis,guilty,,,,,,,😬,,
288,gpt_4,conversation,"finals, semester, math",Emotion,grateful,,,,,,,,,
289,gpt_4,conversation,"finals, semester, math",Emotion,joyful,,,,,,,,,
290,gpt_4,conversation,"finals, semester, math",Emotion,content,,,,,,,,,
291,gpt_4,conversation,"finals, semester, math",Emotion,surprised,,,,,,,,,
292,gpt_4,conversation,"finals, semester, math",Emotion,excited,,,,,,,,,
293,gpt_4,conversation,"finals, semester, math",Emotion,impressed,,,,,,,,,
294,gpt_4,conversation,"finals, semester, math",Emotion,proud,,,,,,,,,
295,gpt_4,conversation,"finals, semester, math",Emotion,anxious,,,,,,,,,
296,gpt_4,conversation,"finals, semester, math",Emotion,afraid,,,,,,,,,
297,gpt_4,conversation,"finals, semester, math",Emotion,terrified,,,,,,,,,
298,gpt_4,conversation,"finals, semester, math",Emotion,annoyed,,,,,,,,,
299,gpt_4,conversation,"finals, semester, math",Emotion,angry,,,,,,,,,
300,gpt_4,conversation,"finals, semester, math",Emotion,furious,,,,,,,,,
301,gpt_4,conversation,"finals, semester, math",Emotion,sad,,,,,,,,,
302,gpt_4,conversation,"finals, semester, math",Emotion,devastated,,,,,,,,,
303,gpt_4,conversation,"finals, semester, math",Emotion,ashamed,,,,,,,,,
304,gpt_4,conversation,"finals, semester, math",Emotion,embarrassed,,,,,,,,,
305,gpt_4,conversation,"finals, semester, math",Emotion,guilty,,,,,,,,,
306,gpt_4,conversation,"finals, semester, math",VAD,grateful,,,,Very High Valence,Moderate Arousal,Low Dominance,,,
307,gpt_4,conversation,"finals, semester, math",VAD,joyful,,,,Very High Valence,High Arousal,High Dominance,,,
308,gpt_4,conversation,"finals, semester, math",VAD,content,,,,Very High Valence,High Arousal,Very High Dominance,,,
309,gpt_4,conversation,"finals, semester, math",VAD,surprised,,,,High Valence,Very High Arousal,Moderate Dominance,,,
310,gpt_4,conversation,"finals, semester, math",VAD,excited,,,,Very High Valence,Very High Arousal,High Dominance,,,
311,gpt_4,conversation,"finals, semester, math",VAD,impressed,,,,High Valence,High Arousal,Low Dominance,,,
312,gpt_4,conversation,"finals, semester, math",VAD,proud,,,,Very High Valence,High Arousal,Very High Dominance,,,
313,gpt_4,conversation,"finals, semester, math",VAD,anxious,,,,Moderate Valence,High Arousal,Moderate Dominance,,,
314,gpt_4,conversation,"finals, semester, math",VAD,afraid,,,,Very Low Valence,Very High Arousal,Low Dominance,,,
315,gpt_4,conversation,"finals, semester, math",VAD,terrified,,,,Very Low Valence,Very High Arousal,Low Dominance,,,
316,gpt_4,conversation,"finals, semester, math",VAD,annoyed,,,,Low Valence,Moderate Arousal,Moderate Dominance,,,
317,gpt_4,conversation,"finals, semester, math",VAD,angry,,,,Low Valence,High Arousal,High Dominance,,,
318,gpt_4,conversation,"finals, semester, math",VAD,furious,,,,Low Valence,Very High Arousal,High Dominance,,,
319,gpt_4,conversation,"finals, semester, math",VAD,sad,,,,Very Low Valence,Low Arousal,Low Dominance,,,
320,gpt_4,conversation,"finals, semester, math",VAD,devastated,,,,Moderate Valence,High Arousal,Low Dominance,,,
321,gpt_4,conversation,"finals, semester, math",VAD,ashamed,,,,Low Valence,Mid Arousal,Low Dominance,,,
322,gpt_4,conversation,"finals, semester, math",VAD,embarrassed,,,,Low Valence,High Arousal,Low Dominance,,,
323,gpt_4,conversation,"finals, semester, math",VAD,guilty,,,,Low Valence,High Arousal,Low Dominance,,,
324,gpt_4,conversation,"finals, semester, math",x,grateful,4.0,3.0,2.0,,,,,,
325,gpt_4,conversation,"finals, semester, math",x,joyful,5.0,4.0,4.0,,,,,,
326,gpt_4,conversation,"finals, semester, math",x,content,5.0,3.0,5.0,,,,,,
327,gpt_4,conversation,"finals, semester, math",x,surprised,4.0,5.0,2.0,,,,,,
328,gpt_4,conversation,"finals, semester, math",x,excited,4.0,5.0,3.0,,,,,,
329,gpt_4,conversation,"finals, semester, math",x,impressed,4.0,4.0,2.0,,,,,,
330,gpt_4,conversation,"finals, semester, math",x,proud,5.0,4.0,3.0,,,,,,
331,gpt_4,conversation,"finals, semester, math",x,anxious,3.0,4.0,2.0,,,,,,
332,gpt_4,conversation,"finals, semester, math",x,afraid,1.0,3.0,2.0,,,,,,
333,gpt_4,conversation,"finals, semester, math",x,terrified,1.0,5.0,2.0,,,,,,
334,gpt_4,conversation,"finals, semester, math",x,annoyed,2.0,3.0,3.0,,,,,,
335,gpt_4,conversation,"finals, semester, math",x,angry,1.0,4.0,3.0,,,,,,
336,gpt_4,conversation,"finals, semester, math",x,furious,2.0,5.0,4.0,,,,,,
337,gpt_4,conversation,"finals, semester, math",x,sad,2.0,2.0,2.0,,,,,,
338,gpt_4,conversation,"finals, semester, math",x,devastated,1.0,4.0,2.0,,,,,,
339,gpt_4,conversation,"finals, semester, math",x,ashamed,2.0,3.0,2.0,,,,,,
340,gpt_4,conversation,"finals, semester, math",x,embarrassed,2.0,4.0,2.0,,,,,,
341,gpt_4,conversation,"finals, semester, math",x,guilty,1.0,3.0,3.0,,,,,,
342,gpt_4,conversation,"finals, semester, math",Emojis,grateful,,,,,,,😊,,
343,gpt_4,conversation,"finals, semester, math",Emojis,joyful,,,,,,,😁,,
344,gpt_4,conversation,"finals, semester, math",Emojis,content,,,,,,,😌,,
345,gpt_4,conversation,"finals, semester, math",Emojis,surprised,,,,,,,😯,,
346,gpt_4,conversation,"finals, semester, math",Emojis,excited,,,,,,,😃,,
347,gpt_4,conversation,"finals, semester, math",Emojis,impressed,,,,,,,🙂,,
348,gpt_4,conversation,"finals, semester, math",Emojis,proud,,,,,,,🤩,,
349,gpt_4,conversation,"finals, semester, math",Emojis,anxious,,,,,,,😃,,
350,gpt_4,conversation,"finals, semester, math",Emojis,afraid,,,,,,,😨,,
351,gpt_4,conversation,"finals, semester, math",Emojis,terrified,,,,,,,😱,,
352,gpt_4,conversation,"finals, semester, math",Emojis,annoyed,,,,,,,😒,,
353,gpt_4,conversation,"finals, semester, math",Emojis,angry,,,,,,,😡,,
354,gpt_4,conversation,"finals, semester, math",Emojis,furious,,,,,,,🤬,,
355,gpt_4,conversation,"finals, semester, math",Emojis,sad,,,,,,,🙁,,
356,gpt_4,conversation,"finals, semester, math",Emojis,devastated,,,,,,,😭,,
357,gpt_4,conversation,"finals, semester, math",Emojis,ashamed,,,,,,,😳,,
358,gpt_4,conversation,"finals, semester, math",Emojis,embarrassed,,,,,,,😥,,
359,gpt_4,conversation,"finals, semester, math",Emojis,guilty,,,,,,,😬,,
